month,date,hour,peak_flat_valley,power_num,id,lstm
5,1,1,0,9742,39092,0.0
5,1,2,0,9617,39093,0.0
5,1,3,0,8202,39094,0.0
5,1,4,0,7766,39095,0.0
5,1,5,0,8764,39096,0.0
5,1,6,0,8751,39097,0.0
5,1,7,0,8606,39098,0.0
5,1,8,1,8354,39099,0.0
5,1,9,1,7937,39100,0.0
5,1,10,1,7045,39101,0.0
5,1,11,1,6380,39102,0.0
5,1,12,1,7020,39103,0.0
5,1,13,1,6797,39104,0.0
5,1,14,2,6900,39105,0.0
5,1,15,2,6634,39106,0.0
5,1,16,2,9058,39107,0.0
5,1,17,1,9307,39108,0.0
5,1,18,1,9415,39109,0.0
5,1,19,2,9747,39110,0.0
5,1,20,2,9764,39111,0.0
5,1,21,2,9686,39112,0.0
5,1,22,1,9695,39113,0.0
5,1,23,1,7406,39114,0.0
5,2,0,0,7977,39115,0.0
5,2,1,0,9669,39116,0.0
5,2,2,0,9947,39117,0.0
5,2,3,0,9804,39118,0.0
5,2,4,0,9782,39119,0.0
5,2,5,0,7645,39120,0.0
5,2,6,0,10059,39121,0.0
5,2,7,0,9835,39122,0.0
5,2,8,1,9330,39123,0.0
5,2,9,1,9380,39124,0.0
5,2,10,1,10327,39125,0.0
5,2,11,1,10301,39126,0.0
5,2,12,1,11661,39127,0.0
5,2,13,1,11632,39128,0.0
5,2,14,2,11535,39129,0.0
5,2,15,2,13004,39130,0.0
5,2,16,2,13343,39131,0.0
5,2,17,1,14035,39132,0.0
5,2,18,1,14731,39133,0.0
5,2,19,2,14811,39134,0.0
5,2,20,2,14419,39135,0.0
5,2,21,2,14898,39136,0.0
5,2,22,1,14983,39137,0.0
5,2,23,1,14784,39138,0.0
5,3,0,0,14463,39139,0.0
5,3,1,0,14752,39140,0.0
5,3,2,0,14567,39141,0.0
5,3,3,0,14454,39142,0.0
5,3,4,0,13948,39143,0.0
5,3,5,0,14229,39144,0.0
5,3,6,0,14278,39145,0.0
5,3,7,0,13863,39146,0.0
5,3,8,1,11268,39147,0.0
5,3,9,1,10545,39148,0.0
5,3,10,1,10459,39149,0.0
5,3,11,1,9863,39150,0.0
5,3,12,1,10620,39151,0.0
5,3,13,1,11020,39152,0.0
5,3,14,2,10938,39153,0.0
5,3,15,2,9930,39154,0.0
5,3,16,2,11573,39155,0.0
5,3,17,1,11451,39156,0.0
5,3,18,1,7867,39157,0.0
5,3,19,2,8131,39158,0.0
5,3,20,2,10546,39159,0.0
5,3,21,2,11509,39160,0.0
5,3,22,1,11774,39161,0.0
5,3,23,1,12370,39162,0.0
5,4,0,0,12752,39163,0.0
5,4,1,0,12857,39164,0.0
5,4,2,0,11729,39165,0.0
5,4,3,0,11936,39166,0.0
5,4,4,0,12185,39167,0.0
5,4,5,0,12344,39168,0.0
5,4,6,0,12737,39169,0.0
5,4,7,0,13961,39170,0.0
5,4,8,1,13956,39171,0.0
5,4,9,1,13825,39172,0.0
5,4,10,1,14007,39173,0.0
5,4,11,1,14268,39174,0.0
5,4,12,1,13269,39175,0.0
5,4,13,1,14541,39176,0.0
5,4,14,2,13758,39177,0.0
5,4,15,2,13680,39178,0.0
5,4,16,2,14534,39179,0.0
5,4,17,1,15044,39180,0.0
5,4,18,1,15885,39181,0.0
5,4,19,2,14583,39182,0.0
5,4,20,2,14425,39183,0.0
5,4,21,2,14598,39184,0.0
5,4,22,1,14888,39185,0.0
5,4,23,1,16289,39186,0.0
5,5,0,0,16127,39187,0.0
5,5,1,0,16246,39188,0.0
5,5,2,0,15656,39189,0.0
5,5,3,0,15577,39190,0.0
5,5,4,0,15895,39191,0.0
5,5,5,0,15896,39192,0.0
5,5,6,0,15771,39193,0.0
5,5,7,0,15478,39194,0.0
5,5,8,1,13971,39195,0.0
5,5,9,1,12829,39196,0.0
5,5,10,1,13441,39197,0.0
5,5,11,1,14010,39198,0.0
5,5,12,1,14510,39199,0.0
5,5,13,1,15697,39200,0.0
5,5,14,2,15721,39201,0.0
5,5,15,2,16722,39202,0.0
5,5,16,2,16757,39203,0.0
5,5,17,1,16109,39204,0.0
5,5,18,1,16009,39205,0.0
5,5,19,2,16098,39206,0.0
5,5,20,2,15815,39207,0.0
5,5,21,2,16583,39208,0.0
5,5,22,1,16683,39209,0.0
5,5,23,1,16330,39210,0.0
5,6,0,0,16851,39211,0.0
5,6,1,0,17396,39212,0.0
5,6,2,0,17665,39213,0.0
5,6,3,0,17856,39214,0.0
5,6,4,0,17456,39215,0.0
5,6,5,0,16708,39216,0.0
5,6,6,0,16450,39217,0.0
5,6,7,0,13462,39218,0.0
5,6,8,1,11815,39219,0.0
5,6,9,1,10586,39220,0.0
5,6,10,1,10481,39221,0.0
5,6,11,1,9829,39222,0.0
5,6,12,1,10118,39223,0.0
5,6,13,1,10696,39224,0.0
5,6,14,2,11373,39225,0.0
5,6,15,2,11787,39226,0.0
5,6,16,2,12257,39227,0.0
5,6,17,1,12573,39228,0.0
5,6,18,1,13338,39229,0.0
5,6,19,2,13380,39230,0.0
5,6,20,2,13175,39231,0.0
5,6,21,2,12261,39232,0.0
5,6,22,1,13164,39233,0.0
5,6,23,1,13522,39234,0.0
5,7,0,0,13326,39235,0.0
5,7,1,0,13589,39236,0.0
5,7,2,0,13577,39237,0.0
5,7,3,0,13460,39238,0.0
5,7,4,0,13176,39239,0.0
5,7,5,0,12107,39240,0.0
5,7,6,0,11671,39241,0.0
5,7,7,0,11527,39242,0.0
5,7,8,1,11325,39243,0.0
5,7,9,1,10068,39244,0.0
5,7,10,1,10776,39245,0.0
5,7,11,1,10850,39246,0.0
5,7,12,1,11000,39247,0.0
5,7,13,1,11095,39248,0.0
5,7,14,2,11040,39249,0.0
5,7,15,2,10751,39250,0.0
5,7,16,2,11140,39251,0.0
5,7,17,1,12106,39252,0.0
5,7,18,1,12472,39253,0.0
5,7,19,2,12183,39254,0.0
5,7,20,2,12065,39255,0.0
5,7,21,2,11965,39256,0.0
5,7,22,1,11782,39257,0.0
5,7,23,1,11749,39258,0.0
5,8,0,0,11277,39259,0.0
5,8,1,0,11470,39260,0.0
5,8,2,0,11499,39261,0.0
5,8,3,0,10811,39262,0.0
5,8,4,0,11322,39263,0.0
5,8,5,0,11133,39264,0.0
5,8,6,0,11149,39265,0.0
5,8,7,0,10825,39266,0.0
5,8,8,1,10297,39267,0.0
5,8,9,1,9971,39268,0.0
5,8,10,1,10006,39269,0.0
5,8,11,1,10193,39270,0.0
5,8,12,1,11449,39271,0.0
5,8,13,1,11531,39272,0.0
5,8,14,2,10973,39273,0.0
5,8,15,2,11607,39274,0.0
5,8,16,2,11436,39275,0.0
5,8,17,1,12062,39276,0.0
5,8,18,1,12285,39277,0.0
5,8,19,2,11961,39278,0.0
5,8,20,2,11605,39279,0.0
5,8,21,2,11694,39280,0.0
5,8,22,1,11527,39281,0.0
5,8,23,1,11697,39282,0.0
5,9,0,0,11520,39283,0.0
5,9,1,0,11731,39284,0.0
5,9,2,0,11757,39285,0.0
5,9,3,0,11689,39286,0.0
5,9,4,0,11644,39287,0.0
5,9,5,0,11287,39288,0.0
5,9,6,0,11144,39289,0.0
5,9,7,0,9575,39290,0.0
5,9,8,1,9387,39291,0.0
5,9,9,1,8629,39292,0.0
5,9,10,1,8339,39293,0.0
5,9,11,1,7789,39294,0.0
5,9,12,1,8186,39295,0.0
5,9,13,1,8624,39296,0.0
5,9,14,2,9899,39297,0.0
5,9,15,2,10495,39298,0.0
5,9,16,2,11238,39299,0.0
5,9,17,1,11844,39300,0.0
5,9,18,1,12545,39301,0.0
5,9,19,2,12724,39302,0.0
5,9,20,2,12309,39303,0.0
5,9,21,2,12597,39304,0.0
5,9,22,1,12583,39305,0.0
5,9,23,1,12457,39306,0.0
5,10,0,0,12360,39307,0.0
5,10,1,0,12576,39308,0.0
5,10,2,0,12550,39309,0.0
5,10,3,0,12501,39310,0.0
5,10,4,0,12199,39311,0.0
5,10,5,0,12197,39312,0.0
5,10,6,0,12055,39313,0.0
5,10,7,0,11766,39314,0.0
5,10,8,1,11186,39315,0.0
5,10,9,1,10223,39316,0.0
5,10,10,1,9263,39317,0.0
5,10,11,1,9660,39318,0.0
5,10,12,1,10307,39319,0.0
5,10,13,1,11467,39320,0.0
5,10,14,2,12497,39321,0.0
5,10,15,2,12264,39322,0.0
5,10,16,2,12770,39323,0.0
5,10,17,1,13506,39324,0.0
5,10,18,1,13798,39325,0.0
5,10,19,2,14063,39326,0.0
5,10,20,2,13979,39327,0.0
5,10,21,2,13739,39328,0.0
5,10,22,1,14136,39329,0.0
5,10,23,1,13938,39330,0.0
5,11,0,0,13564,39331,0.0
5,11,1,0,12602,39332,0.0
5,11,2,0,12636,39333,0.0
5,11,3,0,12771,39334,0.0
5,11,4,0,13396,39335,0.0
5,11,5,0,14028,39336,0.0
5,11,6,0,14061,39337,0.0
5,11,7,0,13134,39338,0.0
5,11,8,1,12473,39339,0.0
5,11,9,1,10974,39340,0.0
5,11,10,1,10937,39341,0.0
5,11,11,1,11310,39342,0.0
5,11,12,1,11410,39343,0.0
5,11,13,1,10330,39344,0.0
5,11,14,2,11394,39345,0.0
5,11,15,2,11675,39346,0.0
5,11,16,2,12625,39347,0.0
5,11,17,1,13743,39348,0.0
5,11,18,1,14181,39349,0.0
5,11,19,2,14050,39350,0.0
5,11,20,2,14214,39351,0.0
5,11,21,2,14079,39352,0.0
5,11,22,1,14058,39353,0.0
5,11,23,1,14258,39354,0.0
5,12,0,0,14089,39355,0.0
5,12,1,0,14171,39356,0.0
5,12,2,0,13960,39357,0.0
5,12,3,0,14422,39358,0.0
5,12,4,0,13904,39359,0.0
5,12,5,0,13984,39360,0.0
5,12,6,0,14047,39361,0.0
5,12,7,0,14031,39362,0.0
5,12,8,1,13387,39363,0.0
5,12,9,1,13186,39364,0.0
5,12,10,1,12350,39365,0.0
5,12,11,1,12077,39366,0.0
5,12,12,1,10907,39367,0.0
5,12,13,1,11438,39368,0.0
5,12,14,2,11999,39369,0.0
5,12,15,2,11168,39370,0.0
5,12,16,2,10498,39371,0.0
5,12,17,1,11030,39372,0.0
5,12,18,1,11643,39373,0.0
5,12,19,2,11414,39374,0.0
5,12,20,2,11605,39375,0.0
5,12,21,2,11525,39376,0.0
5,12,22,1,11928,39377,0.0
5,12,23,1,12309,39378,0.0
5,13,0,0,12248,39379,0.0
5,13,1,0,12832,39380,0.0
5,13,2,0,12712,39381,0.0
5,13,3,0,12454,39382,0.0
5,13,4,0,12752,39383,0.0
5,13,5,0,12799,39384,0.0
5,13,6,0,12246,39385,0.0
5,13,7,0,11293,39386,0.0
5,13,8,1,11538,39387,0.0
5,13,9,1,12595,39388,0.0
5,13,10,1,12595,39389,0.0
5,13,11,1,12729,39390,0.0
5,13,12,1,12779,39391,0.0
5,13,13,1,13854,39392,0.0
5,13,14,2,13736,39393,0.0
5,13,15,2,14122,39394,0.0
5,13,16,2,14607,39395,0.0
5,13,17,1,15323,39396,0.0
5,13,18,1,15136,39397,0.0
5,13,19,2,15105,39398,0.0
5,13,20,2,14879,39399,0.0
5,13,21,2,15503,39400,0.0
5,13,22,1,15614,39401,0.0
5,13,23,1,15949,39402,0.0
5,14,0,0,15351,39403,0.0
5,14,1,0,15746,39404,0.0
5,14,2,0,15662,39405,0.0
5,14,3,0,16018,39406,0.0
5,14,4,0,14897,39407,0.0
5,14,5,0,14173,39408,0.0
5,14,6,0,14454,39409,0.0
5,14,7,0,13667,39410,0.0
5,14,8,1,13238,39411,0.0
5,14,9,1,13064,39412,0.0
5,14,10,1,12088,39413,0.0
5,14,11,1,12544,39414,0.0
5,14,12,1,13044,39415,0.0
5,14,13,1,14141,39416,0.0
5,14,14,2,13385,39417,0.0
5,14,15,2,13831,39418,0.0
5,14,16,2,14879,39419,0.0
5,14,17,1,15075,39420,0.0
5,14,18,1,15504,39421,0.0
5,14,19,2,15498,39422,0.0
5,14,20,2,15057,39423,0.0
5,14,21,2,14739,39424,0.0
5,14,22,1,15252,39425,0.0
5,14,23,1,15123,39426,0.0
5,15,0,0,14720,39427,0.0
5,15,1,0,13996,39428,0.0
5,15,2,0,13293,39429,0.0
5,15,3,0,13706,39430,0.0
5,15,4,0,13657,39431,0.0
5,15,5,0,14653,39432,0.0
5,15,6,0,14401,39433,0.0
5,15,7,0,14138,39434,0.0
5,15,8,1,13902,39435,0.0
5,15,9,1,13166,39436,0.0
5,15,10,1,12900,39437,0.0
5,15,11,1,13090,39438,0.0
5,15,12,1,13726,39439,0.0
5,15,13,1,14399,39440,0.0
5,15,14,2,14214,39441,0.0
5,15,15,2,14412,39442,0.0
5,15,16,2,14865,39443,0.0
5,15,17,1,15238,39444,0.0
5,15,18,1,15558,39445,0.0
5,15,19,2,15603,39446,0.0
5,15,20,2,15554,39447,0.0
5,15,21,2,13958,39448,0.0
5,15,22,1,13423,39449,0.0
5,15,23,1,13838,39450,0.0
5,16,0,0,14038,39451,0.0
5,16,1,0,14755,39452,0.0
5,16,2,0,15327,39453,0.0
5,16,3,0,14992,39454,0.0
5,16,4,0,15145,39455,0.0
5,16,5,0,14916,39456,0.0
5,16,6,0,14651,39457,0.0
5,16,7,0,13799,39458,0.0
5,16,8,1,14132,39459,0.0
5,16,9,1,13245,39460,0.0
5,16,10,1,12175,39461,0.0
5,16,11,1,11939,39462,0.0
5,16,12,1,11923,39463,0.0
5,16,13,1,12431,39464,0.0
5,16,14,2,12970,39465,0.0
5,16,15,2,12357,39466,0.0
5,16,16,2,13003,39467,0.0
5,16,17,1,13762,39468,0.0
5,16,18,1,14677,39469,0.0
5,16,19,2,13312,39470,0.0
5,16,20,2,13141,39471,0.0
5,16,21,2,13501,39472,0.0
5,16,22,1,13021,39473,0.0
5,16,23,1,12537,39474,0.0
5,17,0,0,12718,39475,0.0
5,17,1,0,12711,39476,0.0
5,17,2,0,12844,39477,0.0
5,17,3,0,13389,39478,0.0
5,17,4,0,12878,39479,0.0
5,17,5,0,12760,39480,0.0
5,17,6,0,12612,39481,0.0
5,17,7,0,11359,39482,0.0
5,17,8,1,11404,39483,0.0
5,17,9,1,10733,39484,0.0
5,17,10,1,10966,39485,0.0
5,17,11,1,10876,39486,0.0
5,17,12,1,10862,39487,0.0
5,17,13,1,10315,39488,0.0
5,17,14,2,10553,39489,0.0
5,17,15,2,11473,39490,0.0
5,17,16,2,11646,39491,0.0
5,17,17,1,13749,39492,0.0
5,17,18,1,14647,39493,0.0
5,17,19,2,14509,39494,0.0
5,17,20,2,14175,39495,0.0
5,17,21,2,14570,39496,0.0
5,17,22,1,14866,39497,0.0
5,17,23,1,14862,39498,0.0
5,18,0,0,14606,39499,0.0
5,18,1,0,14659,39500,0.0
5,18,2,0,13889,39501,0.0
5,18,3,0,14299,39502,0.0
5,18,4,0,14771,39503,0.0
5,18,5,0,15178,39504,0.0
5,18,6,0,14864,39505,0.0
5,18,7,0,14613,39506,0.0
5,18,8,1,14076,39507,0.0
5,18,9,1,14625,39508,0.0
5,18,10,1,14357,39509,0.0
5,18,11,1,13488,39510,0.0
5,18,12,1,14122,39511,0.0
5,18,13,1,14334,39512,0.0
5,18,14,2,15088,39513,0.0
5,18,15,2,15677,39514,0.0
5,18,16,2,16114,39515,0.0
5,18,17,1,16795,39516,0.0
5,18,18,1,17108,39517,0.0
5,18,19,2,16416,39518,0.0
5,18,20,2,16143,39519,0.0
5,18,21,2,16541,39520,0.0
5,18,22,1,16635,39521,0.0
5,18,23,1,16633,39522,0.0
5,19,0,0,16415,39523,0.0
5,19,1,0,16459,39524,0.0
5,19,2,0,16451,39525,0.0
5,19,3,0,16611,39526,0.0
5,19,4,0,16649,39527,0.0
5,19,5,0,14998,39528,0.0
5,19,6,0,14678,39529,0.0
5,19,7,0,14249,39530,0.0
5,19,8,1,13433,39531,0.0
5,19,9,1,13319,39532,0.0
5,19,10,1,15201,39533,0.0
5,19,11,1,15145,39534,0.0
5,19,12,1,15337,39535,0.0
5,19,13,1,15036,39536,0.0
5,19,14,2,14406,39537,0.0
5,19,15,2,15466,39538,0.0
5,19,16,2,16208,39539,0.0
5,19,17,1,16637,39540,0.0
5,19,18,1,16812,39541,0.0
5,19,19,2,16430,39542,0.0
5,19,20,2,15911,39543,0.0
5,19,21,2,16419,39544,0.0
5,19,22,1,16927,39545,0.0
5,19,23,1,16758,39546,0.0
5,20,0,0,16626,39547,0.0
5,20,1,0,16613,39548,0.0
5,20,2,0,16746,39549,0.0
5,20,3,0,16874,39550,0.0
5,20,4,0,16919,39551,0.0
5,20,5,0,16452,39552,0.0
5,20,6,0,15990,39553,0.0
5,20,7,0,14984,39554,0.0
5,20,8,1,14087,39555,0.0
5,20,9,1,12555,39556,0.0
5,20,10,1,11381,39557,0.0
5,20,11,1,11008,39558,0.0
5,20,12,1,11164,39559,0.0
5,20,13,1,11495,39560,0.0
5,20,14,2,12211,39561,0.0
5,20,15,2,13278,39562,0.0
5,20,16,2,13647,39563,0.0
5,20,17,1,14703,39564,0.0
5,20,18,1,15075,39565,0.0
5,20,19,2,15357,39566,0.0
5,20,20,2,14636,39567,0.0
5,20,21,2,14276,39568,0.0
5,20,22,1,14205,39569,0.0
5,20,23,1,14689,39570,0.0
5,21,0,0,14585,39571,0.0
5,21,1,0,14887,39572,0.0
5,21,2,0,15066,39573,0.0
5,21,3,0,14869,39574,0.0
5,21,4,0,15577,39575,0.0
5,21,5,0,15315,39576,0.0
5,21,6,0,15706,39577,0.0
5,21,7,0,15177,39578,0.0
5,21,8,1,15607,39579,0.0
5,21,9,1,15551,39580,0.0
5,21,10,1,15873,39581,0.0
5,21,11,1,16305,39582,0.0
5,21,12,1,15975,39583,0.0
5,21,13,1,16126,39584,0.0
5,21,14,2,17226,39585,0.0
5,21,15,2,17105,39586,0.0
5,21,16,2,17505,39587,0.0
5,21,17,1,17644,39588,0.0
5,21,18,1,18564,39589,0.0
5,21,19,2,18448,39590,0.0
5,21,20,2,18023,39591,0.0
5,21,21,2,17690,39592,0.0
5,21,22,1,18374,39593,0.0
5,21,23,1,18189,39594,0.0
5,22,0,0,17815,39595,0.0
5,22,1,0,18169,39596,0.0
5,22,2,0,18227,39597,0.0
5,22,3,0,18001,39598,0.0
5,22,4,0,17993,39599,0.0
5,22,5,0,18343,39600,0.0
5,22,6,0,17709,39601,0.0
5,22,7,0,16478,39602,0.0
5,22,8,1,14311,39603,0.0
5,22,9,1,13270,39604,0.0
5,22,10,1,12768,39605,0.0
5,22,11,1,12407,39606,0.0
5,22,12,1,11042,39607,0.0
5,22,13,1,11177,39608,0.0
5,22,14,2,11864,39609,0.0
5,22,15,2,13077,39610,0.0
5,22,16,2,14269,39611,0.0
5,22,17,1,14957,39612,0.0
5,22,18,1,15524,39613,0.0
5,22,19,2,15870,39614,0.0
5,22,20,2,15959,39615,0.0
5,22,21,2,16753,39616,0.0
5,22,22,1,16709,39617,0.0
5,22,23,1,17492,39618,0.0
5,23,0,0,17747,39619,0.0
5,23,1,0,18140,39620,0.0
5,23,2,0,18282,39621,0.0
5,23,3,0,18314,39622,0.0
5,23,4,0,17804,39623,0.0
5,23,5,0,17319,39624,0.0
5,23,6,0,17334,39625,0.0
5,23,7,0,17138,39626,0.0
5,23,8,1,17134,39627,0.0
5,23,9,1,17613,39628,0.0
5,23,10,1,17326,39629,0.0
5,23,11,1,17683,39630,0.0
5,23,12,1,17607,39631,0.0
5,23,13,1,17639,39632,0.0
5,23,14,2,17031,39633,0.0
5,23,15,2,17709,39634,0.0
5,23,16,2,18376,39635,0.0
5,23,17,1,18416,39636,0.0
5,23,18,1,18710,39637,0.0
5,23,19,2,19562,39638,0.0
5,23,20,2,19125,39639,0.0
5,23,21,2,19143,39640,0.0
5,23,22,1,19065,39641,0.0
5,23,23,1,18945,39642,0.0
5,24,0,0,18695,39643,0.0
5,24,1,0,18991,39644,0.0
5,24,2,0,17985,39645,0.0
5,24,3,0,17082,39646,0.0
5,24,4,0,16219,39647,0.0
5,24,5,0,15927,39648,0.0
5,24,6,0,16315,39649,0.0
5,24,7,0,16256,39650,0.0
5,24,8,1,16274,39651,0.0
5,24,9,1,16197,39652,0.0
5,24,10,1,15997,39653,0.0
5,24,11,1,16251,39654,0.0
5,24,12,1,16225,39655,0.0
5,24,13,1,16182,39656,0.0
5,24,14,2,15616,39657,0.0
5,24,15,2,15679,39658,0.0
5,24,16,2,15168,39659,0.0
5,24,17,1,15519,39660,0.0
5,24,18,1,15843,39661,0.0
5,24,19,2,15921,39662,0.0
5,24,20,2,15822,39663,0.0
5,24,21,2,15354,39664,0.0
5,24,22,1,15797,39665,0.0
5,24,23,1,15838,39666,0.0
5,25,0,0,15394,39667,0.0
5,25,1,0,15413,39668,0.0
5,25,2,0,15067,39669,0.0
5,25,3,0,15790,39670,0.0
5,25,4,0,15853,39671,0.0
5,25,5,0,16211,39672,0.0
5,25,6,0,16099,39673,0.0
5,25,7,0,15703,39674,0.0
5,25,8,1,14825,39675,0.0
5,25,9,1,13468,39676,0.0
5,25,10,1,14281,39677,0.0
5,25,11,1,13435,39678,0.0
5,25,12,1,12928,39679,0.0
5,25,13,1,13041,39680,0.0
5,25,14,2,12655,39681,0.0
5,25,15,2,13607,39682,0.0
5,25,16,2,14919,39683,0.0
5,25,17,1,15549,39684,0.0
5,25,18,1,15367,39685,0.0
5,25,19,2,15469,39686,0.0
5,25,20,2,15868,39687,0.0
5,25,21,2,16541,39688,0.0
5,25,22,1,16807,39689,0.0
5,25,23,1,16384,39690,0.0
5,26,0,0,15928,39691,0.0
5,26,1,0,16649,39692,0.0
5,26,2,0,16794,39693,0.0
5,26,3,0,16715,39694,0.0
5,26,4,0,16380,39695,0.0
5,26,5,0,16441,39696,0.0
5,26,6,0,16152,39697,0.0
5,26,7,0,15775,39698,0.0
5,26,8,1,15653,39699,0.0
5,26,9,1,15210,39700,0.0
5,26,10,1,15731,39701,0.0
5,26,11,1,15702,39702,0.0
5,26,12,1,15627,39703,0.0
5,26,13,1,15028,39704,0.0
5,26,14,2,16334,39705,0.0
5,26,15,2,16792,39706,0.0
5,26,16,2,17582,39707,0.0
5,26,17,1,18088,39708,0.0
5,26,18,1,18322,39709,0.0
5,26,19,2,18121,39710,0.0
5,26,20,2,18458,39711,0.0
5,26,21,2,18153,39712,0.0
5,26,22,1,17675,39713,0.0
5,26,23,1,18250,39714,0.0
5,27,0,0,18125,39715,0.0
5,27,1,0,18441,39716,0.0
5,27,2,0,18087,39717,0.0
5,27,3,0,18161,39718,0.0
5,27,4,0,18032,39719,0.0
5,27,5,0,18118,39720,0.0
5,27,6,0,17845,39721,0.0
5,27,7,0,17664,39722,0.0
5,27,8,1,15657,39723,0.0
5,27,9,1,14620,39724,0.0
5,27,10,1,14024,39725,0.0
5,27,11,1,14437,39726,0.0
5,27,12,1,14680,39727,0.0
5,27,13,1,15055,39728,0.0
5,27,14,2,15608,39729,0.0
5,27,15,2,16206,39730,0.0
5,27,16,2,17034,39731,0.0
5,27,17,1,17357,39732,0.0
5,27,18,1,17964,39733,0.0
5,27,19,2,18161,39734,0.0
5,27,20,2,18858,39735,0.0
5,27,21,2,19269,39736,0.0
5,27,22,1,18953,39737,0.0
5,27,23,1,19057,39738,0.0
5,28,0,0,18400,39739,0.0
5,28,1,0,17237,39740,0.0
5,28,2,0,17294,39741,0.0
5,28,3,0,17151,39742,0.0
5,28,4,0,17167,39743,0.0
5,28,5,0,17763,39744,0.0
5,28,6,0,18142,39745,0.0
5,28,7,0,17878,39746,0.0
5,28,8,1,16828,39747,0.0
5,28,9,1,16180,39748,0.0
5,28,10,1,15813,39749,0.0
5,28,11,1,15940,39750,0.0
5,28,12,1,15574,39751,0.0
5,28,13,1,16014,39752,0.0
5,28,14,2,17085,39753,0.0
5,28,15,2,17631,39754,0.0
5,28,16,2,18351,39755,0.0
5,28,17,1,19035,39756,0.0
5,28,18,1,19993,39757,0.0
5,28,19,2,19904,39758,0.0
5,28,20,2,20296,39759,0.0
5,28,21,2,20217,39760,0.0
5,28,22,1,20132,39761,0.0
5,28,23,1,20108,39762,0.0
5,29,0,0,19097,39763,0.0
5,29,1,0,18390,39764,0.0
5,29,2,0,18155,39765,0.0
5,29,3,0,17963,39766,0.0
5,29,4,0,18355,39767,0.0
5,29,5,0,18266,39768,0.0
5,29,6,0,17573,39769,0.0
5,29,7,0,15072,39770,0.0
5,29,8,1,13070,39771,0.0
5,29,9,1,12553,39772,0.0
5,29,10,1,11115,39773,0.0
5,29,11,1,11107,39774,0.0
5,29,12,1,10948,39775,0.0
5,29,13,1,10636,39776,0.0
5,29,14,2,11261,39777,0.0
5,29,15,2,11909,39778,0.0
5,29,16,2,12984,39779,0.0
5,29,17,1,12827,39780,0.0
5,29,18,1,12124,39781,0.0
5,29,19,2,11568,39782,0.0
5,29,20,2,11411,39783,0.0
5,29,21,2,11513,39784,0.0
5,29,22,1,12147,39785,0.0
5,29,23,1,12709,39786,0.0
5,30,0,0,13182,39787,0.0
5,30,1,0,13266,39788,0.0
5,30,2,0,12654,39789,0.0
5,30,3,0,12719,39790,0.0
5,30,4,0,13224,39791,0.0
5,30,5,0,12958,39792,0.0
5,30,6,0,12731,39793,0.0
5,30,7,0,12171,39794,0.0
5,30,8,1,11780,39795,0.0
5,30,9,1,10813,39796,0.0
5,30,10,1,11352,39797,0.0
5,30,11,1,10465,39798,0.0
5,30,12,1,11030,39799,0.0
5,30,13,1,11401,39800,0.0
5,30,14,2,10683,39801,0.0
5,30,15,2,11348,39802,0.0
5,30,16,2,12325,39803,0.0
5,30,17,1,12511,39804,0.0
5,30,18,1,12299,39805,0.0
5,30,19,2,12618,39806,0.0
5,30,20,2,12666,39807,0.0
5,30,21,2,13269,39808,0.0
5,30,22,1,13174,39809,0.0
5,30,23,1,13057,39810,0.0
5,31,0,0,13327,39811,0.0
5,31,1,0,13485,39812,0.0
5,31,2,0,13709,39813,0.0
5,31,3,0,13486,39814,0.0
5,31,4,0,13612,39815,0.0
5,31,5,0,12566,39816,0.0
5,31,6,0,11581,39817,0.0
5,31,7,0,9995,39818,0.0
5,31,8,1,9825,39819,0.0
5,31,9,1,10890,39820,0.0
5,31,10,1,10558,39821,0.0
5,31,11,1,10817,39822,0.0
5,31,12,1,12718,39823,0.0
5,31,13,1,13638,39824,0.0
5,31,14,2,14343,39825,0.0
5,31,15,2,15400,39826,0.0
5,31,16,2,15198,39827,0.0
5,31,17,1,16395,39828,0.0
5,31,18,1,17317,39829,0.0
5,31,19,2,17504,39830,0.0
5,31,20,2,17974,39831,0.0
5,31,21,2,18425,39832,0.0
5,31,22,1,19326,39833,0.0
5,31,23,1,19432,39834,0.0
6,1,0,0,19327,39835,0.0
6,1,1,0,19259,39836,0.0
6,1,2,0,19276,39837,0.0
6,1,3,0,19213,39838,0.0
6,1,4,0,19577,39839,0.0
6,1,5,0,19600,39840,0.0
6,1,6,0,19364,39841,0.0
6,1,7,0,18777,39842,0.0
6,1,8,1,17792,39843,0.0
6,1,9,1,16099,39844,0.0
6,1,10,1,15479,39845,0.0
6,1,11,1,15703,39846,0.0
6,1,12,1,16212,39847,0.0
6,1,13,1,16809,39848,0.0
6,1,14,2,16559,39849,0.0
6,1,15,2,17031,39850,0.0
6,1,16,2,17586,39851,0.0
6,1,17,1,18666,39852,0.0
6,1,18,1,18898,39853,0.0
6,1,19,2,18420,39854,0.0
6,1,20,2,18246,39855,0.0
6,1,21,2,18457,39856,0.0
6,1,22,1,18694,39857,0.0
6,1,23,1,18621,39858,0.0
6,2,0,0,18331,39859,0.0
6,2,1,0,18502,39860,0.0
6,2,2,0,18337,39861,0.0
6,2,3,0,18289,39862,0.0
6,2,4,0,17960,39863,0.0
6,2,5,0,18284,39864,0.0
6,2,6,0,18205,39865,0.0
6,2,7,0,17347,39866,0.0
6,2,8,1,16609,39867,0.0
6,2,9,1,16052,39868,0.0
6,2,10,1,16382,39869,0.0
6,2,11,1,17069,39870,0.0
6,2,12,1,17026,39871,0.0
6,2,13,1,16784,39872,0.0
6,2,14,2,16115,39873,0.0
6,2,15,2,16776,39874,0.0
6,2,16,2,17854,39875,0.0
6,2,17,1,18151,39876,0.0
6,2,18,1,17094,39877,0.0
6,2,19,2,16607,39878,0.0
6,2,20,2,17032,39879,0.0
6,2,21,2,17715,39880,0.0
6,2,22,1,18179,39881,0.0
6,2,23,1,18133,39882,0.0
6,3,0,0,17064,39883,0.0
6,3,1,0,17614,39884,0.0
6,3,2,0,17840,39885,0.0
6,3,3,0,18677,39886,0.0
6,3,4,0,18670,39887,0.0
6,3,5,0,18583,39888,0.0
6,3,6,0,18397,39889,0.0
6,3,7,0,17949,39890,0.0
6,3,8,1,17288,39891,0.0
6,3,9,1,17832,39892,0.0
6,3,10,1,18677,39893,0.0
6,3,11,1,17898,39894,0.0
6,3,12,1,15479,39895,0.0
6,3,13,1,19560,39896,0.0
6,3,14,2,17409,39897,0.0
6,3,15,2,17998,39898,0.0
6,3,16,2,17562,39899,0.0
6,3,17,1,18480,39900,0.0
6,3,18,1,18841,39901,0.0
6,3,19,2,17188,39902,0.0
6,3,20,2,16908,39903,0.0
6,3,21,2,17601,39904,0.0
6,3,22,1,17553,39905,0.0
6,3,23,1,17987,39906,0.0
6,4,0,0,17615,39907,0.0
6,4,1,0,17905,39908,0.0
6,4,2,0,18380,39909,0.0
6,4,3,0,18255,39910,0.0
6,4,4,0,18093,39911,0.0
6,4,5,0,18182,39912,0.0
6,4,6,0,18214,39913,0.0
6,4,7,0,18164,39914,0.0
6,4,8,1,15394,39915,0.0
6,4,9,1,14349,39916,0.0
6,4,10,1,14147,39917,0.0
6,4,11,1,14029,39918,0.0
6,4,12,1,12815,39919,0.0
6,4,13,1,13233,39920,0.0
6,4,14,2,13762,39921,0.0
6,4,15,2,13341,39922,0.0
6,4,16,2,13246,39923,0.0
6,4,17,1,13014,39924,0.0
6,4,18,1,14161,39925,0.0
6,4,19,2,15001,39926,0.0
6,4,20,2,15010,39927,0.0
6,4,21,2,15120,39928,0.0
6,4,22,1,15869,39929,0.0
6,4,23,1,16036,39930,0.0
6,5,0,0,17245,39931,0.0
6,5,1,0,17971,39932,0.0
6,5,2,0,18477,39933,0.0
6,5,3,0,18356,39934,0.0
6,5,4,0,18552,39935,0.0
6,5,5,0,18253,39936,0.0
6,5,6,0,18472,39937,0.0
6,5,7,0,16752,39938,0.0
6,5,8,1,16316,39939,0.0
6,5,9,1,16405,39940,0.0
6,5,10,1,15937,39941,0.0
6,5,11,1,15844,39942,0.0
6,5,12,1,15598,39943,0.0
6,5,13,1,13794,39944,0.0
6,5,14,2,14727,39945,0.0
6,5,15,2,15874,39946,0.0
6,5,16,2,16945,39947,0.0
6,5,17,1,18086,39948,0.0
6,5,18,1,18466,39949,0.0
6,5,19,2,18389,39950,0.0
6,5,20,2,18359,39951,0.0
6,5,21,2,19097,39952,0.0
6,5,22,1,18720,39953,0.0
6,5,23,1,18303,39954,0.0
6,6,0,0,17571,39955,0.0
6,6,1,0,18000,39956,0.0
6,6,2,0,17921,39957,0.0
6,6,3,0,17059,39958,0.0
6,6,4,0,17610,39959,0.0
6,6,5,0,17431,39960,0.0
6,6,6,0,16942,39961,0.0
6,6,7,0,14966,39962,0.0
6,6,8,1,14376,39963,0.0
6,6,9,1,14210,39964,0.0
6,6,10,1,13917,39965,0.0
6,6,11,1,12924,39966,0.0
6,6,12,1,13283,39967,0.0
6,6,13,1,13437,39968,0.0
6,6,14,2,14324,39969,0.0
6,6,15,2,14437,39970,0.0
6,6,16,2,14834,39971,0.0
6,6,17,1,15201,39972,0.0
6,6,18,1,15808,39973,0.0
6,6,19,2,15365,39974,0.0
6,6,20,2,15082,39975,0.0
6,6,21,2,15328,39976,0.0
6,6,22,1,15590,39977,0.0
6,6,23,1,15972,39978,0.0
6,7,0,0,16375,39979,0.0
6,7,1,0,16902,39980,0.0
6,7,2,0,16672,39981,0.0
6,7,3,0,16781,39982,0.0
6,7,4,0,16776,39983,0.0
6,7,5,0,16676,39984,0.0
6,7,6,0,16782,39985,0.0
6,7,7,0,15097,39986,0.0
6,7,8,1,15684,39987,0.0
6,7,9,1,13730,39988,0.0
6,7,10,1,13588,39989,0.0
6,7,11,1,14595,39990,0.0
6,7,12,1,15693,39991,0.0
6,7,13,1,15759,39992,0.0
6,7,14,2,15788,39993,0.0
6,7,15,2,16245,39994,0.0
6,7,16,2,17174,39995,0.0
6,7,17,1,16926,39996,0.0
6,7,18,1,16764,39997,0.0
6,7,19,2,16623,39998,0.0
6,7,20,2,16950,39999,0.0
6,7,21,2,17406,40000,0.0
6,7,22,1,17664,40001,0.0
6,7,23,1,17724,40002,0.0
6,8,0,0,17385,40003,0.0
6,8,1,0,17689,40004,0.0
6,8,2,0,18062,40005,0.0
6,8,3,0,17483,40006,0.0
6,8,4,0,17965,40007,0.0
6,8,5,0,17938,40008,0.0
6,8,6,0,17860,40009,0.0
6,8,7,0,17190,40010,0.0
6,8,8,1,15403,40011,0.0
6,8,9,1,15424,40012,0.0
6,8,10,1,16279,40013,0.0
6,8,11,1,15422,40014,0.0
6,8,12,1,15347,40015,0.0
6,8,13,1,15005,40016,0.0
6,8,14,2,15160,40017,0.0
6,8,15,2,16749,40018,0.0
6,8,16,2,17759,40019,0.0
6,8,17,1,18963,40020,0.0
6,8,18,1,18603,40021,0.0
6,8,19,2,18641,40022,0.0
6,8,20,2,18628,40023,0.0
6,8,21,2,19200,40024,0.0
6,8,22,1,18316,40025,0.0
6,8,23,1,18022,40026,0.0
6,9,0,0,18381,40027,0.0
6,9,1,0,19788,40028,0.0
6,9,2,0,19474,40029,0.0
6,9,3,0,18705,40030,0.0
6,9,4,0,18505,40031,0.0
6,9,5,0,18656,40032,0.0
6,9,6,0,18598,40033,0.0
6,9,7,0,17786,40034,0.0
6,9,8,1,17791,40035,0.0
6,9,9,1,17490,40036,0.0
6,9,10,1,17255,40037,0.0
6,9,11,1,17403,40038,0.0
6,9,12,1,16279,40039,0.0
6,9,13,1,17305,40040,0.0
6,9,14,2,18478,40041,0.0
6,9,15,2,19443,40042,0.0
6,9,16,2,19401,40043,0.0
6,9,17,1,19723,40044,0.0
6,9,18,1,20074,40045,0.0
6,9,19,2,20071,40046,0.0
6,9,20,2,20186,40047,0.0
6,9,21,2,20306,40048,0.0
6,9,22,1,20482,40049,0.0
6,9,23,1,20423,40050,0.0
6,10,0,0,19827,40051,0.0
6,10,1,0,20231,40052,0.0
6,10,2,0,20527,40053,0.0
6,10,3,0,20587,40054,0.0
6,10,4,0,20305,40055,0.0
6,10,5,0,20419,40056,0.0
6,10,6,0,19933,40057,0.0
6,10,7,0,18814,40058,0.0
6,10,8,1,17638,40059,0.0
6,10,9,1,16588,40060,0.0
6,10,10,1,16960,40061,0.0
6,10,11,1,16193,40062,0.0
6,10,12,1,16505,40063,0.0
6,10,13,1,14875,40064,0.0
6,10,14,2,14997,40065,0.0
6,10,15,2,16192,40066,0.0
6,10,16,2,17839,40067,0.0
6,10,17,1,19187,40068,0.0
6,10,18,1,19903,40069,0.0
6,10,19,2,19499,40070,0.0
6,10,20,2,18802,40071,0.0
6,10,21,2,19053,40072,0.0
6,10,22,1,18419,40073,0.0
6,10,23,1,17939,40074,0.0
6,11,0,0,17881,40075,0.0
6,11,1,0,18540,40076,0.0
6,11,2,0,18763,40077,0.0
6,11,3,0,18357,40078,0.0
6,11,4,0,18636,40079,0.0
6,11,5,0,18527,40080,0.0
6,11,6,0,18627,40081,0.0
6,11,7,0,18161,40082,0.0
6,11,8,1,17885,40083,0.0
6,11,9,1,16692,40084,0.0
6,11,10,1,16238,40085,0.0
6,11,11,1,15620,40086,0.0
6,11,12,1,15633,40087,0.0
6,11,13,1,15540,40088,0.0
6,11,14,2,15478,40089,0.0
6,11,15,2,15780,40090,0.0
6,11,16,2,16605,40091,0.0
6,11,17,1,16774,40092,0.0
6,11,18,1,18261,40093,0.0
6,11,19,2,18388,40094,0.0
6,11,20,2,18293,40095,0.0
6,11,21,2,17925,40096,0.0
6,11,22,1,17973,40097,0.0
6,11,23,1,17383,40098,0.0
6,12,0,0,16565,40099,0.0
6,12,1,0,17344,40100,0.0
6,12,2,0,18230,40101,0.0
6,12,3,0,17426,40102,0.0
6,12,4,0,16307,40103,0.0
6,12,5,0,16590,40104,0.0
6,12,6,0,15815,40105,0.0
6,12,7,0,14348,40106,0.0
6,12,8,1,14107,40107,0.0
6,12,9,1,13272,40108,0.0
6,12,10,1,13096,40109,0.0
6,12,11,1,13284,40110,0.0
6,12,12,1,13796,40111,0.0
6,12,13,1,14088,40112,0.0
6,12,14,2,13210,40113,0.0
6,12,15,2,14662,40114,0.0
6,12,16,2,14748,40115,0.0
6,12,17,1,15282,40116,0.0
6,12,18,1,15578,40117,0.0
6,12,19,2,16588,40118,0.0
6,12,20,2,16786,40119,0.0
6,12,21,2,17085,40120,0.0
6,12,22,1,17080,40121,0.0
6,12,23,1,17265,40122,0.0
6,13,0,0,16587,40123,0.0
6,13,1,0,17117,40124,0.0
6,13,2,0,17339,40125,0.0
6,13,3,0,16911,40126,0.0
6,13,4,0,17134,40127,0.0
6,13,5,0,16727,40128,0.0
6,13,6,0,16853,40129,0.0
6,13,7,0,13820,40130,0.0
6,13,8,1,13062,40131,0.0
6,13,9,1,14292,40132,0.0
6,13,10,1,14549,40133,0.0
6,13,11,1,15389,40134,0.0
6,13,12,1,15973,40135,0.0
6,13,13,1,15710,40136,0.0
6,13,14,2,15419,40137,0.0
6,13,15,2,15362,40138,0.0
6,13,16,2,16637,40139,0.0
6,13,17,1,16782,40140,0.0
6,13,18,1,17000,40141,0.0
6,13,19,2,16607,40142,0.0
6,13,20,2,16264,40143,0.0
6,13,21,2,16126,40144,0.0
6,13,22,1,16270,40145,0.0
6,13,23,1,16669,40146,0.0
6,14,0,0,17310,40147,0.0
6,14,1,0,17975,40148,0.0
6,14,2,0,17471,40149,0.0
6,14,3,0,17955,40150,0.0
6,14,4,0,17743,40151,0.0
6,14,5,0,17158,40152,0.0
6,14,6,0,17059,40153,0.0
6,14,7,0,16566,40154,0.0
6,14,8,1,17585,40155,0.0
6,14,9,1,16655,40156,0.0
6,14,10,1,15968,40157,0.0
6,14,11,1,15129,40158,0.0
6,14,12,1,14910,40159,0.0
6,14,13,1,15006,40160,0.0
6,14,14,2,14175,40161,0.0
6,14,15,2,15259,40162,0.0
6,14,16,2,15625,40163,0.0
6,14,17,1,15492,40164,0.0
6,14,18,1,15950,40165,0.0
6,14,19,2,16231,40166,0.0
6,14,20,2,15382,40167,0.0
6,14,21,2,15825,40168,0.0
6,14,22,1,15897,40169,0.0
6,14,23,1,15486,40170,0.0
6,15,0,0,15571,40171,0.0
6,15,1,0,15458,40172,0.0
6,15,2,0,15776,40173,0.0
6,15,3,0,15663,40174,0.0
6,15,4,0,14855,40175,0.0
6,15,5,0,14361,40176,0.0
6,15,6,0,14550,40177,0.0
6,15,7,0,11896,40178,0.0
6,15,8,1,12580,40179,0.0
6,15,9,1,12602,40180,0.0
6,15,10,1,11167,40181,0.0
6,15,11,1,10634,40182,0.0
6,15,12,1,10749,40183,0.0
6,15,13,1,11880,40184,0.0
6,15,14,2,11403,40185,0.0
6,15,15,2,12111,40186,0.0
6,15,16,2,13153,40187,0.0
6,15,17,1,13407,40188,0.0
6,15,18,1,13954,40189,0.0
6,15,19,2,13763,40190,0.0
6,15,20,2,14037,40191,0.0
6,15,21,2,13904,40192,0.0
6,15,22,1,14372,40193,0.0
6,15,23,1,14193,40194,0.0
6,16,0,0,13540,40195,0.0
6,16,1,0,13238,40196,0.0
6,16,2,0,13921,40197,0.0
6,16,3,0,13933,40198,0.0
6,16,4,0,13942,40199,0.0
6,16,5,0,13779,40200,0.0
6,16,6,0,13541,40201,0.0
6,16,7,0,13237,40202,0.0
6,16,8,1,13743,40203,0.0
6,16,9,1,13242,40204,0.0
6,16,10,1,12952,40205,0.0
6,16,11,1,13473,40206,0.0
6,16,12,1,13600,40207,0.0
6,16,13,1,13304,40208,0.0
6,16,14,2,14235,40209,0.0
6,16,15,2,14213,40210,0.0
6,16,16,2,14732,40211,0.0
6,16,17,1,14599,40212,0.0
6,16,18,1,14450,40213,0.0
6,16,19,2,14283,40214,0.0
6,16,20,2,14060,40215,0.0
6,16,21,2,13645,40216,0.0
6,16,22,1,13623,40217,0.0
6,16,23,1,14004,40218,0.0
6,17,0,0,13659,40219,0.0
6,17,1,0,13710,40220,0.0
6,17,2,0,13432,40221,0.0
6,17,3,0,12197,40222,0.0
6,17,4,0,12000,40223,0.0
6,17,5,0,12320,40224,0.0
6,17,6,0,12375,40225,0.0
6,17,7,0,13328,40226,0.0
6,17,8,1,12469,40227,0.0
6,17,9,1,11290,40228,0.0
6,17,10,1,12901,40229,0.0
6,17,11,1,13191,40230,0.0
6,17,12,1,13337,40231,0.0
6,17,13,1,13941,40232,0.0
6,17,14,2,13807,40233,0.0
6,17,15,2,14197,40234,0.0
6,17,16,2,14527,40235,0.0
6,17,17,1,14984,40236,0.0
6,17,18,1,14970,40237,0.0
6,17,19,2,14482,40238,0.0
6,17,20,2,14329,40239,0.0
6,17,21,2,13521,40240,0.0
6,17,22,1,13934,40241,0.0
6,17,23,1,13958,40242,0.0
6,18,0,0,13775,40243,0.0
6,18,1,0,13957,40244,0.0
6,18,2,0,13871,40245,0.0
6,18,3,0,14115,40246,0.0
6,18,4,0,14262,40247,0.0
6,18,5,0,13920,40248,0.0
6,18,6,0,13876,40249,0.0
6,18,7,0,13380,40250,0.0
6,18,8,1,13881,40251,0.0
6,18,9,1,13915,40252,0.0
6,18,10,1,13499,40253,0.0
6,18,11,1,13858,40254,0.0
6,18,12,1,14747,40255,0.0
6,18,13,1,14736,40256,0.0
6,18,14,2,14916,40257,0.0
6,18,15,2,15065,40258,0.0
6,18,16,2,15605,40259,0.0
6,18,17,1,15172,40260,0.0
6,18,18,1,15174,40261,0.0
6,18,19,2,14018,40262,0.0
6,18,20,2,14693,40263,0.0
6,18,21,2,14756,40264,0.0
6,18,22,1,14989,40265,0.0
6,18,23,1,15645,40266,0.0
6,19,0,0,15934,40267,0.0
6,19,1,0,15895,40268,0.0
6,19,2,0,16200,40269,0.0
6,19,3,0,16252,40270,0.0
6,19,4,0,16419,40271,0.0
6,19,5,0,16314,40272,0.0
6,19,6,0,16974,40273,0.0
6,19,7,0,16794,40274,0.0
6,19,8,1,14950,40275,0.0
6,19,9,1,12350,40276,0.0
6,19,10,1,11903,40277,0.0
6,19,11,1,12500,40278,0.0
6,19,12,1,12333,40279,0.0
6,19,13,1,14257,40280,0.0
6,19,14,2,13779,40281,0.0
6,19,15,2,13243,40282,0.0
6,19,16,2,13003,40283,0.0
6,19,17,1,13074,40284,0.0
6,19,18,1,12549,40285,0.0
6,19,19,2,12500,40286,0.0
6,19,20,2,12200,40287,0.0
6,19,21,2,12991,40288,0.0
6,19,22,1,13684,40289,0.0
6,19,23,1,14075,40290,0.0
6,20,0,0,14030,40291,0.0
6,20,1,0,14345,40292,0.0
6,20,2,0,14082,40293,0.0
6,20,3,0,14409,40294,0.0
6,20,4,0,13991,40295,0.0
6,20,5,0,14516,40296,0.0
6,20,6,0,14327,40297,0.0
6,20,7,0,13526,40298,0.0
6,20,8,1,12969,40299,0.0
6,20,9,1,12366,40300,0.0
6,20,10,1,11106,40301,0.0
6,20,11,1,10408,40302,0.0
6,20,12,1,10370,40303,0.0
6,20,13,1,10603,40304,0.0
6,20,14,2,11777,40305,0.0
6,20,15,2,12230,40306,0.0
6,20,16,2,12760,40307,0.0
6,20,17,1,13247,40308,0.0
6,20,18,1,13445,40309,0.0
6,20,19,2,13664,40310,0.0
6,20,20,2,13642,40311,0.0
6,20,21,2,13970,40312,0.0
6,20,22,1,14377,40313,0.0
6,20,23,1,14669,40314,0.0
6,21,0,0,14163,40315,0.0
6,21,1,0,14305,40316,0.0
6,21,2,0,14199,40317,0.0
6,21,3,0,14041,40318,0.0
6,21,4,0,14163,40319,0.0
6,21,5,0,14080,40320,0.0
6,21,6,0,14101,40321,0.0
6,21,7,0,13575,40322,0.0
6,21,8,1,13325,40323,0.0
6,21,9,1,13240,40324,0.0
6,21,10,1,13597,40325,0.0
6,21,11,1,13442,40326,0.0
6,21,12,1,13800,40327,0.0
6,21,13,1,14245,40328,0.0
6,21,14,2,13480,40329,0.0
6,21,15,2,13220,40330,0.0
6,21,16,2,14561,40331,0.0
6,21,17,1,14414,40332,0.0
6,21,18,1,14478,40333,0.0
6,21,19,2,14350,40334,0.0
6,21,20,2,13893,40335,0.0
6,21,21,2,13890,40336,0.0
6,21,22,1,14542,40337,0.0
6,21,23,1,14463,40338,0.0
6,22,0,0,14218,40339,0.0
6,22,1,0,14486,40340,0.0
6,22,2,0,14193,40341,0.0
6,22,3,0,13112,40342,0.0
6,22,4,0,12880,40343,0.0
6,22,5,0,12943,40344,0.0
6,22,6,0,13254,40345,0.0
6,22,7,0,13923,40346,0.0
6,22,8,1,13371,40347,0.0
6,22,9,1,12556,40348,0.0
6,22,10,1,11636,40349,0.0
6,22,11,1,12535,40350,0.0
6,22,12,1,13269,40351,0.0
6,22,13,1,12987,40352,0.0
6,22,14,2,12364,40353,0.0
6,22,15,2,12491,40354,0.0
6,22,16,2,12762,40355,0.0
6,22,17,1,13869,40356,0.0
6,22,18,1,15059,40357,0.0
6,22,19,2,15218,40358,0.0
6,22,20,2,15322,40359,0.0
6,22,21,2,15717,40360,0.0
6,22,22,1,15657,40361,0.0
6,22,23,1,15800,40362,0.0
6,23,0,0,15529,40363,0.0
6,23,1,0,15725,40364,0.0
6,23,2,0,15524,40365,0.0
6,23,3,0,15498,40366,0.0
6,23,4,0,15546,40367,0.0
6,23,5,0,15782,40368,0.0
6,23,6,0,15507,40369,0.0
6,23,7,0,14969,40370,0.0
6,23,8,1,14483,40371,0.0
6,23,9,1,15266,40372,0.0
6,23,10,1,14790,40373,0.0
6,23,11,1,14783,40374,0.0
6,23,12,1,14251,40375,0.0
6,23,13,1,14392,40376,0.0
6,23,14,2,14624,40377,0.0
6,23,15,2,13178,40378,0.0
6,23,16,2,14539,40379,0.0
6,23,17,1,15236,40380,0.0
6,23,18,1,14988,40381,0.0
6,23,19,2,15433,40382,0.0
6,23,20,2,14738,40383,0.0
6,23,21,2,15301,40384,0.0
6,23,22,1,15566,40385,0.0
6,23,23,1,15393,40386,0.0
6,24,0,0,15143,40387,0.0
6,24,1,0,15573,40388,0.0
6,24,2,0,15561,40389,0.0
6,24,3,0,15231,40390,0.0
6,24,4,0,15390,40391,0.0
6,24,5,0,15070,40392,0.0
6,24,6,0,14928,40393,0.0
6,24,7,0,14432,40394,0.0
6,24,8,1,13688,40395,0.0
6,24,9,1,12767,40396,0.0
6,24,10,1,12416,40397,0.0
6,24,11,1,13526,40398,0.0
6,24,12,1,14428,40399,0.0
6,24,13,1,14283,40400,0.0
6,24,14,2,13471,40401,0.0
6,24,15,2,13925,40402,0.0
6,24,16,2,13608,40403,0.0
6,24,17,1,14403,40404,0.0
6,24,18,1,14567,40405,0.0
6,24,19,2,14723,40406,0.0
6,24,20,2,14687,40407,0.0
6,24,21,2,15052,40408,0.0
6,24,22,1,14990,40409,0.0
6,24,23,1,15158,40410,0.0
6,25,0,0,14408,40411,0.0
6,25,1,0,15180,40412,0.0
6,25,2,0,15205,40413,0.0
6,25,3,0,15136,40414,0.0
6,25,4,0,15136,40415,0.0
6,25,5,0,14817,40416,0.0
6,25,6,0,14515,40417,0.0
6,25,7,0,13423,40418,0.0
6,25,8,1,13233,40419,0.0
6,25,9,1,11676,40420,0.0
6,25,10,1,11151,40421,0.0
6,25,11,1,11893,40422,0.0
6,25,12,1,11391,40423,0.0
6,25,13,1,11719,40424,0.0
6,25,14,2,11788,40425,0.0
6,25,15,2,12074,40426,0.0
6,25,16,2,12617,40427,0.0
6,25,17,1,13067,40428,0.0
6,25,18,1,13357,40429,0.0
6,25,19,2,13586,40430,0.0
6,25,20,2,13379,40431,0.0
6,25,21,2,13859,40432,0.0
6,25,22,1,14010,40433,0.0
6,25,23,1,14138,40434,0.0
6,26,0,0,13487,40435,0.0
6,26,1,0,12805,40436,0.0
6,26,2,0,13063,40437,0.0
6,26,3,0,12820,40438,0.0
6,26,4,0,13685,40439,0.0
6,26,5,0,13905,40440,0.0
6,26,6,0,13295,40441,0.0
6,26,7,0,13054,40442,0.0
6,26,8,1,12875,40443,0.0
6,26,9,1,11733,40444,0.0
6,26,10,1,12325,40445,0.0
6,26,11,1,12730,40446,0.0
6,26,12,1,11899,40447,0.0
6,26,13,1,11542,40448,0.0
6,26,14,2,11712,40449,0.0
6,26,15,2,12826,40450,0.0
6,26,16,2,14496,40451,0.0
6,26,17,1,15225,40452,0.0
6,26,18,1,15679,40453,0.0
6,26,19,2,15257,40454,0.0
6,26,20,2,15065,40455,0.0
6,26,21,2,15216,40456,0.0
6,26,22,1,14969,40457,0.0
6,26,23,1,14150,40458,0.0
6,27,0,0,14391,40459,0.0
6,27,1,0,15531,40460,0.0
6,27,2,0,16046,40461,0.0
6,27,3,0,16106,40462,0.0
6,27,4,0,15623,40463,0.0
6,27,5,0,15285,40464,0.0
6,27,6,0,15960,40465,0.0
6,27,7,0,14437,40466,0.0
6,27,8,1,14330,40467,0.0
6,27,9,1,14204,40468,0.0
6,27,10,1,14345,40469,0.0
6,27,11,1,14494,40470,0.0
6,27,12,1,14427,40471,0.0
6,27,13,1,14871,40472,0.0
6,27,14,2,14346,40473,0.0
6,27,15,2,15043,40474,0.0
6,27,16,2,16309,40475,0.0
6,27,17,1,15903,40476,0.0
6,27,18,1,15874,40477,0.0
6,27,19,2,16299,40478,0.0
6,27,20,2,16407,40479,0.0
6,27,21,2,14875,40480,0.0
6,27,22,1,15265,40481,0.0
6,27,23,1,15553,40482,0.0
6,28,0,0,15105,40483,0.0
6,28,1,0,14834,40484,0.0
6,28,2,0,14176,40485,0.0
6,28,3,0,13624,40486,0.0
6,28,4,0,13881,40487,0.0
6,28,5,0,14577,40488,0.0
6,28,6,0,15091,40489,0.0
6,28,7,0,14250,40490,0.0
6,28,8,1,13144,40491,0.0
6,28,9,1,11921,40492,0.0
6,28,10,1,12096,40493,0.0
6,28,11,1,12544,40494,0.0
6,28,12,1,12189,40495,0.0
6,28,13,1,12198,40496,0.0
6,28,14,2,12068,40497,0.0
6,28,15,2,12427,40498,0.0
6,28,16,2,12747,40499,0.0
6,28,17,1,13923,40500,0.0
6,28,18,1,14411,40501,0.0
6,28,19,2,14783,40502,0.0
6,28,20,2,14540,40503,0.0
6,28,21,2,14765,40504,0.0
6,28,22,1,14768,40505,0.0
6,28,23,1,14924,40506,0.0
6,29,0,0,14868,40507,0.0
6,29,1,0,14719,40508,0.0
6,29,2,0,14849,40509,0.0
6,29,3,0,14700,40510,0.0
6,29,4,0,14663,40511,0.0
6,29,5,0,14944,40512,0.0
6,29,6,0,14802,40513,0.0
6,29,7,0,13921,40514,0.0
6,29,8,1,13787,40515,0.0
6,29,9,1,12781,40516,0.0
6,29,10,1,13073,40517,0.0
6,29,11,1,14214,40518,0.0
6,29,12,1,13281,40519,0.0
6,29,13,1,12935,40520,0.0
6,29,14,2,12647,40521,0.0
6,29,15,2,13033,40522,0.0
6,29,16,2,14626,40523,0.0
6,29,17,1,14205,40524,0.0
6,29,18,1,14249,40525,0.0
6,29,19,2,14393,40526,0.0
6,29,20,2,14292,40527,0.0
6,29,21,2,15616,40528,0.0
6,29,22,1,15516,40529,0.0
6,29,23,1,16127,40530,0.0
6,30,0,0,15599,40531,0.0
6,30,1,0,15690,40532,0.0
6,30,2,0,15648,40533,0.0
6,30,3,0,15849,40534,0.0
6,30,4,0,15304,40535,0.0
6,30,5,0,14866,40536,0.0
6,30,6,0,14804,40537,0.0
6,30,7,0,12836,40538,0.0
6,30,8,1,11401,40539,0.0
6,30,9,1,10989,40540,0.0
6,30,10,1,11505,40541,0.0
6,30,11,1,10862,40542,0.0
6,30,12,1,11160,40543,0.0
6,30,13,1,11324,40544,0.0
6,30,14,2,11041,40545,0.0
6,30,15,2,11704,40546,0.0
6,30,16,2,12098,40547,0.0
6,30,17,1,12713,40548,0.0
6,30,18,1,14087,40549,0.0
6,30,19,2,14030,40550,0.0
6,30,20,2,14079,40551,0.0
6,30,21,2,15132,40552,0.0
6,30,22,1,15132,40553,0.0
6,30,23,1,15272,40554,0.0
7,1,0,0,14912,40555,0.0
7,1,1,0,15307,40556,0.0
7,1,2,0,15631,40557,0.0
7,1,3,0,15660,40558,0.0
7,1,4,0,15559,40559,0.0
7,1,5,0,15717,40560,0.0
7,1,6,0,15306,40561,0.0
7,1,7,0,14264,40562,0.0
7,1,8,1,13344,40563,0.0
7,1,9,1,10977,40564,0.0
7,1,10,1,9828,40565,0.0
7,1,11,1,10154,40566,0.0
7,1,12,1,10957,40567,0.0
7,1,13,1,11723,40568,0.0
7,1,14,2,12663,40569,0.0
7,1,15,2,13142,40570,0.0
7,1,16,2,13701,40571,0.0
7,1,17,1,13507,40572,0.0
7,1,18,1,14421,40573,0.0
7,1,19,2,14122,40574,0.0
7,1,20,2,14482,40575,0.0
7,1,21,2,15342,40576,0.0
7,1,22,1,16193,40577,0.0
7,1,23,1,16057,40578,0.0
7,2,0,0,15680,40579,0.0
7,2,1,0,16087,40580,0.0
7,2,2,0,15987,40581,0.0
7,2,3,0,15822,40582,0.0
7,2,4,0,15998,40583,0.0
7,2,5,0,15706,40584,0.0
7,2,6,0,14860,40585,0.0
7,2,7,0,14026,40586,0.0
7,2,8,1,13905,40587,0.0
7,2,9,1,13709,40588,0.0
7,2,10,1,12913,40589,0.0
7,2,11,1,13840,40590,0.0
7,2,12,1,12821,40591,0.0
7,2,13,1,12051,40592,0.0
7,2,14,2,13411,40593,0.0
7,2,15,2,13858,40594,0.0
7,2,16,2,14127,40595,0.0
7,2,17,1,14332,40596,0.0
7,2,18,1,14740,40597,0.0
7,2,19,2,14761,40598,0.0
7,2,20,2,14639,40599,0.0
7,2,21,2,15016,40600,0.0
7,2,22,1,14410,40601,0.0
7,2,23,1,14618,40602,0.0
7,3,0,0,14521,40603,0.0
7,3,1,0,13332,40604,0.0
7,3,2,0,13443,40605,0.0
7,3,3,0,13609,40606,0.0
7,3,4,0,13201,40607,0.0
7,3,5,0,14012,40608,0.0
7,3,6,0,14153,40609,0.0
7,3,7,0,13722,40610,0.0
7,3,8,1,13646,40611,0.0
7,3,9,1,13246,40612,0.0
7,3,10,1,13409,40613,0.0
7,3,11,1,13094,40614,0.0
7,3,12,1,13282,40615,0.0
7,3,13,1,12633,40616,0.0
7,3,14,2,13795,40617,0.0
7,3,15,2,14293,40618,0.0
7,3,16,2,14273,40619,0.0
7,3,17,1,13802,40620,0.0
7,3,18,1,14214,40621,0.0
7,3,19,2,12938,40622,0.0
7,3,20,2,12639,40623,0.0
7,3,21,2,12594,40624,0.0
7,3,22,1,12440,40625,0.0
7,3,23,1,12382,40626,0.0
7,4,0,0,12268,40627,0.0
7,4,1,0,12189,40628,0.0
7,4,2,0,12160,40629,0.0
7,4,3,0,11863,40630,0.0
7,4,4,0,12157,40631,0.0
7,4,5,0,12121,40632,0.0
7,4,6,0,12108,40633,0.0
7,4,7,0,12628,40634,0.0
7,4,8,1,12381,40635,0.0
7,4,9,1,11990,40636,0.0
7,4,10,1,10751,40637,0.0
7,4,11,1,10295,40638,0.0
7,4,12,1,11268,40639,0.0
7,4,13,1,11433,40640,0.0
7,4,14,2,12637,40641,0.0
7,4,15,2,11749,40642,0.0
7,4,16,2,12584,40643,0.0
7,4,17,1,12804,40644,0.0
7,4,18,1,12103,40645,0.0
7,4,19,2,11482,40646,0.0
7,4,20,2,11723,40647,0.0
7,4,21,2,11806,40648,0.0
7,4,22,1,11839,40649,0.0
7,4,23,1,11708,40650,0.0
7,5,0,0,11627,40651,0.0
7,5,1,0,11905,40652,0.0
7,5,2,0,11973,40653,0.0
7,5,3,0,11788,40654,0.0
7,5,4,0,11784,40655,0.0
7,5,5,0,11741,40656,0.0
7,5,6,0,11709,40657,0.0
7,5,7,0,10281,40658,0.0
7,5,8,1,9232,40659,0.0
7,5,9,1,8858,40660,0.0
7,5,10,1,9090,40661,0.0
7,5,11,1,8879,40662,0.0
7,5,12,1,9009,40663,0.0
7,5,13,1,9064,40664,0.0
7,5,14,2,10597,40665,0.0
7,5,15,2,10987,40666,0.0
7,5,16,2,12397,40667,0.0
7,5,17,1,12515,40668,0.0
7,5,18,1,12685,40669,0.0
7,5,19,2,12372,40670,0.0
7,5,20,2,12302,40671,0.0
7,5,21,2,12973,40672,0.0
7,5,22,1,12532,40673,0.0
7,5,23,1,11940,40674,0.0
7,6,0,0,11410,40675,0.0
7,6,1,0,11828,40676,0.0
7,6,2,0,12577,40677,0.0
7,6,3,0,12888,40678,0.0
7,6,4,0,13037,40679,0.0
7,6,5,0,12399,40680,0.0
7,6,6,0,11415,40681,0.0
7,6,7,0,10734,40682,0.0
7,6,8,1,11003,40683,0.0
7,6,9,1,11126,40684,0.0
7,6,10,1,10763,40685,0.0
7,6,11,1,12374,40686,0.0
7,6,12,1,13696,40687,0.0
7,6,13,1,13151,40688,0.0
7,6,14,2,13524,40689,0.0
7,6,15,2,14338,40690,0.0
7,6,16,2,14982,40691,0.0
7,6,17,1,14602,40692,0.0
7,6,18,1,14681,40693,0.0
7,6,19,2,12786,40694,0.0
7,6,20,2,13354,40695,0.0
7,6,21,2,14230,40696,0.0
7,6,22,1,14026,40697,0.0
7,6,23,1,14342,40698,0.0
7,7,0,0,13974,40699,0.0
7,7,1,0,13973,40700,0.0
7,7,2,0,14139,40701,0.0
7,7,3,0,13876,40702,0.0
7,7,4,0,13901,40703,0.0
7,7,5,0,14258,40704,0.0
7,7,6,0,14053,40705,0.0
7,7,7,0,13104,40706,0.0
7,7,8,1,12635,40707,0.0
7,7,9,1,11693,40708,0.0
7,7,10,1,11032,40709,0.0
7,7,11,1,10436,40710,0.0
7,7,12,1,10948,40711,0.0
7,7,13,1,11908,40712,0.0
7,7,14,2,12501,40713,0.0
7,7,15,2,12800,40714,0.0
7,7,16,2,13933,40715,0.0
7,7,17,1,14414,40716,0.0
7,7,18,1,14659,40717,0.0
7,7,19,2,14609,40718,0.0
7,7,20,2,14091,40719,0.0
7,7,21,2,13157,40720,0.0
7,7,22,1,13037,40721,0.0
7,7,23,1,12590,40722,0.0
7,8,0,0,12318,40723,0.0
7,8,1,0,13458,40724,0.0
7,8,2,0,13627,40725,0.0
7,8,3,0,13986,40726,0.0
7,8,4,0,13889,40727,0.0
7,8,5,0,14081,40728,0.0
7,8,6,0,14213,40729,0.0
7,8,7,0,14008,40730,0.0
7,8,8,1,14039,40731,0.0
7,8,9,1,12673,40732,0.0
7,8,10,1,12657,40733,0.0
7,8,11,1,13516,40734,0.0
7,8,12,1,13330,40735,0.0
7,8,13,1,13159,40736,0.0
7,8,14,2,13464,40737,0.0
7,8,15,2,14162,40738,0.0
7,8,16,2,15322,40739,0.0
7,8,17,1,15457,40740,0.0
7,8,18,1,16236,40741,0.0
7,8,19,2,15742,40742,0.0
7,8,20,2,15770,40743,0.0
7,8,21,2,14985,40744,0.0
7,8,22,1,15323,40745,0.0
7,8,23,1,15819,40746,0.0
7,9,0,0,15413,40747,0.0
7,9,1,0,15622,40748,0.0
7,9,2,0,15554,40749,0.0
7,9,3,0,15493,40750,0.0
7,9,4,0,15670,40751,0.0
7,9,5,0,15725,40752,0.0
7,9,6,0,15194,40753,0.0
7,9,7,0,14450,40754,0.0
7,9,8,1,14579,40755,0.0
7,9,9,1,13890,40756,0.0
7,9,10,1,12809,40757,0.0
7,9,11,1,12762,40758,0.0
7,9,12,1,12780,40759,0.0
7,9,13,1,12530,40760,0.0
7,9,14,2,13053,40761,0.0
7,9,15,2,11663,40762,0.0
7,9,16,2,13035,40763,0.0
7,9,17,1,14478,40764,0.0
7,9,18,1,15578,40765,0.0
7,9,19,2,16093,40766,0.0
7,9,20,2,15816,40767,0.0
7,9,21,2,15557,40768,0.0
7,9,22,1,15688,40769,0.0
7,9,23,1,15568,40770,0.0
7,10,0,0,15457,40771,0.0
7,10,1,0,15574,40772,0.0
7,10,2,0,15511,40773,0.0
7,10,3,0,15722,40774,0.0
7,10,4,0,15771,40775,0.0
7,10,5,0,15690,40776,0.0
7,10,6,0,15443,40777,0.0
7,10,7,0,14803,40778,0.0
7,10,8,1,14375,40779,0.0
7,10,9,1,12892,40780,0.0
7,10,10,1,12340,40781,0.0
7,10,11,1,12700,40782,0.0
7,10,12,1,12889,40783,0.0
7,10,13,1,12334,40784,0.0
7,10,14,2,12314,40785,0.0
7,10,15,2,13799,40786,0.0
7,10,16,2,15294,40787,0.0
7,10,17,1,15337,40788,0.0
7,10,18,1,16268,40789,0.0
7,10,19,2,15849,40790,0.0
7,10,20,2,15637,40791,0.0
7,10,21,2,15605,40792,0.0
7,10,22,1,15587,40793,0.0
7,10,23,1,15764,40794,0.0
7,11,0,0,15143,40795,0.0
7,11,1,0,15605,40796,0.0
7,11,2,0,15463,40797,0.0
7,11,3,0,15604,40798,0.0
7,11,4,0,15221,40799,0.0
7,11,5,0,14109,40800,0.0
7,11,6,0,13830,40801,0.0
7,11,7,0,13119,40802,0.0
7,11,8,1,13804,40803,0.0
7,11,9,1,14041,40804,0.0
7,11,10,1,12881,40805,0.0
7,11,11,1,12581,40806,0.0
7,11,12,1,12805,40807,0.0
7,11,13,1,12534,40808,0.0
7,11,14,2,11645,40809,0.0
7,11,15,2,13151,40810,0.0
7,11,16,2,14067,40811,0.0
7,11,17,1,14345,40812,0.0
7,11,18,1,14997,40813,0.0
7,11,19,2,16050,40814,0.0
7,11,20,2,15597,40815,0.0
7,11,21,2,15510,40816,0.0
7,11,22,1,15733,40817,0.0
7,11,23,1,15784,40818,0.0
7,12,0,0,15509,40819,0.0
7,12,1,0,15338,40820,0.0
7,12,2,0,15599,40821,0.0
7,12,3,0,15616,40822,0.0
7,12,4,0,15488,40823,0.0
7,12,5,0,15464,40824,0.0
7,12,6,0,14934,40825,0.0
7,12,7,0,13861,40826,0.0
7,12,8,1,13652,40827,0.0
7,12,9,1,12484,40828,0.0
7,12,10,1,11723,40829,0.0
7,12,11,1,11755,40830,0.0
7,12,12,1,12296,40831,0.0
7,12,13,1,11869,40832,0.0
7,12,14,2,11180,40833,0.0
7,12,15,2,11923,40834,0.0
7,12,16,2,13455,40835,0.0
7,12,17,1,14018,40836,0.0
7,12,18,1,14407,40837,0.0
7,12,19,2,14374,40838,0.0
7,12,20,2,13299,40839,0.0
7,12,21,2,12909,40840,0.0
7,12,22,1,13549,40841,0.0
7,12,23,1,13617,40842,0.0
7,13,0,0,13116,40843,0.0
7,13,1,0,13613,40844,0.0
7,13,2,0,14283,40845,0.0
7,13,3,0,14290,40846,0.0
7,13,4,0,14406,40847,0.0
7,13,5,0,14281,40848,0.0
7,13,6,0,14147,40849,0.0
7,13,7,0,13321,40850,0.0
7,13,8,1,12766,40851,0.0
7,13,9,1,11657,40852,0.0
7,13,10,1,11457,40853,0.0
7,13,11,1,12201,40854,0.0
7,13,12,1,11423,40855,0.0
7,13,13,1,11490,40856,0.0
7,13,14,2,11310,40857,0.0
7,13,15,2,11629,40858,0.0
7,13,16,2,12791,40859,0.0
7,13,17,1,13808,40860,0.0
7,13,18,1,14207,40861,0.0
7,13,19,2,13575,40862,0.0
7,13,20,2,13317,40863,0.0
7,13,21,2,13272,40864,0.0
7,13,22,1,13549,40865,0.0
7,13,23,1,14226,40866,0.0
7,14,0,0,13955,40867,0.0
7,14,1,0,13932,40868,0.0
7,14,2,0,13926,40869,0.0
7,14,3,0,14498,40870,0.0
7,14,4,0,14466,40871,0.0
7,14,5,0,14818,40872,0.0
7,14,6,0,14904,40873,0.0
7,14,7,0,12729,40874,0.0
7,14,8,1,11379,40875,0.0
7,14,9,1,10757,40876,0.0
7,14,10,1,10333,40877,0.0
7,14,11,1,10444,40878,0.0
7,14,12,1,10296,40879,0.0
7,14,13,1,10044,40880,0.0
7,14,14,2,11199,40881,0.0
7,14,15,2,10888,40882,0.0
7,14,16,2,11358,40883,0.0
7,14,17,1,11492,40884,0.0
7,14,18,1,11623,40885,0.0
7,14,19,2,11969,40886,0.0
7,14,20,2,12111,40887,0.0
7,14,21,2,11583,40888,0.0
7,14,22,1,11371,40889,0.0
7,14,23,1,12244,40890,0.0
7,15,0,0,12243,40891,0.0
7,15,1,0,12704,40892,0.0
7,15,2,0,12694,40893,0.0
7,15,3,0,12765,40894,0.0
7,15,4,0,12978,40895,0.0
7,15,5,0,12555,40896,0.0
7,15,6,0,12166,40897,0.0
7,15,7,0,11362,40898,0.0
7,15,8,1,8149,40899,0.0
7,15,9,1,6267,40900,0.0
7,15,10,1,6442,40901,0.0
7,15,11,1,7098,40902,0.0
7,15,12,1,6540,40903,0.0
7,15,13,1,7782,40904,0.0
7,15,14,2,8165,40905,0.0
7,15,15,2,8441,40906,0.0
7,15,16,2,7791,40907,0.0
7,15,17,1,8849,40908,0.0
7,15,18,1,9455,40909,0.0
7,15,19,2,10432,40910,0.0
7,15,20,2,11156,40911,0.0
7,15,21,2,11696,40912,0.0
7,15,22,1,12728,40913,0.0
7,15,23,1,13890,40914,0.0
7,16,0,0,13974,40915,0.0
7,16,1,0,15329,40916,0.0
7,16,2,0,15670,40917,0.0
7,16,3,0,15607,40918,0.0
7,16,4,0,15490,40919,0.0
7,16,5,0,15879,40920,0.0
7,16,6,0,15171,40921,0.0
7,16,7,0,14620,40922,0.0
7,16,8,1,14478,40923,0.0
7,16,9,1,14969,40924,0.0
7,16,10,1,15325,40925,0.0
7,16,11,1,14661,40926,0.0
7,16,12,1,16356,40927,0.0
7,16,13,1,17441,40928,0.0
7,16,14,2,17610,40929,0.0
7,16,15,2,18170,40930,0.0
7,16,16,2,17941,40931,0.0
7,16,17,1,17949,40932,0.0
7,16,18,1,19252,40933,0.0
7,16,19,2,19203,40934,0.0
7,16,20,2,19034,40935,0.0
7,16,21,2,18663,40936,0.0
7,16,22,1,18569,40937,0.0
7,16,23,1,18297,40938,0.0
7,17,0,0,17912,40939,0.0
7,17,1,0,18172,40940,0.0
7,17,2,0,18683,40941,0.0
7,17,3,0,18626,40942,0.0
7,17,4,0,19101,40943,0.0
7,17,5,0,18269,40944,0.0
7,17,6,0,18067,40945,0.0
7,17,7,0,18322,40946,0.0
7,17,8,1,17373,40947,0.0
7,17,9,1,17605,40948,0.0
7,17,10,1,15824,40949,0.0
7,17,11,1,16535,40950,0.0
7,17,12,1,17148,40951,0.0
7,17,13,1,16610,40952,0.0
7,17,14,2,17266,40953,0.0
7,17,15,2,17225,40954,0.0
7,17,16,2,17739,40955,0.0
7,17,17,1,18759,40956,0.0
7,17,18,1,19154,40957,0.0
7,17,19,2,18876,40958,0.0
7,17,20,2,19351,40959,0.0
7,17,21,2,19228,40960,0.0
7,17,22,1,18754,40961,0.0
7,17,23,1,18069,40962,0.0
7,18,0,0,17943,40963,0.0
7,18,1,0,18046,40964,0.0
7,18,2,0,18561,40965,0.0
7,18,3,0,18031,40966,0.0
7,18,4,0,18346,40967,0.0
7,18,5,0,18842,40968,0.0
7,18,6,0,19029,40969,0.0
7,18,7,0,18298,40970,0.0
7,18,8,1,17903,40971,0.0
7,18,9,1,16467,40972,0.0
7,18,10,1,16044,40973,0.0
7,18,11,1,15869,40974,0.0
7,18,12,1,15303,40975,0.0
7,18,13,1,17460,40976,0.0
7,18,14,2,18525,40977,0.0
7,18,15,2,17942,40978,0.0
7,18,16,2,18171,40979,0.0
7,18,17,1,18241,40980,0.0
7,18,18,1,19045,40981,0.0
7,18,19,2,17217,40982,0.0
7,18,20,2,17846,40983,0.0
7,18,21,2,17567,40984,0.0
7,18,22,1,16325,40985,0.0
7,18,23,1,16229,40986,0.0
7,19,0,0,15559,40987,0.0
7,19,1,0,15843,40988,0.0
7,19,2,0,16603,40989,0.0
7,19,3,0,15681,40990,0.0
7,19,4,0,15133,40991,0.0
7,19,5,0,15305,40992,0.0
7,19,6,0,15239,40993,0.0
7,19,7,0,15243,40994,0.0
7,19,8,1,15585,40995,0.0
7,19,9,1,14453,40996,0.0
7,19,10,1,13171,40997,0.0
7,19,11,1,12293,40998,0.0
7,19,12,1,13090,40999,0.0
7,19,13,1,12840,41000,0.0
7,19,14,2,13380,41001,0.0
7,19,15,2,14299,41002,0.0
7,19,16,2,14371,41003,0.0
7,19,17,1,14605,41004,0.0
7,19,18,1,15933,41005,0.0
7,19,19,2,16187,41006,0.0
7,19,20,2,16836,41007,0.0
7,19,21,2,16657,41008,0.0
7,19,22,1,16694,41009,0.0
7,19,23,1,16776,41010,0.0
7,20,0,0,16250,41011,0.0
7,20,1,0,16933,41012,0.0
7,20,2,0,17809,41013,0.0
7,20,3,0,17690,41014,0.0
7,20,4,0,17407,41015,0.0
7,20,5,0,17713,41016,0.0
7,20,6,0,17607,41017,0.0
7,20,7,0,17531,41018,0.0
7,20,8,1,17147,41019,0.0
7,20,9,1,16198,41020,0.0
7,20,10,1,15120,41021,0.0
7,20,11,1,16460,41022,0.0
7,20,12,1,15611,41023,0.0
7,20,13,1,17907,41024,0.0
7,20,14,2,17404,41025,0.0
7,20,15,2,17335,41026,0.0
7,20,16,2,17749,41027,0.0
7,20,17,1,18994,41028,0.0
7,20,18,1,19416,41029,0.0
7,20,19,2,18452,41030,0.0
7,20,20,2,18125,41031,0.0
7,20,21,2,17605,41032,0.0
7,20,22,1,17270,41033,0.0
7,20,23,1,17532,41034,0.0
7,21,0,0,17047,41035,0.0
7,21,1,0,16549,41036,0.0
7,21,2,0,16544,41037,0.0
7,21,3,0,16461,41038,0.0
7,21,4,0,16376,41039,0.0
7,21,5,0,15616,41040,0.0
7,21,6,0,14231,41041,0.0
7,21,7,0,13819,41042,0.0
7,21,8,1,13499,41043,0.0
7,21,9,1,13399,41044,0.0
7,21,10,1,13995,41045,0.0
7,21,11,1,13536,41046,0.0
7,21,12,1,13657,41047,0.0
7,21,13,1,14522,41048,0.0
7,21,14,2,14313,41049,0.0
7,21,15,2,15245,41050,0.0
7,21,16,2,15067,41051,0.0
7,21,17,1,16461,41052,0.0
7,21,18,1,16306,41053,0.0
7,21,19,2,16782,41054,0.0
7,21,20,2,16693,41055,0.0
7,21,21,2,16765,41056,0.0
7,21,22,1,17495,41057,0.0
7,21,23,1,17296,41058,0.0
7,22,0,0,16845,41059,0.0
7,22,1,0,17050,41060,0.0
7,22,2,0,17490,41061,0.0
7,22,3,0,17873,41062,0.0
7,22,4,0,17840,41063,0.0
7,22,5,0,17788,41064,0.0
7,22,6,0,17597,41065,0.0
7,22,7,0,16966,41066,0.0
7,22,8,1,15881,41067,0.0
7,22,9,1,14760,41068,0.0
7,22,10,1,13982,41069,0.0
7,22,11,1,13894,41070,0.0
7,22,12,1,14022,41071,0.0
7,22,13,1,14153,41072,0.0
7,22,14,2,14905,41073,0.0
7,22,15,2,15663,41074,0.0
7,22,16,2,17131,41075,0.0
7,22,17,1,17726,41076,0.0
7,22,18,1,17825,41077,0.0
7,22,19,2,18739,41078,0.0
7,22,20,2,19182,41079,0.0
7,22,21,2,17901,41080,0.0
7,22,22,1,16975,41081,0.0
7,22,23,1,17045,41082,0.0
7,23,0,0,16704,41083,0.0
7,23,1,0,17297,41084,0.0
7,23,2,0,17462,41085,0.0
7,23,3,0,17011,41086,0.0
7,23,4,0,17599,41087,0.0
7,23,5,0,17977,41088,0.0
7,23,6,0,18294,41089,0.0
7,23,7,0,17669,41090,0.0
7,23,8,1,17649,41091,0.0
7,23,9,1,16456,41092,0.0
7,23,10,1,16114,41093,0.0
7,23,11,1,16553,41094,0.0
7,23,12,1,15859,41095,0.0
7,23,13,1,16773,41096,0.0
7,23,14,2,17006,41097,0.0
7,23,15,2,17819,41098,0.0
7,23,16,2,18415,41099,0.0
7,23,17,1,18726,41100,0.0
7,23,18,1,18956,41101,0.0
7,23,19,2,19250,41102,0.0
7,23,20,2,18952,41103,0.0
7,23,21,2,19087,41104,0.0
7,23,22,1,18973,41105,0.0
7,23,23,1,18848,41106,0.0
7,24,0,0,18752,41107,0.0
7,24,1,0,18628,41108,0.0
7,24,2,0,19064,41109,0.0
7,24,3,0,18964,41110,0.0
7,24,4,0,19076,41111,0.0
7,24,5,0,18510,41112,0.0
7,24,6,0,18526,41113,0.0
7,24,7,0,18575,41114,0.0
7,24,8,1,17764,41115,0.0
7,24,9,1,16249,41116,0.0
7,24,10,1,16217,41117,0.0
7,24,11,1,16700,41118,0.0
7,24,12,1,16909,41119,0.0
7,24,13,1,16186,41120,0.0
7,24,14,2,16747,41121,0.0
7,24,15,2,17762,41122,0.0
7,24,16,2,17858,41123,0.0
7,24,17,1,17731,41124,0.0
7,24,18,1,19060,41125,0.0
7,24,19,2,19129,41126,0.0
7,24,20,2,19303,41127,0.0
7,24,21,2,20164,41128,0.0
7,24,22,1,20708,41129,0.0
7,24,23,1,19900,41130,19915.71520549059
7,25,0,0,18815,41131,18840.739956378937
7,25,1,0,19597,41132,19621.1847114563
7,25,2,0,18589,41133,18600.36257094145
7,25,3,0,18550,41134,18575.37653762102
7,25,4,0,18306,41135,18323.382607102394
7,25,5,0,17148,41136,17161.09777790308
7,25,6,0,16572,41137,16596.070748209953
7,25,7,0,15578,41138,15590.699825823305
7,25,8,1,13945,41139,13943.702477455137
7,25,9,1,13365,41140,13384.685915350912
7,25,10,1,13006,41141,13023.042049676178
7,25,11,1,12620,41142,12633.135272234676
7,25,12,1,12979,41143,12996.769000917671
7,25,13,1,12899,41144,12912.156966507433
7,25,14,2,13348,41145,13362.109079986809
7,25,15,2,13810,41146,13822.906760036944
7,25,16,2,14540,41147,14551.537715315817
7,25,17,1,14608,41148,14619.306462645529
7,25,18,1,15534,41149,15543.689477086065
7,25,19,2,15508,41150,15520.085402965544
7,25,20,2,15721,41151,15732.260095596312
7,25,21,2,15661,41152,15671.877621293066
7,25,22,1,15513,41153,15523.967547893522
7,25,23,1,15743,41154,15755.73318248987
7,26,0,0,15855,41155,15867.755393028257
7,26,1,0,16233,41156,16246.646056771277
7,26,2,0,17986,41157,17986.780598163605
7,26,3,0,17787,41158,17806.414703071117
7,26,4,0,17410,41159,17429.68576812744
7,26,5,0,17448,41160,17467.403935730457
7,26,6,0,18109,41161,18123.869720041752
7,26,7,0,17361,41162,17374.8284932971
7,26,8,1,16430,41163,16442.56163018942
7,26,9,1,15564,41164,15575.413001060484
7,26,10,1,15132,41165,15146.654005527495
7,26,11,1,15013,41166,15027.461782753466
7,26,12,1,15811,41167,15827.711103260515
7,26,13,1,15748,41168,15761.015747904776
7,26,14,2,16268,41169,16284.420487344263
7,26,15,2,16102,41170,16117.758141875265
7,26,16,2,17473,41171,17486.101703047752
7,26,17,1,17895,41172,17909.47527742386
7,26,18,1,18186,41173,18201.589980185032
7,26,19,2,17892,41174,17909.085832178593
7,26,20,2,17527,41175,17544.902660429478
7,26,21,2,16998,41176,17013.69231301546
7,26,22,1,16242,41177,16254.1624379158
7,26,23,1,16357,41178,16376.514178097246
7,27,0,0,16024,41179,16036.29287779331
7,27,1,0,16469,41180,16486.472240924835
7,27,2,0,16685,41181,16699.772192955017
7,27,3,0,16484,41182,16498.932730555534
7,27,4,0,16842,41183,16860.178799450397
7,27,5,0,16783,41184,16799.206443071365
7,27,6,0,16225,41185,16238.647923946379
7,27,7,0,15714,41186,15727.812683641909
7,27,8,1,14548,41187,14551.272224426268
7,27,9,1,13772,41188,13780.565358698366
7,27,10,1,13622,41189,13636.722922205923
7,27,11,1,13082,41190,13089.798942655323
7,27,12,1,11821,41191,11820.043049722908
7,27,13,1,12177,41192,12193.972901910542
7,27,14,2,12101,41193,12113.442130595444
7,27,15,2,12832,41194,12841.277052760122
7,27,16,2,12403,41195,12410.031058132647
7,27,17,1,13211,41196,13217.583575874565
7,27,18,1,13528,41197,13536.873293131588
7,27,19,2,13647,41198,13655.266845464705
7,27,20,2,13995,41199,14002.90518760681
7,27,21,2,13677,41200,13685.454566180704
7,27,22,1,13691,41201,13699.144929170607
7,27,23,1,13683,41202,13691.778875648974
7,28,0,0,13363,41203,13370.677314937113
7,28,1,0,14416,41204,14423.584293186663
7,28,2,0,14698,41205,14709.932041525839
7,28,3,0,14714,41206,14725.186339259146
7,28,4,0,14694,41207,14705.156721949576
7,28,5,0,15263,41208,15275.106761515139
7,28,6,0,16271,41209,16281.066686868666
7,28,7,0,16466,41210,16482.35097837448
7,28,8,1,15852,41211,15866.514970362185
7,28,9,1,14719,41212,14724.546347975729
7,28,10,1,14600,41213,14613.40412545204
7,28,11,1,14665,41214,14677.6590744853
7,28,12,1,14750,41215,14761.164750337599
7,28,13,1,14848,41216,14859.102757096289
7,28,14,2,14827,41217,14838.8428132534
7,28,15,2,15712,41218,15725.295794844626
7,28,16,2,15241,41219,15254.466163516043
7,28,17,1,16722,41220,16732.402957320213
7,28,18,1,17534,41221,17546.80768942833
7,28,19,2,17913,41222,17929.41874206066
7,28,20,2,17635,41223,17653.793485045433
7,28,21,2,17572,41224,17590.83873808384
7,28,22,1,18293,41225,18306.919534623623
7,28,23,1,17951,41226,17965.564183831215
7,29,0,0,17575,41227,17591.7283962965
7,29,1,0,17906,41228,17923.890026152134
7,29,2,0,17891,41229,17906.076642394066
7,29,3,0,17217,41230,17231.202317595482
7,29,4,0,17018,41231,17037.615503668785
7,29,5,0,17605,41232,17623.356976509094
7,29,6,0,16513,41233,16521.269129633904
7,29,7,0,14519,41234,14511.691225051878
7,29,8,1,13336,41235,13345.689962953327
7,29,9,1,12419,41236,12429.62859341502
7,29,10,1,12022,41237,12036.37241104245
7,29,11,1,12653,41238,12670.311469197271
7,29,12,1,12876,41239,12887.502796798943
7,29,13,1,12018,41240,12022.974791318176
7,29,14,2,13166,41241,13178.200815558432
7,29,15,2,13509,41242,13521.90118935704
7,29,16,2,13906,41243,13915.614947915075
7,29,17,1,13575,41244,13582.831788063047
7,29,18,1,13750,41245,13758.762578725813
7,29,19,2,13531,41246,13538.937440842388
7,29,20,2,14504,41247,14511.766828417776
7,29,21,2,16222,41248,16221.236292958258
7,29,22,1,17478,41249,17482.641530394554
7,29,23,1,18395,41250,18404.745894551277
7,30,0,0,18088,41251,18111.459339618683
7,30,1,0,18070,41252,18090.49610865116
7,30,2,0,18381,41253,18397.317424297333
7,30,3,0,18101,41254,18116.982780873775
7,30,4,0,17950,41255,17966.531203627586
7,30,5,0,18392,41256,18406.260599195957
7,30,6,0,18322,41257,18336.04880821705
7,30,7,0,16884,41258,16893.30362302065
7,30,8,1,14613,41259,14603.638104617594
7,30,9,1,13059,41260,13063.184360086916
7,30,10,1,12770,41261,12790.278626471756
7,30,11,1,13053,41262,13069.364056140183
7,30,12,1,12919,41263,12927.268848598002
7,30,13,1,12955,41264,12965.107893675564
7,30,14,2,13182,41265,13194.91223630309
7,30,15,2,14206,41266,14219.00510150194
7,30,16,2,15535,41267,15544.340896785257
7,30,17,1,16157,41268,16172.40355145931
7,30,18,1,16490,41269,16506.487792491913
7,30,19,2,16641,41270,16657.026401519775
7,30,20,2,16755,41271,16769.725525915623
7,30,21,2,17414,41272,17425.985598742962
7,30,22,1,18860,41273,18857.87115162611
7,30,23,1,19433,41274,19438.33269637823
7,31,0,0,19780,41275,19789.467254638672
7,31,1,0,20116,41276,20125.448612689972
7,31,2,0,20106,41277,20119.305399656296
7,31,3,0,20215,41278,20228.003699421883
7,31,4,0,20089,41279,20103.089356780052
7,31,5,0,19805,41280,19822.435596823692
7,31,6,0,19300,41281,19320.18133854866
7,31,7,0,18500,41282,18521.389580607414
7,31,8,1,17782,41283,17804.38571971655
7,31,9,1,15557,41284,15550.930697143076
7,31,10,1,15913,41285,15955.413100242613
7,31,11,1,16487,41286,16506.42801308632
7,31,12,1,16257,41287,16268.595647931097
7,31,13,1,17144,41288,17161.865239977837
7,31,14,2,17915,41289,17928.964242756367
7,31,15,2,18182,41290,18198.950895249844
7,31,16,2,19379,41291,19384.815183520317
7,31,17,1,19998,41292,20002.11227053404
7,31,18,1,20369,41293,20375.22982609272
7,31,19,2,20804,41294,20806.379997849464
7,31,20,2,20773,41295,20780.157058298588
7,31,21,2,20952,41296,20958.233753800392
7,31,22,1,20557,41297,20569.310699224472
7,31,23,1,20689,41298,20701.607798457146
8,1,0,0,20820,41299,20825.875116944313
8,1,1,0,21016,41300,21019.51643562317
8,1,2,0,20189,41301,20206.226413607597
8,1,3,0,20760,41302,20776.37073624134
8,1,4,0,20792,41303,20797.00430136919
8,1,5,0,19970,41304,19990.07551139593
8,1,6,0,19387,41305,19417.59891283512
8,1,7,0,19365,41306,19391.424324274063
8,1,8,1,17008,41307,17009.448854327202
8,1,9,1,15157,41308,15177.667209506033
8,1,10,1,14542,41309,14576.57034140825
8,1,11,1,15002,41310,15033.44236063957
8,1,12,1,15884,41311,15902.774696290491
8,1,13,1,15992,41312,16006.144716978071
8,1,14,2,15222,41313,15234.246658682821
8,1,15,2,16063,41314,16090.357196390627
8,1,16,2,16736,41315,16755.576268076897
8,1,17,1,17589,41316,17602.81835514307
8,1,18,1,17464,41317,17479.32904803753
8,1,19,2,16938,41318,16953.111160099506
8,1,20,2,16434,41319,16448.536054313183
8,1,21,2,16640,41320,16657.6523270607
8,1,22,1,17122,41321,17135.137691915035
8,1,23,1,17587,41322,17597.377550125122
8,2,0,0,16715,41323,16723.708570241928
8,2,1,0,16566,41324,16584.63090401888
8,2,2,0,16105,41325,16119.19460582733
8,2,3,0,15412,41326,15422.978154122828
8,2,4,0,15763,41327,15782.809736788271
8,2,5,0,16903,41328,16916.747699320316
8,2,6,0,16705,41329,16718.47875136137
8,2,7,0,16183,41330,16196.929810822008
8,2,8,1,16358,41331,16377.518999576567
8,2,9,1,16148,41332,16163.705647945402
8,2,10,1,16316,41333,16332.55961191654
8,2,11,1,15775,41334,15785.781124889849
8,2,12,1,15955,41335,15971.988698661326
8,2,13,1,14650,41336,14650.503400385378
8,2,14,2,15515,41337,15538.221419692038
8,2,15,2,16230,41338,16244.929157078264
8,2,16,2,16503,41339,16516.835783421993
8,2,17,1,16853,41340,16867.604632377625
8,2,18,1,16689,41341,16704.803333222866
8,2,19,2,17015,41342,17032.3056858778
8,2,20,2,17301,41343,17316.2288518548
8,2,21,2,17345,41344,17359.715732097626
8,2,22,1,17143,41345,17157.75276851654
8,2,23,1,17137,41346,17153.30447745323
8,3,0,0,17125,41347,17140.751681387424
8,3,1,0,17240,41348,17255.810334086418
8,3,2,0,17591,41349,17606.05875056982
8,3,3,0,17399,41350,17413.702689111233
8,3,4,0,17272,41351,17289.03361785412
8,3,5,0,17507,41352,17524.60491490364
8,3,6,0,17193,41353,17208.184609115124
8,3,7,0,16370,41354,16382.240693509577
8,3,8,1,15268,41355,15275.972683787344
8,3,9,1,13736,41356,13734.178298175333
8,3,10,1,13442,41357,13460.8365265429
8,3,11,1,14917,41358,14939.09375554323
8,3,12,1,15158,41359,15171.353449344633
8,3,13,1,13838,41360,13837.790952920912
8,3,14,2,13477,41361,13489.99832716584
8,3,15,2,14103,41362,14122.780478000639
8,3,16,2,13761,41363,13772.016903698443
8,3,17,1,14221,41364,14232.807111322878
8,3,18,1,15424,41365,15433.665481090544
8,3,19,2,15398,41366,15411.606880426405
8,3,20,2,14860,41367,14869.245036542414
8,3,21,2,15797,41368,15810.964957714079
8,3,22,1,16247,41369,16261.026520252226
8,3,23,1,16278,41370,16291.415556907652
8,4,0,0,16022,41371,16034.40631008148
8,4,1,0,16831,41372,16845.368451714516
8,4,2,0,17130,41373,17144.10987740755
8,4,3,0,17194,41374,17208.858885645866
8,4,4,0,17370,41375,17385.47538125515
8,4,5,0,17070,41376,17085.621882796288
8,4,6,0,16723,41377,16738.816935896873
8,4,7,0,16027,41378,16038.986467480658
8,4,8,1,15239,41379,15248.613056421278
8,4,9,1,13880,41380,13878.531496942041
8,4,10,1,13581,41381,13595.501066058872
8,4,11,1,13759,41382,13774.33423477411
8,4,12,1,14123,41383,14136.165790200232
8,4,13,1,14389,41384,14401.051852822302
8,4,14,2,13918,41385,13927.278085768221
8,4,15,2,15827,41386,15836.218240141867
8,4,16,2,16335,41387,16352.507472097872
8,4,17,1,16445,41388,16462.00576096773
8,4,18,1,16952,41389,16967.315801799297
8,4,19,2,17470,41390,17484.64589869976
8,4,20,2,17831,41391,17844.796597898006
8,4,21,2,18109,41392,18122.38490509987
8,4,22,1,18260,41393,18274.007455408573
8,4,23,1,18474,41394,18488.030034959316
8,5,0,0,18072,41395,18087.50625926256
8,5,1,0,18207,41396,18225.049880445004
8,5,2,0,18280,41397,18295.392658650875
8,5,3,0,18222,41398,18237.698499381542
8,5,4,0,18257,41399,18273.3287833333
8,5,5,0,18557,41400,18571.98141902685
8,5,6,0,18265,41401,18280.531322598457
8,5,7,0,17037,41402,17049.710283994675
8,5,8,1,15476,41403,15483.088104665278
8,5,9,1,15472,41404,15501.09489238262
8,5,10,1,15347,41405,15363.094134569166
8,5,11,1,17419,41406,17427.664696753025
8,5,12,1,16289,41407,16299.948187947271
8,5,13,1,16409,41408,16432.490558564663
8,5,14,2,16781,41409,16801.7461887002
8,5,15,2,16550,41410,16567.11641728878
8,5,16,2,17793,41411,17806.573821783066
8,5,17,1,19056,41412,19055.56076681614
8,5,18,1,19696,41413,19699.459689319134
8,5,19,2,19163,41414,19180.916422128677
8,5,20,2,19135,41415,19155.772149205208
8,5,21,2,19150,41416,19166.26167666912
8,5,22,1,19061,41417,19075.632581353188
8,5,23,1,19832,41418,19837.4929741621
8,6,0,0,19604,41419,19612.71449714899
8,6,1,0,20121,41420,20129.747455239296
8,6,2,0,19978,41421,19988.762122690678
8,6,3,0,19961,41422,19976.912613749504
8,6,4,0,19461,41423,19480.085973858833
8,6,5,0,19780,41424,19798.492186665535
8,6,6,0,19390,41425,19404.935349047184
8,6,7,0,18239,41426,18258.544808864594
8,6,8,1,16903,41427,16923.583650171757
8,6,9,1,17554,41428,17590.670828282833
8,6,10,1,16915,41429,16925.953727781773
8,6,11,1,16126,41430,16139.785973727701
8,6,12,1,16423,41431,16448.640668272972
8,6,13,1,16705,41432,16724.149882912636
8,6,14,2,15576,41433,15582.69905567169
8,6,15,2,16539,41434,16566.954661250114
8,6,16,2,18155,41435,18161.420856952667
8,6,17,1,19589,41436,19581.606349408627
8,6,18,1,19329,41437,19345.805604934692
8,6,19,2,18811,41438,18834.391031861305
8,6,20,2,18636,41439,18658.835620701313
8,6,21,2,18745,41440,18762.134433567524
8,6,22,1,18487,41441,18500.241736769676
8,6,23,1,18429,41442,18444.022722244263
8,7,0,0,17759,41443,17772.521538317204
8,7,1,0,17440,41444,17460.001838743687
8,7,2,0,17851,41445,17870.473610818386
8,7,3,0,17295,41446,17307.780615270138
8,7,4,0,16823,41447,16840.798843622208
8,7,5,0,16424,41448,16442.351523160934
8,7,6,0,15796,41449,15810.681884646414
8,7,7,0,15434,41450,15450.772061288355
8,7,8,1,13492,41451,13480.029232174156
8,7,9,1,12640,41452,12652.626874893902
8,7,10,1,13578,41453,13605.659609019754
8,7,11,1,12394,41454,12396.113445490597
8,7,12,1,13266,41455,13283.005102425812
8,7,13,1,13570,41456,13583.590019494293
8,7,14,2,12855,41457,12861.60688576102
8,7,15,2,12928,41458,12938.348697692154
8,7,16,2,14124,41459,14134.242299914358
8,7,17,1,15581,41460,15585.090231895445
8,7,18,1,16513,41461,16521.515280127525
8,7,19,2,15500,41462,15513.405933499334
8,7,20,2,15402,41463,15415.652539610861
8,7,21,2,15103,41464,15114.832900464533
8,7,22,1,14740,41465,14749.71963149309
8,7,23,1,13830,41466,13832.50135463476
8,8,0,0,13717,41467,13727.918163657187
8,8,1,0,13352,41468,13360.869096875189
8,8,2,0,13788,41469,13800.103554129599
8,8,3,0,13673,41470,13682.828667879103
8,8,4,0,13682,41471,13691.54151624441
8,8,5,0,13650,41472,13659.708982765673
8,8,6,0,13683,41473,13692.953365147112
8,8,7,0,12445,41474,12446.913193166254
8,8,8,1,11597,41475,11601.639870494602
8,8,9,1,10646,41476,10655.432977467774
8,8,10,1,10659,41477,10672.09868454933
8,8,11,1,11316,41478,11321.989173799751
8,8,12,1,11782,41479,11784.858034431933
8,8,13,1,11808,41480,11812.576338231562
8,8,14,2,11878,41481,11883.011862426994
8,8,15,2,12744,41482,12744.098156541584
8,8,16,2,12952,41483,12959.024020493029
8,8,17,1,13046,41484,13052.24209153652
8,8,18,1,13482,41485,13487.229573667048
8,8,19,2,13819,41486,13827.091318428515
8,8,20,2,13709,41487,13719.062020540236
8,8,21,2,13706,41488,13714.904714524744
8,8,22,1,13709,41489,13718.633015394209
8,8,23,1,13818,41490,13827.682958722113
8,9,0,0,13386,41491,13395.114784300325
8,9,1,0,13589,41492,13597.16258189082
8,9,2,0,13410,41493,13419.20500564575
8,9,3,0,13816,41494,13823.732243299482
8,9,4,0,13439,41495,13448.08153542876
8,9,5,0,13564,41496,13571.534359514711
8,9,6,0,13123,41497,13131.006733059881
8,9,7,0,12937,41498,12944.148618698118
8,9,8,1,12338,41499,12344.534367769955
8,9,9,1,12100,41500,12107.052767068146
8,9,10,1,12775,41501,12780.699855834244
8,9,11,1,12742,41502,12750.679165810345
8,9,12,1,11804,41503,11810.177689582108
8,9,13,1,11518,41504,11525.435194104908
8,9,14,2,11808,41505,11816.100685834883
8,9,15,2,12664,41506,12666.435917586086
8,9,16,2,13300,41507,13303.414934337137
8,9,17,1,13652,41508,13658.415813565252
8,9,18,1,13728,41509,13736.987930238245
8,9,19,2,14193,41510,14201.356111109255
8,9,20,2,14428,41511,14439.148916363714
8,9,21,2,15026,41512,15035.774636566637
8,9,22,1,15040,41513,15053.402528345583
8,9,23,1,14860,41514,14872.091591179369
8,10,0,0,14435,41515,14445.086417913435
8,10,1,0,14780,41516,14791.864991545675
8,10,2,0,14928,41517,14940.361430585383
8,10,3,0,14842,41518,14853.425471782683
8,10,4,0,14057,41519,14063.509197354315
8,10,5,0,14011,41520,14021.157246708868
8,10,6,0,13817,41521,13826.682532787321
8,10,7,0,13815,41522,13824.354652404783
8,10,8,1,14168,41523,14177.811816394327
8,10,9,1,13289,41524,13294.44099062681
8,10,10,1,14416,41525,14425.497234165667
8,10,11,1,14924,41526,14937.083233475683
8,10,12,1,15022,41527,15035.199699342249
8,10,13,1,15319,41528,15331.70027643442
8,10,14,2,14882,41529,14893.995468676088
8,10,15,2,15270,41530,15283.667524039744
8,10,16,2,16166,41531,16178.127429544924
8,10,17,1,17673,41532,17675.976919174194
8,10,18,1,17910,41533,17927.43019771576
8,10,19,2,18441,41534,18456.133326530457
8,10,20,2,18759,41535,18774.571187257767
8,10,21,2,18684,41536,18701.889979362488
8,10,22,1,18324,41537,18342.439050853252
8,10,23,1,18566,41538,18583.354450941086
8,11,0,0,17540,41539,17552.63442325592
8,11,1,0,17591,41540,17613.608537852764
8,11,2,0,17729,41541,17745.062571644783
8,11,3,0,17984,41542,17998.49208700657
8,11,4,0,18099,41543,18113.299314558506
8,11,5,0,18271,41544,18286.911895036697
8,11,6,0,18192,41545,18209.110756874084
8,11,7,0,17431,41546,17447.73739039898
8,11,8,1,17621,41547,17644.5303145051
8,11,9,1,16331,41548,16337.910747826098
8,11,10,1,16109,41549,16132.142121791838
8,11,11,1,15423,41550,15434.364372670649
8,11,12,1,15070,41551,15085.265830636023
8,11,13,1,15008,41552,15024.13259732723
8,11,14,2,15558,41553,15576.400240361689
8,11,15,2,16365,41554,16380.19676530361
8,11,16,2,17100,41555,17113.549414515495
8,11,17,1,15799,41556,15807.439731001852
8,11,18,1,16109,41557,16132.3337675333
8,11,19,2,15587,41558,15599.744098246096
8,11,20,2,15420,41559,15434.331845641134
8,11,21,2,16311,41560,16326.547386109827
8,11,22,1,16112,41561,16123.764213919638
8,11,23,1,15983,41562,15996.201995253561
8,12,0,0,15632,41563,15644.449423432348
8,12,1,0,16424,41564,16441.561204254627
8,12,2,0,16140,41565,16152.853927612303
8,12,3,0,16237,41566,16252.172135353087
8,12,4,0,16189,41567,16203.327086329458
8,12,5,0,16591,41568,16606.927743196487
8,12,6,0,16342,41569,16355.349631190298
8,12,7,0,15666,41570,15676.40854859352
8,12,8,1,14915,41571,14924.029345333574
8,12,9,1,13692,41572,13692.764356732367
8,12,10,1,13397,41573,13410.685561239718
8,12,11,1,14699,41574,14717.095020890234
8,12,12,1,14663,41575,14675.119328856466
8,12,13,1,16905,41576,16903.260410487652
8,12,14,2,16274,41577,16296.057251930235
8,12,15,2,16308,41578,16327.622536301611
8,12,16,2,17234,41579,17249.62404471636
8,12,17,1,18118,41580,18128.791850805283
8,12,18,1,18846,41581,18854.019775509834
8,12,19,2,19058,41582,19070.55309009552
8,12,20,2,18548,41583,18566.122158169746
8,12,21,2,18882,41584,18899.841569006443
8,12,22,1,19168,41585,19179.770064115524
8,12,23,1,18698,41586,18713.007190585136
8,13,0,0,18500,41587,18519.346531510353
8,13,1,0,19198,41588,19210.937112152576
8,13,2,0,18721,41589,18734.33173531294
8,13,3,0,18665,41590,18684.93724322319
8,13,4,0,17764,41591,17780.30253124237
8,13,5,0,17636,41592,17661.127890646458
8,13,6,0,17457,41593,17475.255257368088
8,13,7,0,14874,41594,14854.64391672611
8,13,8,1,14198,41595,14225.032272160051
8,13,9,1,13923,41596,13943.707752108572
8,13,10,1,14075,41597,14093.667028367518
8,13,11,1,12684,41598,12679.7939774096
8,13,12,1,12712,41599,12730.419221967457
8,13,13,1,13669,41600,13689.163526654242
8,13,14,2,13449,41601,13461.393002480267
8,13,15,2,14642,41602,14653.771048188208
8,13,16,2,15589,41603,15600.816611111162
8,13,17,1,16916,41604,16922.936626017094
8,13,18,1,18061,41605,18067.408950567245
8,13,19,2,17193,41606,17213.41442799568
8,13,20,2,16482,41607,16496.81495720148
8,13,21,2,17257,41608,17274.605682492256
8,13,22,1,18295,41609,18301.287962973118
8,13,23,1,19583,41610,19576.11103963852
8,14,0,0,19882,41611,19888.325688421726
8,14,1,0,20702,41612,20701.277253508568
8,14,2,0,20801,41613,20808.882820904255
8,14,3,0,20416,41614,20435.136702477932
8,14,4,0,20023,41615,20045.789038300514
8,14,5,0,19291,41616,19314.520756304264
8,14,6,0,20186,41617,20198.426080286503
8,14,7,0,19810,41618,19817.809725761414
8,14,8,1,16240,41619,16219.489503562449
8,14,9,1,12625,41620,12606.112783133982
8,14,10,1,14183,41621,14267.859820723532
8,14,11,1,15143,41622,15164.986942648886
8,14,12,1,15651,41623,15660.7577727437
8,14,13,1,14248,41624,14246.877249360083
8,14,14,2,15264,41625,15294.352213680742
8,14,15,2,14827,41626,14845.671731233595
8,14,16,2,15829,41627,15850.665515899656
8,14,17,1,16463,41628,16479.151901066303
8,14,18,1,16536,41629,16551.99838143587
8,14,19,2,16986,41630,17001.15885734558
8,14,20,2,17466,41631,17479.352783977985
8,14,21,2,17147,41632,17159.95317810774
8,14,22,1,17773,41633,17786.46156823635
8,14,23,1,18492,41634,18499.40922063589
8,15,0,0,18804,41635,18812.78077673912
8,15,1,0,19444,41636,19449.751441955566
8,15,2,0,19090,41637,19104.00406306982
8,15,3,0,17433,41638,17445.35940080881
8,15,4,0,17971,41639,18004.01816558838
8,15,5,0,18697,41640,18707.94176506996
8,15,6,0,18995,41641,19002.855550587177
8,15,7,0,19323,41642,19332.65853124857
8,15,8,1,18350,41643,18367.192120313644
8,15,9,1,17303,41644,17325.096423387527
8,15,10,1,17479,41645,17508.385355591774
8,15,11,1,16463,41646,16472.68869239092
8,15,12,1,17084,41647,17109.189034342766
8,15,13,1,15805,41648,15807.645442485808
8,15,14,2,15202,41649,15219.061810553072
8,15,15,2,16155,41650,16180.780580222605
8,15,16,2,16748,41651,16763.73615694046
8,15,17,1,17303,41652,17317.067521750927
8,15,18,1,19217,41653,19209.563064932823
8,15,19,2,19799,41654,19804.994076132774
8,15,20,2,19966,41655,19979.912133336067
8,15,21,2,20173,41656,20185.60251867771
8,15,22,1,19515,41657,19533.618431568146
8,15,23,1,19044,41658,19066.357103288174
8,16,0,0,18418,41659,18437.41885614395
8,16,1,0,18726,41660,18745.764546632767
8,16,2,0,19080,41661,19089.077672958374
8,16,3,0,19230,41662,19239.157387137413
8,16,4,0,19161,41663,19174.8338676095
8,16,5,0,19059,41664,19076.981134414673
8,16,6,0,19042,41665,19060.752784013748
8,16,7,0,18947,41666,18965.111888825893
8,16,8,1,17698,41667,17713.06828212738
8,16,9,1,15535,41668,15535.864528715609
8,16,10,1,15007,41669,15040.462924361227
8,16,11,1,16215,41670,16245.802991330622
8,16,12,1,14477,41671,14467.788526296614
8,16,13,1,15664,41672,15694.639509081839
8,16,14,2,16005,41673,16023.172177374361
8,16,15,2,16755,41674,16772.733836591244
8,16,16,2,16686,41675,16702.735669076443
8,16,17,1,17123,41676,17141.614966332912
8,16,18,1,16726,41677,16741.194046378136
8,16,19,2,17183,41678,17200.81064361334
8,16,20,2,18231,41679,18239.13672155142
8,16,21,2,19041,41680,19044.254547178745
8,16,22,1,19930,41681,19927.83284264803
8,16,23,1,20127,41682,20133.58652383089
8,17,0,0,19647,41683,19664.682141005993
8,17,1,0,19831,41684,19848.176784694195
8,17,2,0,19345,41685,19361.079243063927
8,17,3,0,19620,41686,19636.22714394331
8,17,4,0,18965,41687,18979.347299337387
8,17,5,0,18806,41688,18827.989360809326
8,17,6,0,18025,41689,18042.260282099247
8,17,7,0,17084,41690,17102.977250814438
8,17,8,1,17762,41691,17789.676469504833
8,17,9,1,16214,41692,16215.039454281328
8,17,10,1,16972,41693,17004.513536930084
8,17,11,1,17205,41694,17221.225310623646
8,17,12,1,16759,41695,16774.172937870026
8,17,13,1,16840,41696,16860.805604100227
8,17,14,2,17671,41697,17688.82070028782
8,17,15,2,18452,41698,18462.27478134632
8,17,16,2,18510,41699,18523.76405376196
8,17,17,1,18032,41700,18049.779300570488
8,17,18,1,19509,41701,19514.852972865105
8,17,19,2,20142,41702,20139.435235381126
8,17,20,2,19850,41703,19861.654403328896
8,17,21,2,20095,41704,20107.639624476433
8,17,22,1,19875,41705,19888.693155944347
8,17,23,1,19699,41706,19716.025617539883
8,18,0,0,19016,41707,19034.66786456108
8,18,1,0,19757,41708,19772.72022998333
8,18,2,0,19893,41709,19898.1110496521
8,18,3,0,19576,41710,19590.111728072166
8,18,4,0,18925,41711,18946.39741843939
8,18,5,0,19281,41712,19303.954746365547
8,18,6,0,19173,41713,19187.420948922634
8,18,7,0,17541,41714,17552.419041574
8,18,8,1,16302,41715,16325.549597501753
8,18,9,1,14694,41716,14701.823140978811
8,18,10,1,14142,41717,14166.866910517214
8,18,11,1,13932,41718,13951.149408996103
8,18,12,1,13970,41719,13987.111996114252
8,18,13,1,15071,41720,15090.778722584246
8,18,14,2,15725,41721,15741.556672275065
8,18,15,2,16578,41722,16594.149895250797
8,18,16,2,17498,41723,17512.342224776745
8,18,17,1,18866,41724,18869.136932253838
8,18,18,1,19423,41725,19432.109484434128
8,18,19,2,19305,41726,19320.9918769598
8,18,20,2,19229,41727,19244.941923737526
8,18,21,2,18952,41728,18967.417791485786
8,18,22,1,19413,41729,19424.05684685707
8,18,23,1,19597,41730,19603.472425222397
8,19,0,0,18174,41731,18185.36954176426
8,19,1,0,18871,41732,18898.729496240616
8,19,2,0,18041,41733,18053.981441140175
8,19,3,0,18463,41734,18485.995776951313
8,19,4,0,18397,41735,18411.18624639511
8,19,5,0,18966,41736,18979.52839577198
8,19,6,0,19070,41737,19081.86194705963
8,19,7,0,18754,41738,18771.798477768898
8,19,8,1,18265,41739,18286.23058563471
8,19,9,1,16461,41740,16467.80348420143
8,19,10,1,16781,41741,16818.858043551445
8,19,11,1,16837,41742,16854.513821661472
8,19,12,1,15086,41743,15079.696675717829
8,19,13,1,14396,41744,14413.491243839262
8,19,14,2,14954,41745,14981.64790123701
8,19,15,2,16470,41746,16485.943896472454
8,19,16,2,17592,41747,17599.869823873043
8,19,17,1,17437,41748,17454.382574617863
8,19,18,1,18398,41749,18412.62007302046
8,19,19,2,19071,41750,19081.086573004723
8,19,20,2,18966,41751,18981.29364645481
8,19,21,2,18094,41752,18110.70154774189
8,19,22,1,18063,41753,18084.822339773178
8,19,23,1,18397,41754,18411.602944016457
8,20,0,0,18588,41755,18598.55951857567
8,20,1,0,18027,41756,18039.697679638863
8,20,2,0,17237,41757,17253.402454793453
8,20,3,0,17468,41758,17492.348650932312
8,20,4,0,17206,41759,17221.712336957455
8,20,5,0,17988,41760,18004.604531228542
8,20,6,0,17987,41761,18000.012066304684
8,20,7,0,18069,41762,18086.06891620159
8,20,8,1,17330,41763,17345.82317405939
8,20,9,1,16031,41764,16041.629947960375
8,20,10,1,15497,41765,15517.815543770788
8,20,11,1,15884,41766,15907.1016703248
8,20,12,1,15730,41767,15742.818193554876
8,20,13,1,15408,41768,15419.897756516932
8,20,14,2,15545,41769,15562.15955519676
8,20,15,2,15550,41770,15565.875548541544
8,20,16,2,17017,41771,17030.345273017883
8,20,17,1,18075,41772,18082.47160255909
8,20,18,1,19306,41773,19305.645272791386
8,20,19,2,19261,41774,19276.99862998724
8,20,20,2,19247,41775,19265.57636797428
8,20,21,2,19914,41776,19922.178414165974
8,20,22,1,20141,41777,20146.563929498196
8,20,23,1,20019,41778,20029.90090304613
