数据日期,用户名称,地址码,运行容量,电能表号,综合倍率,总(正向有功),尖(正向有功),峰(正向有功),平(正向有功),谷(正向有功),总(正向无功)
2015/5/28,武汉光谷激光技术股份有限公司,01247(04DF),800,1975,1000,3215.09,0,879.07,1983.61,352.41,1677.59
2015/5/29,武汉光谷激光技术股份有限公司,01247(04DF),800,1975,1000,3216.46,0,879.42,1984.47,352.56,1678.21
2015/5/30,武汉光谷激光技术股份有限公司,01247(04DF),800,1975,1000,3216.85,0,879.53,1984.66,352.66,1678.34
2015/5/31,武汉光谷激光技术股份有限公司,01247(04DF),800,1975,1000,3217.33,0,879.68,1984.88,352.77,1678.48
2015/6/1,武汉光谷激光技术股份有限公司,01247(04DF),800,1975,1000,3218.95,0,880.11,1985.93,352.9,1679.02
2015/6/2,武汉光谷激光技术股份有限公司,01247(04DF),800,1975,1000,3220.6,0,880.5,1987.02,353.07,1679.73
2015/6/3,武汉光谷激光技术股份有限公司,01247(04DF),800,1975,1000,3221.76,0,880.79,1987.76,353.21,1680.26
2015/6/4,武汉光谷激光技术股份有限公司,01247(04DF),800,1975,1000,3223.09,0,881.1,1988.66,353.32,1680.88
2015/6/5,武汉光谷激光技术股份有限公司,01247(04DF),800,1975,1000,3224.16,0,881.37,1989.33,353.45,1681.3
2015/6/6,武汉光谷激光技术股份有限公司,01247(04DF),800,1975,1000,3224.57,0,881.49,1989.52,353.55,1681.44
2015/6/7,武汉光谷激光技术股份有限公司,01247(04DF),800,1975,1000,3224.93,0,881.59,1989.66,353.67,1681.57
2015/6/8,武汉光谷激光技术股份有限公司,01247(04DF),800,1975,1000,3226.37,0,881.91,1990.65,353.8,1682.29
2015/6/9,武汉光谷激光技术股份有限公司,01247(04DF),800,1975,1000,3227.75,0,882.24,1991.55,353.95,1682.94
2015/6/10,武汉光谷激光技术股份有限公司,01247(04DF),800,1975,1000,3229.61,0,882.64,1992.84,354.12,1683.75
2015/6/11,武汉光谷激光技术股份有限公司,01247(04DF),800,1975,1000,3231.34,0,883.1,1993.95,354.28,1684.42
2015/6/12,武汉光谷激光技术股份有限公司,01247(04DF),800,1975,1000,3233.22,0,883.66,1995.12,354.43,1685.15
2015/6/13,武汉光谷激光技术股份有限公司,01247(04DF),800,1975,1000,3234.42,0,883.95,1995.9,354.56,1685.65
2015/6/14,武汉光谷激光技术股份有限公司,01247(04DF),800,1975,1000,3234.85,0,884.07,1996.08,354.7,1685.79
2015/6/15,武汉光谷激光技术股份有限公司,01247(04DF),800,1975,1000,3236.84,0,884.57,1997.43,354.84,1686.59
2015/6/16,武汉光谷激光技术股份有限公司,01247(04DF),800,1975,1000,3238.92,0,885,1998.9,355.01,1687.39
2015/6/17,武汉光谷激光技术股份有限公司,01247(04DF),800,1975,1000,3240.54,0,885.43,1999.9,355.2,1688.21
2015/6/18,武汉光谷激光技术股份有限公司,01247(04DF),800,1975,1000,3242.36,0,885.91,2001.1,355.34,1689.02
2015/6/19,武汉光谷激光技术股份有限公司,01247(04DF),800,1975,1000,3244.03,0,886.35,2002.16,355.52,1689.71
2015/6/20,武汉光谷激光技术股份有限公司,01247(04DF),800,1975,1000,3244.51,0,886.48,2002.38,355.64,1689.86
2015/6/21,武汉光谷激光技术股份有限公司,01247(04DF),800,1975,1000,3244.9,0,886.58,2002.55,355.76,1690.02
2015/6/22,武汉光谷激光技术股份有限公司,01247(04DF),800,1975,1000,3245.9,0,886.78,2003.21,355.91,1690.52
2015/6/23,武汉光谷激光技术股份有限公司,01247(04DF),800,1975,1000,3248.56,0,887.6,2004.9,356.04,1691.66
2015/6/24,武汉光谷激光技术股份有限公司,01247(04DF),800,1975,1000,3252.12,0,888.43,2007.43,356.25,1693.12
2015/6/25,武汉光谷激光技术股份有限公司,01247(04DF),800,1975,1000,3255.56,0,889.25,2009.82,356.48,1694.48
2015/6/26,武汉光谷激光技术股份有限公司,01247(04DF),800,1975,1000,3258.7,0,890,2011.99,356.69,1695.78
2015/6/27,武汉光谷激光技术股份有限公司,01247(04DF),800,1975,1000,3260.3,0,890.4,2012.97,356.92,1696.41
2015/6/28,武汉光谷激光技术股份有限公司,01247(04DF),800,1975,1000,3261.2,0,890.64,2013.44,357.11,1696.75
2015/6/29,武汉光谷激光技术股份有限公司,01247(04DF),800,1975,1000,3264.68,0,891.6,2015.72,357.35,1697.96
2015/6/30,武汉光谷激光技术股份有限公司,01247(04DF),800,1975,1000,3268.86,0,892.71,2018.52,357.62,1699.89
2015/7/1,武汉光谷激光技术股份有限公司,01247(04DF),800,1975,1000,3271.14,0,893.31,2020.04,357.79,1700.82
2015/7/2,武汉光谷激光技术股份有限公司,01247(04DF),800,1975,1000,3274.22,0,894.17,2022.01,358.02,1702.01
2015/7/3,武汉光谷激光技术股份有限公司,01247(04DF),800,1975,1000,3276.89,0,894.89,2023.72,358.28,1702.97
2015/7/4,武汉光谷激光技术股份有限公司,01247(04DF),800,1975,1000,3278.18,0,895.22,2024.53,358.42,1703.5
2015/7/5,武汉光谷激光技术股份有限公司,01247(04DF),800,1975,1000,3278.7,0,895.35,2024.77,358.57,1703.65
2015/7/6,武汉光谷激光技术股份有限公司,01247(04DF),800,1975,1000,3280.14,0,895.82,2025.62,358.7,1704.35
2015/7/7,武汉光谷激光技术股份有限公司,01247(04DF),800,1975,1000,3281.69,0,896.3,2026.55,358.83,1705.04
2015/7/8,武汉光谷激光技术股份有限公司,01247(04DF),800,1975,1000,3283.96,0,896.96,2027.99,359,1705.96
2015/7/9,武汉光谷激光技术股份有限公司,01247(04DF),800,1975,1000,3285.62,0,897.37,2029.08,359.16,1706.68
2015/7/10,武汉光谷激光技术股份有限公司,01247(04DF),800,1975,1000,3287.83,0,898.07,2030.45,359.3,1707.6
2015/7/11,武汉光谷激光技术股份有限公司,01247(04DF),800,1975,1000,3289.15,0,898.4,2031.29,359.45,1708.13
2015/7/12,武汉光谷激光技术股份有限公司,01247(04DF),800,1975,1000,3289.71,0,898.55,2031.55,359.6,1708.29
2015/7/13,武汉光谷激光技术股份有限公司,01247(04DF),800,1975,1000,3292.81,0,899.42,2033.56,359.82,1709.37
2015/7/14,武汉光谷激光技术股份有限公司,01247(04DF),800,1975,1000,3295.99,0,900.26,2035.62,360.1,1710.63
2015/7/15,武汉光谷激光技术股份有限公司,01247(04DF),800,1975,1000,3298.75,0,900.97,2037.42,360.34,1711.93
2015/7/16,武汉光谷激光技术股份有限公司,01247(04DF),800,1975,1000,3300.52,0,901.48,2038.54,360.49,1712.82
2015/7/17,武汉光谷激光技术股份有限公司,01247(04DF),800,1975,1000,3302.15,0,901.87,2039.63,360.65,1713.72
2015/7/18,武汉光谷激光技术股份有限公司,01247(04DF),800,1975,1000,3303.16,0,902.13,2040.25,360.77,1714.15
2015/7/19,武汉光谷激光技术股份有限公司,01247(04DF),800,1975,1000,3303.73,0,902.29,2040.52,360.91,1714.32
2015/7/20,武汉光谷激光技术股份有限公司,01247(04DF),800,1975,1000,3306.83,0,903.14,2042.59,361.09,1715.63
2015/7/21,武汉光谷激光技术股份有限公司,01247(04DF),800,1975,1000,3310.25,0,904.02,2044.89,361.33,1716.98
2015/7/22,武汉光谷激光技术股份有限公司,01247(04DF),800,1975,1000,3313.85,0,904.99,2047.25,361.6,1718.43
2015/7/23,武汉光谷激光技术股份有限公司,01247(04DF),800,1975,1000,3316.9,0,905.78,2049.26,361.85,1719.96
2015/7/24,武汉光谷激光技术股份有限公司,01247(04DF),800,1975,1000,3319.77,0,906.59,2051.11,362.07,1721.18
2015/7/25,武汉光谷激光技术股份有限公司,01247(04DF),800,1975,1000,3320.8,0,906.88,2051.61,362.3,1721.51
2015/7/26,武汉光谷激光技术股份有限公司,01247(04DF),800,1975,1000,3321.73,0,907.14,2052.02,362.56,1721.82
2015/7/27,武汉光谷激光技术股份有限公司,01247(04DF),800,1975,1000,3325.14,0,907.99,2054.27,362.87,1723.19
2015/7/28,武汉光谷激光技术股份有限公司,01247(04DF),800,1975,1000,3328.85,0,908.87,2056.7,363.26,1724.58
2015/7/29,武汉光谷激光技术股份有限公司,01247(04DF),800,1975,1000,3332.47,0,909.8,2059.03,363.62,1725.85
2015/7/30,武汉光谷激光技术股份有限公司,01247(04DF),800,1975,1000,3336.36,0,910.8,2061.54,364.01,1727.31
2015/7/31,武汉光谷激光技术股份有限公司,01247(04DF),800,1975,1000,3339.7,0,911.64,2063.67,364.39,1728.45
2015/8/1,武汉光谷激光技术股份有限公司,01247(04DF),800,1975,1000,3340.76,0,911.94,2064.14,364.67,1728.76
2015/8/2,武汉光谷激光技术股份有限公司,01247(04DF),800,1975,1000,3341.8,0,912.22,2064.59,364.98,1729.1
2015/8/3,武汉光谷激光技术股份有限公司,01247(04DF),800,1975,1000,3345.51,0,913.22,2066.77,365.51,1730.49
2015/8/4,武汉光谷激光技术股份有限公司,01247(04DF),800,1975,1000,3350.77,0,914.55,2069.87,366.34,1732.62
2015/8/5,武汉光谷激光技术股份有限公司,01247(04DF),800,1975,1000,3354.35,0,915.41,2072.18,366.75,1733.86
2015/8/6,武汉光谷激光技术股份有限公司,01247(04DF),800,1975,1000,3357.36,0,916.17,2074.09,367.09,1734.87
2015/8/7,武汉光谷激光技术股份有限公司,01247(04DF),800,1975,1000,3360.8,0,916.96,2076.37,367.47,1736.14
2015/8/8,武汉光谷激光技术股份有限公司,01247(04DF),800,1975,1000,3362.34,0,917.39,2077.22,367.73,1736.66
2015/8/9,武汉光谷激光技术股份有限公司,01247(04DF),800,1975,1000,3363.13,0,917.6,2077.56,367.96,1736.89
2015/8/10,武汉光谷激光技术股份有限公司,01247(04DF),800,1975,1000,3365.39,0,918.14,2079.05,368.2,1737.95
2015/8/11,武汉光谷激光技术股份有限公司,01247(04DF),800,1975,1000,3368.4,0,918.88,2081.06,368.45,1739.22
2015/8/12,武汉光谷激光技术股份有限公司,01247(04DF),800,1975,1000,3368.8,0,918.96,2081.17,368.67,1739.34
2015/8/13,武汉光谷激光技术股份有限公司,01247(04DF),800,1975,1000,3372.07,0,919.91,2083.26,368.9,1740.71
2015/8/14,武汉光谷激光技术股份有限公司,01247(04DF),800,1975,1000,3375.34,0,920.87,2085.33,369.13,1741.91
2015/8/15,武汉光谷激光技术股份有限公司,01247(04DF),800,1975,1000,3376.99,0,921.27,2086.3,369.4,1742.52
2015/8/16,武汉光谷激光技术股份有限公司,01247(04DF),800,1975,1000,3377.7,0,921.46,2086.63,369.6,1742.75
2015/8/17,武汉光谷激光技术股份有限公司,01247(04DF),800,1975,1000,3381.19,0,922.37,2088.95,369.85,1744.1
2015/8/18,武汉光谷激光技术股份有限公司,01247(04DF),800,1975,1000,3384.49,0,923.18,2091.17,370.13,1745.27
2015/8/19,武汉光谷激光技术股份有限公司,01247(04DF),800,1975,1000,3386.46,0,923.62,2092.45,370.37,1746.2
2015/8/20,武汉光谷激光技术股份有限公司,01247(04DF),800,1975,1000,3388.33,0,924.15,2093.65,370.52,1746.92
2015/8/21,武汉光谷激光技术股份有限公司,01247(04DF),800,1975,1000,3390.29,0,924.61,2094.97,370.71,1747.69
2015/8/22,武汉光谷激光技术股份有限公司,01247(04DF),800,1975,1000,3391.35,0,924.93,2095.54,370.88,1748.02
2015/8/23,武汉光谷激光技术股份有限公司,01247(04DF),800,1975,1000,3391.97,0,925.11,2095.81,371.04,1748.19
2015/8/24,武汉光谷激光技术股份有限公司,01247(04DF),800,1975,1000,3395.01,0,925.86,2097.93,371.22,1749.39
2015/8/25,武汉光谷激光技术股份有限公司,01247(04DF),800,1975,1000,3398.09,0,926.62,2100.08,371.38,1750.62
2015/8/26,武汉光谷激光技术股份有限公司,01247(04DF),800,1975,1000,3400.86,0,927.36,2101.93,371.57,1751.68
2015/8/27,武汉光谷激光技术股份有限公司,01247(04DF),800,1975,1000,3404.41,0,928.27,2104.42,371.71,1753.05
2015/8/28,武汉光谷激光技术股份有限公司,01247(04DF),800,1975,1000,3406.89,0,928.88,2106.07,371.93,1753.94
2015/8/29,武汉光谷激光技术股份有限公司,01247(04DF),800,1975,1000,3407.41,0,929.02,2106.29,372.1,1754.11
2015/8/30,武汉光谷激光技术股份有限公司,01247(04DF),800,1975,1000,3408.94,0,929.39,2107.26,372.28,1754.73
2015/8/31,武汉光谷激光技术股份有限公司,01247(04DF),800,1975,1000,3411.66,0,930.17,2108.98,372.5,1755.79
2015/9/1,武汉光谷激光技术股份有限公司,01247(04DF),800,1975,1000,3414.32,0,930.9,2110.71,372.7,1756.82
2015/9/2,武汉光谷激光技术股份有限公司,01247(04DF),800,1975,1000,3416.5,0,931.47,2112.13,372.89,1757.66
2015/9/3,武汉光谷激光技术股份有限公司,01247(04DF),800,1975,1000,3417.05,0,931.63,2112.37,373.05,1757.83
2015/9/4,武汉光谷激光技术股份有限公司,01247(04DF),800,1975,1000,3418.25,0,931.95,2113.1,373.19,1758.32
2015/9/5,武汉光谷激光技术股份有限公司,01247(04DF),800,1975,1000,3419.54,0,932.24,2113.94,373.36,1758.85
2015/9/6,武汉光谷激光技术股份有限公司,01247(04DF),800,1975,1000,3421.78,0,932.84,2115.37,373.57,1759.61
2015/9/7,武汉光谷激光技术股份有限公司,01247(04DF),800,1975,1000,3424.45,0,933.57,2117.09,373.78,1760.74
2015/9/8,武汉光谷激光技术股份有限公司,01247(04DF),800,1975,1000,3427.29,0,934.37,2118.94,373.97,1761.93
2015/9/9,武汉光谷激光技术股份有限公司,01247(04DF),800,1975,1000,3429.76,0,935.02,2120.56,374.17,1762.9
2015/9/10,武汉光谷激光技术股份有限公司,01247(04DF),800,1975,1000,3432.33,0,935.77,2122.2,374.34,1763.9
2015/9/11,武汉光谷激光技术股份有限公司,01247(04DF),800,1975,1000,3434.36,0,936.37,2123.44,374.55,1764.84
2015/9/12,武汉光谷激光技术股份有限公司,01247(04DF),800,1975,1000,3435.7,0,936.8,2124.2,374.68,1765.47
2015/9/13,武汉光谷激光技术股份有限公司,01247(04DF),800,1975,1000,3436.05,0,936.9,2124.36,374.78,1765.58
2015/9/14,武汉光谷激光技术股份有限公司,01247(04DF),800,1975,1000,3438.15,0,937.52,2125.71,374.9,1766.53
2015/9/15,武汉光谷激光技术股份有限公司,01247(04DF),800,1975,1000,3439.79,0,938,2126.74,375.04,1767.19
2015/9/16,武汉光谷激光技术股份有限公司,01247(04DF),800,1975,1000,3441.68,0,938.55,2127.94,375.18,1767.95
2015/9/17,武汉光谷激光技术股份有限公司,01247(04DF),800,1975,1000,3443.78,0,939.19,2129.25,375.34,1768.92
2015/9/18,武汉光谷激光技术股份有限公司,01247(04DF),800,1975,1000,3444.91,0,939.47,2129.98,375.46,1769.48
2015/9/19,武汉光谷激光技术股份有限公司,01247(04DF),800,1975,1000,3445.71,0,939.66,2130.48,375.56,1769.79
2015/9/20,武汉光谷激光技术股份有限公司,01247(04DF),800,1975,1000,3446.06,0,939.76,2130.63,375.65,1769.9
2015/9/21,武汉光谷激光技术股份有限公司,01247(04DF),800,1975,1000,3447.48,0,940.18,2131.51,375.78,1770.45
2015/9/22,武汉光谷激光技术股份有限公司,01247(04DF),800,1975,1000,3449.3,0,940.69,2132.67,375.93,1771.22
2015/9/23,武汉光谷激光技术股份有限公司,01247(04DF),800,1975,1000,3450.79,0,941.13,2133.6,376.05,1771.91
2015/9/24,武汉光谷激光技术股份有限公司,01247(04DF),800,1975,1000,3452.89,0,941.71,2134.98,376.19,1772.95
2015/9/25,武汉光谷激光技术股份有限公司,01247(04DF),800,1975,1000,3454.3,0,942.16,2135.8,376.33,1773.67
2015/9/26,武汉光谷激光技术股份有限公司,01247(04DF),800,1975,1000,3455.46,0,942.47,2136.53,376.45,1774.2
2015/9/27,武汉光谷激光技术股份有限公司,01247(04DF),800,1975,1000,3455.84,0,942.58,2136.7,376.56,1774.31
2015/9/28,武汉光谷激光技术股份有限公司,01247(04DF),800,1975,1000,3458.02,0,943.27,2138.08,376.67,1775.34
2015/9/29,武汉光谷激光技术股份有限公司,01247(04DF),800,1975,1000,3460.2,0,943.77,2139.53,376.88,1776.38
2015/9/30,武汉光谷激光技术股份有限公司,01247(04DF),800,1975,1000,3461.18,0,944.01,2140.15,377.01,1776.85
2015/10/1,武汉光谷激光技术股份有限公司,01247(04DF),800,1975,1000,3461.41,0,944.08,2140.24,377.09,1776.94
2015/10/2,武汉光谷激光技术股份有限公司,01247(04DF),800,1975,1000,3461.65,0,944.14,2140.34,377.16,1777.03
2015/10/3,武汉光谷激光技术股份有限公司,01247(04DF),800,1975,1000,3461.91,0,944.21,2140.45,377.24,1777.13
2015/10/4,武汉光谷激光技术股份有限公司,01247(04DF),800,1975,1000,3462.82,0,944.43,2141.05,377.32,1777.57
2015/10/5,武汉光谷激光技术股份有限公司,01247(04DF),800,1975,1000,3463.71,0,944.63,2141.65,377.43,1778.02
2015/10/6,武汉光谷激光技术股份有限公司,01247(04DF),800,1975,1000,3464.4,0,944.78,2142.1,377.51,1778.35
2015/10/7,武汉光谷激光技术股份有限公司,01247(04DF),800,1975,1000,3465.45,0,945.05,2142.75,377.64,1778.86
2015/10/8,武汉光谷激光技术股份有限公司,01247(04DF),800,1975,1000,3466.78,0,945.38,2143.59,377.8,1779.46
2015/10/9,武汉光谷激光技术股份有限公司,01247(04DF),800,1975,1000,3468.1,0,945.85,2144.32,377.92,1780.03
2015/10/10,武汉光谷激光技术股份有限公司,01247(04DF),800,1975,1000,3469.68,0,946.4,2145.24,378.03,1780.78
2015/10/11,武汉光谷激光技术股份有限公司,01247(04DF),800,1975,1000,3470,0,946.49,2145.37,378.13,1780.86
2015/10/12,武汉光谷激光技术股份有限公司,01247(04DF),800,1975,1000,3471.53,0,946.99,2146.29,378.24,1781.53
2015/10/13,武汉光谷激光技术股份有限公司,01247(04DF),800,1975,1000,3472.81,0,947.36,2147.09,378.36,1782.07
2015/10/14,武汉光谷激光技术股份有限公司,01247(04DF),800,1975,1000,3474.07,0,947.71,2147.88,378.47,1782.59
2015/10/15,武汉光谷激光技术股份有限公司,01247(04DF),800,1975,1000,3475.57,0,948.15,2148.83,378.58,1783.26
2015/10/16,武汉光谷激光技术股份有限公司,01247(04DF),800,1975,1000,3477.29,0,948.66,2149.93,378.7,1784.04
2015/10/17,武汉光谷激光技术股份有限公司,01247(04DF),800,1975,1000,3478.36,0,948.89,2150.66,378.79,1784.53
2015/10/18,武汉光谷激光技术股份有限公司,01247(04DF),800,1975,1000,3479.18,0,949.07,2151.21,378.88,1784.88
2015/10/19,武汉光谷激光技术股份有限公司,01247(04DF),800,1975,1000,3480.95,0,949.55,2152.4,378.98,1785.67
2015/10/20,武汉光谷激光技术股份有限公司,01247(04DF),800,1975,1000,3482.5,0,950.02,2153.39,379.09,1786.33
2015/10/21,武汉光谷激光技术股份有限公司,01247(04DF),800,1975,1000,3483.82,0,950.45,2154.15,379.21,1786.9
2015/10/22,武汉光谷激光技术股份有限公司,01247(04DF),800,1975,1000,3485.31,0,950.9,2155.06,379.33,1787.53
2015/10/23,武汉光谷激光技术股份有限公司,01247(04DF),800,1975,1000,3486.7,0,951.25,2155.99,379.45,1788.19
2015/10/24,武汉光谷激光技术股份有限公司,01247(04DF),800,1975,1000,3487.42,0,951.42,2156.44,379.55,1788.55
2015/10/25,武汉光谷激光技术股份有限公司,01247(04DF),800,1975,1000,3487.78,0,951.52,2156.6,379.64,1788.67
2015/10/26,武汉光谷激光技术股份有限公司,01247(04DF),800,1975,1000,3488.89,0,951.87,2157.26,379.75,1789.16
2015/10/27,武汉光谷激光技术股份有限公司,01247(04DF),800,1975,1000,3490.49,0,952.37,2158.24,379.87,1789.87
2015/10/28,武汉光谷激光技术股份有限公司,01247(04DF),800,1975,1000,3492.38,0,953,2159.39,379.98,1790.81
2015/10/29,武汉光谷激光技术股份有限公司,01247(04DF),800,1975,1000,3493.87,0,953.47,2160.28,380.1,1791.56
2015/10/30,武汉光谷激光技术股份有限公司,01247(04DF),800,1975,1000,3495.95,0,954.1,2161.6,380.24,1792.64
2015/10/31,武汉光谷激光技术股份有限公司,01247(04DF),800,1975,1000,3496.75,0,954.35,2162.01,380.38,1792.98
2015/11/1,武汉光谷激光技术股份有限公司,01247(04DF),800,1975,1000,3497.18,0,954.48,2162.2,380.48,1793.09
2015/11/2,武汉光谷激光技术股份有限公司,01247(04DF),800,1975,1000,3498.85,0,955.01,2163.24,380.59,1793.82
2015/11/3,武汉光谷激光技术股份有限公司,01247(04DF),800,1975,1000,3501.16,0,955.71,2164.73,380.71,1794.94
2015/11/4,武汉光谷激光技术股份有限公司,01247(04DF),800,1975,1000,3502.66,0,956.32,2165.5,380.83,1795.65
2015/11/5,武汉光谷激光技术股份有限公司,01247(04DF),800,1975,1000,3504.71,0,956.94,2166.82,380.94,1796.68
2015/11/6,武汉光谷激光技术股份有限公司,01247(04DF),800,1975,1000,3506.78,0,957.51,2168.22,381.04,1797.64
2015/11/7,武汉光谷激光技术股份有限公司,01247(04DF),800,1975,1000,3508.04,0,957.96,2168.93,381.14,1798.21
2015/11/8,武汉光谷激光技术股份有限公司,01247(04DF),800,1975,1000,3508.42,0,958.08,2169.09,381.25,1798.28
2015/11/9,武汉光谷激光技术股份有限公司,01247(04DF),800,1975,1000,3510.72,0,958.76,2170.57,381.38,1799.29
2015/11/10,武汉光谷激光技术股份有限公司,01247(04DF),800,1975,1000,3513.1,0,959.48,2172.1,381.52,1800.4
2015/11/11,武汉光谷激光技术股份有限公司,01247(04DF),800,1975,1000,3515.98,0,960.46,2173.83,381.69,1801.87
2015/11/12,武汉光谷激光技术股份有限公司,01247(04DF),800,1975,1000,3519.47,0,961.35,2175.9,382.21,1803.62
2015/11/13,武汉光谷激光技术股份有限公司,01247(04DF),800,1975,1000,3521.9,0,962.09,2177.4,382.4,1804.74
2015/11/14,武汉光谷激光技术股份有限公司,01247(04DF),800,1975,1000,3523.36,0,962.56,2178.26,382.53,1805.38
2015/11/15,武汉光谷激光技术股份有限公司,01247(04DF),800,1975,1000,3523.75,0,962.67,2178.41,382.66,1805.46
2015/11/16,武汉光谷激光技术股份有限公司,01247(04DF),800,1975,1000,3525.63,0,963.26,2179.55,382.81,1806.32
2015/11/17,武汉光谷激光技术股份有限公司,01247(04DF),800,1975,1000,3527.8,0,963.93,2180.89,382.96,1807.34
2015/11/18,武汉光谷激光技术股份有限公司,01247(04DF),800,1975,1000,3530.13,0,964.65,2182.35,383.12,1808.42
2015/11/19,武汉光谷激光技术股份有限公司,01247(04DF),800,1975,1000,3532.5,0,965.33,2183.84,383.33,1809.52
2015/11/20,武汉光谷激光技术股份有限公司,01247(04DF),800,1975,1000,3534.43,0,965.91,2185.02,383.48,1810.36
2015/11/21,武汉光谷激光技术股份有限公司,01247(04DF),800,1975,1000,3535.82,0,966.33,2185.89,383.6,1811.01
2015/11/22,武汉光谷激光技术股份有限公司,01247(04DF),800,1975,1000,3536.2,0,966.44,2186.05,383.71,1811.08
2015/11/23,武汉光谷激光技术股份有限公司,01247(04DF),800,1975,1000,3538.72,0,967.2,2187.64,383.88,1812.13
2015/11/24,武汉光谷激光技术股份有限公司,01247(04DF),800,1975,1000,3541.8,0,968.06,2189.64,384.09,1813.28
2015/11/25,武汉光谷激光技术股份有限公司,01247(04DF),800,1975,1000,3544.94,0,969.03,2191.55,384.36,1814.55
2015/11/26,武汉光谷激光技术股份有限公司,01247(04DF),800,1975,1000,3547.7,0,969.89,2193.21,384.59,1815.63
2015/11/27,武汉光谷激光技术股份有限公司,01247(04DF),800,1975,1000,3550.93,0,970.87,2195.14,384.91,1816.91
2015/11/28,武汉光谷激光技术股份有限公司,01247(04DF),800,1975,1000,3552.83,0,971.48,2196.19,385.15,1817.71
2015/11/29,武汉光谷激光技术股份有限公司,01247(04DF),800,1975,1000,3553.35,0,971.62,2196.4,385.32,1817.8
2015/11/30,武汉光谷激光技术股份有限公司,01247(04DF),800,1975,1000,3556.2,0,972.48,2198.21,385.5,1819.07
2015/12/1,武汉光谷激光技术股份有限公司,01247(04DF),800,1975,1000,3558.98,0,973.33,2199.95,385.69,1820.27
2015/12/2,武汉光谷激光技术股份有限公司,01247(04DF),800,1975,1000,3561.49,0,974.08,2201.38,386.02,1821.25
2015/12/3,武汉光谷激光技术股份有限公司,01247(04DF),800,1975,1000,3564.05,0,974.85,2202.95,386.23,1822.25
2015/12/4,武汉光谷激光技术股份有限公司,01247(04DF),800,1975,1000,3566.78,0,975.68,2204.59,386.51,1823.39
2015/12/5,武汉光谷激光技术股份有限公司,01247(04DF),800,1975,1000,3568.13,0,975.98,2205.49,386.65,1823.92
2015/12/6,武汉光谷激光技术股份有限公司,01247(04DF),800,1975,1000,3568.61,0,976.11,2205.69,386.81,1824
2015/12/7,武汉光谷激光技术股份有限公司,01247(04DF),800,1975,1000,3571.67,0,977.03,2207.64,386.99,1825.2
2015/12/8,武汉光谷激光技术股份有限公司,01247(04DF),800,1975,1000,3574.75,0,977.98,2209.54,387.23,1826.45
2015/12/9,武汉光谷激光技术股份有限公司,01247(04DF),800,1975,1000,3577.84,0,978.93,2211.48,387.43,1827.72
2015/12/10,武汉光谷激光技术股份有限公司,01247(04DF),800,1975,1000,3580.73,0,979.8,2213.2,387.73,1828.88
2015/12/11,武汉光谷激光技术股份有限公司,01247(04DF),800,1975,1000,3583.33,0,980.62,2214.73,387.97,1829.93
2015/12/12,武汉光谷激光技术股份有限公司,01247(04DF),800,1975,1000,3583.86,0,980.77,2214.95,388.14,1830.03
2015/12/13,武汉光谷激光技术股份有限公司,01247(04DF),800,1975,1000,3585.66,0,981.35,2215.99,388.31,1830.79
2015/12/14,武汉光谷激光技术股份有限公司,01247(04DF),800,1975,1000,3588.58,0,982.27,2217.8,388.5,1831.87
2015/12/15,武汉光谷激光技术股份有限公司,01247(04DF),800,1975,1000,3591.13,0,983.06,2219.39,388.68,1832.79
2015/12/16,武汉光谷激光技术股份有限公司,01247(04DF),800,1975,1000,3593.81,0,983.88,2220.98,388.94,1833.75
2015/12/17,武汉光谷激光技术股份有限公司,01247(04DF),800,1975,1000,3596.65,0,984.77,2222.66,389.21,1834.77
2015/12/18,武汉光谷激光技术股份有限公司,01247(04DF),800,1975,1000,3599.66,0,985.65,2224.47,389.53,1835.84
2015/12/19,武汉光谷激光技术股份有限公司,01247(04DF),800,1975,1000,3601.08,0,986.08,2225.32,389.68,1836.37
2015/12/20,武汉光谷激光技术股份有限公司,01247(04DF),800,1975,1000,3601.82,0,986.25,2225.64,389.92,1836.52
2015/12/21,武汉光谷激光技术股份有限公司,01247(04DF),800,1975,1000,3604.74,0,987.02,2227.57,390.14,1837.53
2015/12/22,武汉光谷激光技术股份有限公司,01247(04DF),800,1975,1000,3607.74,0,987.89,2229.46,390.39,1838.65
2015/12/23,武汉光谷激光技术股份有限公司,01247(04DF),800,1975,1000,3610.75,0,988.73,2231.39,390.61,1839.77
2015/12/24,武汉光谷激光技术股份有限公司,01247(04DF),800,1975,1000,3614.47,0,989.79,2233.78,390.88,1841.29
2015/12/25,武汉光谷激光技术股份有限公司,01247(04DF),800,1975,1000,3616.69,0,990.37,2235.16,391.15,1842.02
2015/12/26,武汉光谷激光技术股份有限公司,01247(04DF),800,1975,1000,3617.15,0,990.48,2235.32,391.34,1842.08
2015/12/27,武汉光谷激光技术股份有限公司,01247(04DF),800,1975,1000,3617.64,0,990.61,2235.53,391.49,1842.14
2015/12/28,武汉光谷激光技术股份有限公司,01247(04DF),800,1975,1000,3620.18,0,991.27,2237.21,391.69,1842.96
2015/12/29,武汉光谷激光技术股份有限公司,01247(04DF),800,1975,1000,3622.78,0,991.93,2238.91,391.94,1843.86
2015/12/30,武汉光谷激光技术股份有限公司,01247(04DF),800,1975,1000,3625.06,0,992.51,2240.34,392.2,1844.65
2015/12/31,武汉光谷激光技术股份有限公司,01247(04DF),800,1975,1000,3626.67,0,992.93,2241.31,392.42,1845.24
2016/1/1,武汉光谷激光技术股份有限公司,01247(04DF),800,1975,1000,3627.19,0,993.08,2241.53,392.58,1845.34
2016/1/2,武汉光谷激光技术股份有限公司,01247(04DF),800,1975,1000,3627.65,0,993.19,2241.71,392.74,1845.43
2016/1/3,武汉光谷激光技术股份有限公司,01247(04DF),800,1975,1000,3628.71,0,993.46,2242.37,392.88,1845.86
2016/1/4,武汉光谷激光技术股份有限公司,01247(04DF),800,1975,1000,3630.72,0,993.96,2243.7,393.05,1846.62
2016/1/5,武汉光谷激光技术股份有限公司,01247(04DF),800,1975,1000,3633.27,0,994.64,2245.35,393.27,1847.53
2016/1/6,武汉光谷激光技术股份有限公司,01247(04DF),800,1975,1000,3635.77,0,995.22,2247.04,393.5,1848.42
2016/1/7,武汉光谷激光技术股份有限公司,01247(04DF),800,1975,1000,3638.45,0,995.9,2248.82,393.72,1849.38
2016/1/8,武汉光谷激光技术股份有限公司,01247(04DF),800,1975,1000,3640.98,0,996.53,2250.48,393.96,1850.23
2016/1/9,武汉光谷激光技术股份有限公司,01247(04DF),800,1975,1000,3642.54,0,996.98,2251.32,394.22,1850.79
2016/1/10,武汉光谷激光技术股份有限公司,01247(04DF),800,1975,1000,3643.31,0,997.2,2251.66,394.44,1850.94
2016/1/11,武汉光谷激光技术股份有限公司,01247(04DF),800,1975,1000,3646.72,0,998.22,2253.81,394.69,1852.16
2016/1/12,武汉光谷激光技术股份有限公司,01247(04DF),800,1975,1000,3650.07,0,999.12,2255.99,394.95,1853.34
2016/1/13,武汉光谷激光技术股份有限公司,01247(04DF),800,1975,1000,3653.53,0,1000.11,2258.12,395.29,1854.62
2016/1/14,武汉光谷激光技术股份有限公司,01247(04DF),800,1975,1000,3656.38,0,1000.92,2259.86,395.58,1855.72
2016/1/15,武汉光谷激光技术股份有限公司,01247(04DF),800,1975,1000,3658.94,0,1001.67,2261.45,395.81,1856.74
2016/1/16,武汉光谷激光技术股份有限公司,01247(04DF),800,1975,1000,3660.59,0,1002.16,2262.39,396.03,1857.37
2016/1/17,武汉光谷激光技术股份有限公司,01247(04DF),800,1975,1000,3661.21,0,1002.33,2262.65,396.22,1857.48
2016/1/18,武汉光谷激光技术股份有限公司,01247(04DF),800,1975,1000,3664.1,0,1003.18,2264.48,396.44,1858.46
2016/1/19,武汉光谷激光技术股份有限公司,01247(04DF),800,1975,1000,3667.32,0,1004.12,2266.53,396.67,1859.7
2016/1/20,武汉光谷激光技术股份有限公司,01247(04DF),800,1975,1000,3670.65,0,1005.15,2268.61,396.88,1860.95
2016/1/21,武汉光谷激光技术股份有限公司,01247(04DF),800,1975,1000,3673.9,0,1006.12,2270.64,397.13,1862.18
2016/1/22,武汉光谷激光技术股份有限公司,01247(04DF),800,1975,1000,3676.51,0,1006.87,2272.23,397.4,1863.08
2016/1/23,武汉光谷激光技术股份有限公司,01247(04DF),800,1975,1000,3678,0,1007.22,2273.13,397.63,1863.58
2016/1/24,武汉光谷激光技术股份有限公司,01247(04DF),800,1975,1000,3679.11,0,1007.51,2273.78,397.82,1863.89
2016/1/25,武汉光谷激光技术股份有限公司,01247(04DF),800,1975,1000,3682.65,0,1008.57,2275.98,398.08,1865.08
2016/1/26,武汉光谷激光技术股份有限公司,01247(04DF),800,1975,1000,3685.99,0,1009.47,2278.17,398.35,1866.21
2016/1/27,武汉光谷激光技术股份有限公司,01247(04DF),800,1975,1000,3688.82,0,1010.28,2279.95,398.58,1867.28
2016/1/28,武汉光谷激光技术股份有限公司,01247(04DF),800,1975,1000,3691.98,0,1011.11,2282.07,398.79,1868.52
2016/1/29,武汉光谷激光技术股份有限公司,01247(04DF),800,1975,1000,3695.03,0,1011.98,2284.02,399.02,1869.62
2016/1/30,武汉光谷激光技术股份有限公司,01247(04DF),800,1975,1000,3696.02,0,1012.26,2284.5,399.25,1869.89
2016/1/31,武汉光谷激光技术股份有限公司,01247(04DF),800,1975,1000,3696.82,0,1012.49,2284.84,399.47,1870.04
2016/2/1,武汉光谷激光技术股份有限公司,01247(04DF),800,1975,1000,3699.04,0,1013.11,2286.2,399.72,1870.59
2016/2/2,武汉光谷激光技术股份有限公司,01247(04DF),800,1975,1000,3701.29,0,1013.73,2287.62,399.93,1871.23
2016/2/3,武汉光谷激光技术股份有限公司,01247(04DF),800,1975,1000,3703.17,0,1014.33,2288.64,400.19,1871.71
2016/2/4,武汉光谷激光技术股份有限公司,01247(04DF),800,1975,1000,3704.14,0,1014.61,2289.08,400.44,1871.95
2016/2/5,武汉光谷激光技术股份有限公司,01247(04DF),800,1975,1000,3704.58,0,1014.71,2289.26,400.6,1872.06
2016/2/6,武汉光谷激光技术股份有限公司,01247(04DF),800,1975,1000,3705.04,0,1014.84,2289.47,400.72,1872.18
2016/2/7,武汉光谷激光技术股份有限公司,01247(04DF),800,1975,1000,3705.44,0,1014.94,2289.63,400.86,1872.25
2016/2/8,武汉光谷激光技术股份有限公司,01247(04DF),800,1975,1000,3705.85,0,1015.03,2289.77,401.03,1872.34
2016/2/9,武汉光谷激光技术股份有限公司,01247(04DF),800,1975,1000,3706.15,0,1015.1,2289.89,401.16,1872.4
2016/2/10,武汉光谷激光技术股份有限公司,01247(04DF),800,1975,1000,3706.45,0,1015.18,2290.02,401.25,1872.46
2016/2/11,武汉光谷激光技术股份有限公司,01247(04DF),800,1975,1000,3706.76,0,1015.25,2290.14,401.36,1872.53
2016/2/12,武汉光谷激光技术股份有限公司,01247(04DF),800,1975,1000,3707.02,0,1015.31,2290.24,401.46,1872.59
2016/2/13,武汉光谷激光技术股份有限公司,01247(04DF),800,1975,1000,3707.38,0,1015.43,2290.4,401.54,1872.67
2016/2/14,武汉光谷激光技术股份有限公司,01247(04DF),800,1975,1000,3707.79,0,1015.53,2290.57,401.68,1872.76
2016/2/15,武汉光谷激光技术股份有限公司,01247(04DF),800,1975,1000,3708.59,0,1015.73,2291.05,401.8,1873.02
2016/2/16,武汉光谷激光技术股份有限公司,01247(04DF),800,1975,1000,3709.48,0,1015.93,2291.57,401.98,1873.34
2016/2/17,武汉光谷激光技术股份有限公司,01247(04DF),800,1975,1000,3711.61,0,1016.46,2292.98,402.17,1874.09
2016/2/18,武汉光谷激光技术股份有限公司,01247(04DF),800,1975,1000,3713.31,0,1016.92,2294.05,402.33,1874.67
2016/2/19,武汉光谷激光技术股份有限公司,01247(04DF),800,1975,1000,3715.25,0,1017.35,2295.34,402.55,1875.39
2016/2/20,武汉光谷激光技术股份有限公司,01247(04DF),800,1975,1000,3716.07,0,1017.53,2295.83,402.7,1875.68
2016/2/21,武汉光谷激光技术股份有限公司,01247(04DF),800,1975,1000,3716.49,0,1017.65,2296.02,402.81,1875.73
2016/2/22,武汉光谷激光技术股份有限公司,01247(04DF),800,1975,1000,3717.97,0,1018.11,2296.9,402.95,1876.17
2016/2/23,武汉光谷激光技术股份有限公司,01247(04DF),800,1975,1000,3720.2,0,1018.68,2298.4,403.11,1877
2016/2/24,武汉光谷激光技术股份有限公司,01247(04DF),800,1975,1000,3722.2,0,1019.15,2299.76,403.29,1877.81
2016/2/25,武汉光谷激光技术股份有限公司,01247(04DF),800,1975,1000,3723.61,0,1019.5,2300.66,403.44,1878.35
2016/2/26,武汉光谷激光技术股份有限公司,01247(04DF),800,1975,1000,3725.04,0,1019.85,2301.6,403.58,1878.92
2016/2/27,武汉光谷激光技术股份有限公司,01247(04DF),800,1975,1000,3726.06,0,1020.06,2302.26,403.73,1879.34
2016/2/28,武汉光谷激光技术股份有限公司,01247(04DF),800,1975,1000,3726.41,0,1020.16,2302.4,403.84,1879.43
2016/2/29,武汉光谷激光技术股份有限公司,01247(04DF),800,1975,1000,3727.74,0,1020.46,2303.3,403.96,1879.99
2016/3/1,武汉光谷激光技术股份有限公司,01247(04DF),800,1975,1000,3729.24,0,1020.8,2304.32,404.11,1880.63
2016/3/2,武汉光谷激光技术股份有限公司,01247(04DF),800,1975,1000,3730.83,0,1021.23,2305.34,404.25,1881.4
2016/3/3,武汉光谷激光技术股份有限公司,01247(04DF),800,1975,1000,3732.51,0,1021.56,2306.26,404.68,1882.22
2016/3/4,武汉光谷激光技术股份有限公司,01247(04DF),800,1975,1000,3734.03,0,1021.99,2307.23,404.8,1882.88
2016/3/5,武汉光谷激光技术股份有限公司,01247(04DF),800,1975,1000,3734.91,0,1022.15,2307.84,404.91,1883.26
2016/3/6,武汉光谷激光技术股份有限公司,01247(04DF),800,1975,1000,3735.69,0,1022.31,2308.35,405.02,1883.58
2016/3/7,武汉光谷激光技术股份有限公司,01247(04DF),800,1975,1000,3736.99,0,1022.77,2309.08,405.12,1884.2
2016/3/8,武汉光谷激光技术股份有限公司,01247(04DF),800,1975,1000,3738.78,0,1023.31,2310.21,405.24,1885.09
2016/3/9,武汉光谷激光技术股份有限公司,01247(04DF),800,1975,1000,3740.55,0,1023.7,2311.45,405.39,1885.8
2016/3/10,武汉光谷激光技术股份有限公司,01247(04DF),800,1975,1000,3742.73,0,1024.33,2312.81,405.57,1886.68
2016/3/11,武汉光谷激光技术股份有限公司,01247(04DF),800,1975,1000,3744.56,0,1024.85,2313.97,405.74,1887.41
2016/3/12,武汉光谷激光技术股份有限公司,01247(04DF),800,1975,1000,3745.55,0,1025.05,2314.62,405.87,1887.79
2016/3/13,武汉光谷激光技术股份有限公司,01247(04DF),800,1975,1000,3745.94,0,1025.16,2314.77,406,1887.88
2016/3/14,武汉光谷激光技术股份有限公司,01247(04DF),800,1975,1000,3747.37,0,1025.57,2315.65,406.14,1888.47
2016/3/15,武汉光谷激光技术股份有限公司,01247(04DF),800,1975,1000,3749.18,0,1026.1,2316.79,406.28,1889.24
2016/3/16,武汉光谷激光技术股份有限公司,01247(04DF),800,1975,1000,3750.99,0,1026.69,2317.86,406.43,1890.05
2016/3/17,武汉光谷激光技术股份有限公司,01247(04DF),800,1975,1000,3752.8,0,1027.28,2318.95,406.56,1890.9
2016/3/18,武汉光谷激光技术股份有限公司,01247(04DF),800,1975,1000,3754.39,0,1027.8,2319.88,406.7,1891.62
2016/3/19,武汉光谷激光技术股份有限公司,01247(04DF),800,1975,1000,3754.76,0,1027.9,2320.04,406.82,1891.72
2016/3/20,武汉光谷激光技术股份有限公司,01247(04DF),800,1975,1000,3755.6,0,1028.07,2320.57,406.94,1892.07
2016/3/21,武汉光谷激光技术股份有限公司,01247(04DF),800,1975,1000,3757.16,0,1028.53,2321.56,407.06,1892.8
2016/3/22,武汉光谷激光技术股份有限公司,01247(04DF),800,1975,1000,3758.73,0,1029.05,2322.49,407.18,1893.56
2016/3/23,武汉光谷激光技术股份有限公司,01247(04DF),800,1975,1000,3760.63,0,1029.48,2323.66,407.48,1894.52
2016/3/24,武汉光谷激光技术股份有限公司,01247(04DF),800,1975,1000,3762.16,0,1029.94,2324.61,407.6,1895.18
2016/3/25,武汉光谷激光技术股份有限公司,01247(04DF),800,1975,1000,3763.78,0,1030.45,2325.58,407.74,1895.89
2016/3/26,武汉光谷激光技术股份有限公司,01247(04DF),800,1975,1000,3764.95,0,1030.8,2326.28,407.86,1896.34
2016/3/27,武汉光谷激光技术股份有限公司,01247(04DF),800,1975,1000,3765.36,0,1030.9,2326.43,408.01,1896.42
2016/3/28,武汉光谷激光技术股份有限公司,01247(04DF),800,1975,1000,3766.91,0,1031.43,2327.34,408.13,1897.11
2016/3/29,武汉光谷激光技术股份有限公司,01247(04DF),800,1975,1000,3768.72,0,1032.01,2328.45,408.25,1898.02
2016/3/30,武汉光谷激光技术股份有限公司,01247(04DF),800,1975,1000,3770.65,0,1032.61,2329.64,408.39,1898.96
2016/3/31,武汉光谷激光技术股份有限公司,01247(04DF),800,1975,1000,3772.31,0,1033.06,2330.71,408.52,1899.68
2016/4/1,武汉光谷激光技术股份有限公司,01247(04DF),800,1975,1000,3773.54,0,1033.47,2331.41,408.66,1900.21
2016/4/2,武汉光谷激光技术股份有限公司,01247(04DF),800,1975,1000,3774.48,0,1033.7,2332.01,408.76,1900.62
2016/4/3,武汉光谷激光技术股份有限公司,01247(04DF),800,1975,1000,3774.81,0,1033.8,2332.15,408.85,1900.7
2016/4/4,武汉光谷激光技术股份有限公司,01247(04DF),800,1975,1000,3775.15,0,1033.88,2332.3,408.97,1900.79
2016/4/5,武汉光谷激光技术股份有限公司,01247(04DF),800,1975,1000,3776.27,0,1034.16,2333.01,409.09,1901.31
2016/4/6,武汉光谷激光技术股份有限公司,01247(04DF),800,1975,1000,3778.06,0,1034.68,2334.14,409.22,1902.22
2016/4/7,武汉光谷激光技术股份有限公司,01247(04DF),800,1975,1000,3779.68,0,1035.01,2335.28,409.38,1903
2016/4/8,武汉光谷激光技术股份有限公司,01247(04DF),800,1975,1000,3780.93,0,1035.29,2336.11,409.53,1903.6
2016/4/9,武汉光谷激光技术股份有限公司,01247(04DF),800,1975,1000,3781.87,0,1035.46,2336.73,409.67,1904.03
2016/4/10,武汉光谷激光技术股份有限公司,01247(04DF),800,1975,1000,3782.21,0,1035.55,2336.86,409.79,1904.13
2016/4/11,武汉光谷激光技术股份有限公司,01247(04DF),800,1975,1000,3783.69,0,1036.09,2337.7,409.9,1904.84
2016/4/12,武汉光谷激光技术股份有限公司,01247(04DF),800,1975,1000,3785.32,0,1036.54,2338.75,410.02,1905.64
2016/4/13,武汉光谷激光技术股份有限公司,01247(04DF),800,1975,1000,3786.73,0,1036.99,2339.59,410.14,1906.3
2016/4/14,武汉光谷激光技术股份有限公司,01247(04DF),800,1975,1000,3788.57,0,1037.51,2340.79,410.27,1907.18
2016/4/15,武汉光谷激光技术股份有限公司,01247(04DF),800,1975,1000,3790.44,0,1038,2342.05,410.39,1908.11
2016/4/16,武汉光谷激光技术股份有限公司,01247(04DF),800,1975,1000,3790.8,0,1038.1,2342.2,410.5,1908.22
2016/4/17,武汉光谷激光技术股份有限公司,01247(04DF),800,1975,1000,3791.88,0,1038.42,2342.83,410.62,1908.69
2016/4/18,武汉光谷激光技术股份有限公司,01247(04DF),800,1975,1000,3793.15,0,1038.84,2343.54,410.75,1909.23
2016/4/19,武汉光谷激光技术股份有限公司,01247(04DF),800,1975,1000,3794.4,0,1039.26,2344.24,410.89,1909.8
2016/4/20,武汉光谷激光技术股份有限公司,01247(04DF),800,1975,1000,3796.5,0,1039.88,2345.6,411.01,1911.01
2016/4/21,武汉光谷激光技术股份有限公司,01247(04DF),800,1975,1000,3797.95,0,1040.3,2346.5,411.14,1911.67
2016/4/22,武汉光谷激光技术股份有限公司,01247(04DF),800,1975,1000,3799.55,0,1040.79,2347.48,411.26,1912.47
2016/4/23,武汉光谷激光技术股份有限公司,01247(04DF),800,1975,1000,3801.41,0,1041.36,2348.65,411.39,1913.52
2016/4/24,武汉光谷激光技术股份有限公司,01247(04DF),800,1975,1000,3802.08,0,1041.46,2348.8,411.81,1913.83
2016/4/25,武汉光谷激光技术股份有限公司,01247(04DF),800,1975,1000,3803.56,0,1041.83,2349.79,411.93,1914.52
2016/4/26,武汉光谷激光技术股份有限公司,01247(04DF),800,1975,1000,3805.46,0,1042.29,2351.12,412.05,1915.51
2016/4/27,武汉光谷激光技术股份有限公司,01247(04DF),800,1975,1000,3807.2,0,1042.71,2352.31,412.17,1916.35
2016/4/28,武汉光谷激光技术股份有限公司,01247(04DF),800,1975,1000,3809.16,0,1043.27,2353.59,412.29,1917.35
2016/4/29,武汉光谷激光技术股份有限公司,01247(04DF),800,1975,1000,3810.79,0,1043.72,2354.62,412.44,1918.15
2016/4/30,武汉光谷激光技术股份有限公司,01247(04DF),800,1975,1000,3811.55,0,1043.9,2355.08,412.55,1918.48
2016/5/1,武汉光谷激光技术股份有限公司,01247(04DF),800,1975,1000,3811.86,0,1043.98,2355.22,412.65,1918.57
2016/5/2,武汉光谷激光技术股份有限公司,01247(04DF),800,1975,1000,3812.17,0,1044.06,2355.35,412.75,1918.68
2016/5/3,武汉光谷激光技术股份有限公司,01247(04DF),800,1975,1000,3813.37,0,1044.33,2356.19,412.85,1919.25
2016/5/4,武汉光谷激光技术股份有限公司,01247(04DF),800,1975,1000,3814.7,0,1044.67,2357.06,412.96,1919.88
2016/5/5,武汉光谷激光技术股份有限公司,01247(04DF),800,1975,1000,3817.2,0,1045.31,2358.79,413.09,1921.22
2016/5/6,武汉光谷激光技术股份有限公司,01247(04DF),800,1975,1000,3819.46,0,1045.92,2360.29,413.24,1922.4
2016/5/7,武汉光谷激光技术股份有限公司,01247(04DF),800,1975,1000,3820.59,0,1046.25,2360.97,413.36,1922.93
2016/5/8,武汉光谷激光技术股份有限公司,01247(04DF),800,1975,1000,3821.07,0,1046.39,2361.22,413.46,1923.14
2016/5/9,武汉光谷激光技术股份有限公司,01247(04DF),800,1975,1000,3823.16,0,1046.96,2362.63,413.56,1924.29
2016/5/10,武汉光谷激光技术股份有限公司,01247(04DF),800,1975,1000,3825.34,0,1047.64,2364,413.69,1925.45
2016/5/11,武汉光谷激光技术股份有限公司,01247(04DF),800,1975,1000,3826.61,0,1047.96,2364.84,413.8,1926.03
2016/5/12,武汉光谷激光技术股份有限公司,01247(04DF),800,1975,1000,3827.98,0,1048.26,2365.78,413.93,1926.64
2016/5/13,武汉光谷激光技术股份有限公司,01247(04DF),800,1975,1000,3829.48,0,1048.56,2366.86,414.05,1927.38
2016/5/14,武汉光谷激光技术股份有限公司,01247(04DF),800,1975,1000,3830.38,0,1048.75,2367.44,414.18,1927.78
2016/5/15,武汉光谷激光技术股份有限公司,01247(04DF),800,1975,1000,3830.77,0,1048.85,2367.6,414.31,1927.92
2016/5/16,武汉光谷激光技术股份有限公司,01247(04DF),800,1975,1000,3832.24,0,1049.24,2368.56,414.44,1928.65
2016/5/17,武汉光谷激光技术股份有限公司,01247(04DF),800,1975,1000,3833.75,0,1049.59,2369.55,414.6,1929.38
2016/5/18,武汉光谷激光技术股份有限公司,01247(04DF),800,1975,1000,3835.16,0,1049.89,2370.53,414.73,1930.14
2016/5/19,武汉光谷激光技术股份有限公司,01247(04DF),800,1975,1000,3836.72,0,1050.3,2371.53,414.88,1931.05
2016/5/20,武汉光谷激光技术股份有限公司,01247(04DF),800,1975,1000,3838.94,0,1050.86,2373.04,415.03,1932.33
2016/5/21,武汉光谷激光技术股份有限公司,01247(04DF),800,1975,1000,3840.01,0,1051.12,2373.69,415.19,1932.82
2016/5/22,武汉光谷激光技术股份有限公司,01247(04DF),800,1975,1000,3840.61,0,1051.25,2374.02,415.33,1933.11
2016/5/23,武汉光谷激光技术股份有限公司,01247(04DF),800,1975,1000,3842.37,0,1051.72,2375.17,415.47,1934.11
2016/5/24,武汉光谷激光技术股份有限公司,01247(04DF),800,1975,1000,3843.98,0,1052.13,2376.23,415.61,1934.95
2016/5/25,武汉光谷激光技术股份有限公司,01247(04DF),800,1975,1000,3846.35,0,1052.82,2377.74,415.79,1936.2
2016/5/26,武汉光谷激光技术股份有限公司,01247(04DF),800,1975,1000,3848.28,0,1053.39,2378.96,415.92,1937.37
2016/5/27,武汉光谷激光技术股份有限公司,01247(04DF),800,1975,1000,3850.07,0,1053.87,2380.1,416.08,1938.43
2016/5/28,武汉光谷激光技术股份有限公司,01247(04DF),800,1975,1000,3851.57,0,1054.2,2380.9,416.46,1939.29
2016/5/29,武汉光谷激光技术股份有限公司,01247(04DF),800,1975,1000,3851.98,0,1054.28,2381.12,416.57,1939.46
2016/5/30,武汉光谷激光技术股份有限公司,01247(04DF),800,1975,1000,3853.64,0,1054.72,2382.22,416.69,1940.32
2016/5/31,武汉光谷激光技术股份有限公司,01247(04DF),800,1975,1000,3855.56,0,1055.18,2383.56,416.81,1941.26
2016/6/1,武汉光谷激光技术股份有限公司,01247(04DF),800,1975,1000,3857.06,0,1055.49,2384.6,416.97,1942.1
2016/6/2,武汉光谷激光技术股份有限公司,01247(04DF),800,1975,1000,3858.49,0,1055.86,2385.53,417.1,1942.93
2016/6/3,武汉光谷激光技术股份有限公司,01247(04DF),800,1975,1000,3860.32,0,1056.37,2386.68,417.27,1944.01
2016/6/4,武汉光谷激光技术股份有限公司,01247(04DF),800,1975,1000,3861.37,0,1056.56,2387.33,417.47,1944.5
2016/6/5,武汉光谷激光技术股份有限公司,01247(04DF),800,1975,1000,3861.81,0,1056.69,2387.52,417.6,1944.64
2016/6/6,武汉光谷激光技术股份有限公司,01247(04DF),800,1975,1000,3864.38,0,1057.38,2389.25,417.74,1946.09
2016/6/7,武汉光谷激光技术股份有限公司,01247(04DF),800,1975,1000,3866.9,0,1057.89,2390.76,418.24,1947.55
2016/6/8,武汉光谷激光技术股份有限公司,01247(04DF),800,1975,1000,3868.77,0,1058.36,2391.99,418.41,1948.48
2016/6/9,武汉光谷激光技术股份有限公司,01247(04DF),800,1975,1000,3869.27,0,1058.49,2392.2,418.57,1948.66
2016/6/10,武汉光谷激光技术股份有限公司,01247(04DF),800,1975,1000,3869.75,0,1058.61,2392.42,418.71,1948.8
2016/6/11,武汉光谷激光技术股份有限公司,01247(04DF),800,1975,1000,3870.29,0,1058.72,2392.73,418.84,1949.02
2016/6/12,武汉光谷激光技术股份有限公司,01247(04DF),800,1975,1000,3872.36,0,1059.27,2394.11,418.96,1950.05
2016/6/13,武汉光谷激光技术股份有限公司,01247(04DF),800,1975,1000,3874.98,0,1060.08,2395.79,419.1,1951.41
2016/6/14,武汉光谷激光技术股份有限公司,01247(04DF),800,1975,1000,3877.84,0,1060.87,2397.7,419.25,1952.76
2016/6/15,武汉光谷激光技术股份有限公司,01247(04DF),800,1975,1000,3880.2,0,1061.44,2399.29,419.46,1954.03
2016/6/16,武汉光谷激光技术股份有限公司,01247(04DF),800,1975,1000,3882.18,0,1061.93,2400.64,419.6,1955.06
2016/6/17,武汉光谷激光技术股份有限公司,01247(04DF),800,1975,1000,3884.93,0,1062.67,2402.47,419.77,1956.41
2016/6/18,武汉光谷激光技术股份有限公司,01247(04DF),800,1975,1000,3886.19,0,1062.96,2403.26,419.97,1956.9
2016/6/19,武汉光谷激光技术股份有限公司,01247(04DF),800,1975,1000,3886.73,0,1063.09,2403.47,420.16,1957.09
2016/6/20,武汉光谷激光技术股份有限公司,01247(04DF),800,1975,1000,3888.6,0,1063.72,2404.55,420.33,1957.95
2016/6/21,武汉光谷激光技术股份有限公司,01247(04DF),800,1975,1000,3890.95,0,1064.41,2406.01,420.52,1958.96
2016/6/22,武汉光谷激光技术股份有限公司,01247(04DF),800,1975,1000,3893.97,0,1065.24,2407.99,420.73,1960.29
2016/6/23,武汉光谷激光技术股份有限公司,01247(04DF),800,1975,1000,3897.25,0,1066.03,2410.22,420.99,1961.71
2016/6/24,武汉光谷激光技术股份有限公司,01247(04DF),800,1975,1000,3899.57,0,1066.57,2411.79,421.2,1962.97
2016/6/25,武汉光谷激光技术股份有限公司,01247(04DF),800,1975,1000,3900.76,0,1066.85,2412.54,421.36,1963.67
2016/6/26,武汉光谷激光技术股份有限公司,01247(04DF),800,1975,1000,3901.21,0,1066.98,2412.73,421.49,1963.86
2016/6/27,武汉光谷激光技术股份有限公司,01247(04DF),800,1975,1000,3902.89,0,1067.4,2413.85,421.63,1964.88
2016/6/28,武汉光谷激光技术股份有限公司,01247(04DF),800,1975,1000,3904.93,0,1068.12,2415.03,421.78,1966.16
2016/6/29,武汉光谷激光技术股份有限公司,01247(04DF),800,1975,1000,3907.78,0,1068.89,2416.95,421.94,1967.72
2016/6/30,武汉光谷激光技术股份有限公司,01247(04DF),800,1975,1000,3910.45,0,1069.44,2418.52,422.49,1969.03
2016/7/1,武汉光谷激光技术股份有限公司,01247(04DF),800,1975,1000,3912.52,0,1069.94,2419.91,422.66,1970.17
2016/7/2,武汉光谷激光技术股份有限公司,01247(04DF),800,1975,1000,3912.94,0,1070.05,2420.08,422.8,1970.34
2016/7/3,武汉光谷激光技术股份有限公司,01247(04DF),800,1975,1000,3913.8,0,1070.26,2420.58,422.95,1970.73
2016/7/4,武汉光谷激光技术股份有限公司,01247(04DF),800,1975,1000,3915.36,0,1070.68,2421.58,423.09,1971.66
2016/7/5,武汉光谷激光技术股份有限公司,01247(04DF),800,1975,1000,3917.71,0,1071.18,2423.25,423.27,1972.92
2016/7/6,武汉光谷激光技术股份有限公司,01247(04DF),800,1975,1000,3918.19,0,1071.31,2423.45,423.42,1973.1
2016/7/7,武汉光谷激光技术股份有限公司,01247(04DF),800,1975,1000,3921.01,0,1072.07,2425.35,423.59,1974.46
2016/7/8,武汉光谷激光技术股份有限公司,01247(04DF),800,1975,1000,3923.58,0,1072.87,2426.91,423.79,1975.61
2016/7/9,武汉光谷激光技术股份有限公司,01247(04DF),800,1975,1000,3925.52,0,1073.46,2428.05,423.99,1976.34
2016/7/10,武汉光谷激光技术股份有限公司,01247(04DF),800,1975,1000,3927.39,0,1074.09,2429.12,424.17,1977.15
2016/7/11,武汉光谷激光技术股份有限公司,01247(04DF),800,1975,1000,3930.97,0,1075.09,2431.43,424.45,1978.81
2016/7/12,武汉光谷激光技术股份有限公司,01247(04DF),800,1975,1000,3934.7,0,1076.13,2433.9,424.66,1980.47
2016/7/13,武汉光谷激光技术股份有限公司,01247(04DF),800,1975,1000,3938.81,0,1077.33,2436.53,424.93,1982.57
2016/7/14,武汉光谷激光技术股份有限公司,01247(04DF),800,1975,1000,3942.97,0,1078.25,2438.78,425.93,1984.68
2016/7/15,武汉光谷激光技术股份有限公司,01247(04DF),800,1975,1000,3945.46,0,1078.89,2440.4,426.16,1985.89
2016/7/16,武汉光谷激光技术股份有限公司,01247(04DF),800,1975,1000,3946.94,0,1079.33,2441.28,426.32,1986.56
2016/7/17,武汉光谷激光技术股份有限公司,01247(04DF),800,1975,1000,3947.92,0,1079.59,2441.79,426.54,1986.99
2016/7/18,武汉光谷激光技术股份有限公司,01247(04DF),800,1975,1000,3951.02,0,1080.32,2443.92,426.77,1988.28
2016/7/19,武汉光谷激光技术股份有限公司,01247(04DF),800,1975,1000,3953.69,0,1080.99,2445.73,426.97,1989.62
2016/7/20,武汉光谷激光技术股份有限公司,01247(04DF),800,1975,1000,3956.48,0,1081.7,2447.59,427.19,1990.97
2016/7/21,武汉光谷激光技术股份有限公司,01247(04DF),800,1975,1000,3959.34,0,1082.4,2449.56,427.38,1992.13
2016/7/22,武汉光谷激光技术股份有限公司,01247(04DF),800,1975,1000,3962.53,0,1083.15,2451.75,427.61,1993.48
2016/7/23,武汉光谷激光技术股份有限公司,01247(04DF),800,1975,1000,3964.06,0,1083.67,2452.56,427.82,1994.07
2016/7/24,武汉光谷激光技术股份有限公司,01247(04DF),800,1975,1000,3964.83,0,1083.88,2452.9,428.04,1994.3
2016/7/25,武汉光谷激光技术股份有限公司,01247(04DF),800,1975,1000,3968.35,0,1084.76,2455.25,428.32,1995.59
2016/7/26,武汉光谷激光技术股份有限公司,01247(04DF),800,1975,1000,3971.9,0,1085.6,2457.65,428.65,1996.81
2016/7/27,武汉光谷激光技术股份有限公司,01247(04DF),800,1975,1000,3975.19,0,1086.44,2459.78,428.96,1998.02
2016/7/28,武汉光谷激光技术股份有限公司,01247(04DF),800,1975,1000,3978.87,0,1087.25,2462,429.61,1999.5
2016/7/29,武汉光谷激光技术股份有限公司,01247(04DF),800,1975,1000,3982.06,0,1088.01,2464.13,429.9,2000.58
2016/7/30,武汉光谷激光技术股份有限公司,01247(04DF),800,1975,1000,3982.8,0,1088.2,2464.45,430.14,2000.79
2016/7/31,武汉光谷激光技术股份有限公司,01247(04DF),800,1975,1000,3983.55,0,1088.4,2464.79,430.36,2001.01
2016/8/1,武汉光谷激光技术股份有限公司,01247(04DF),800,1975,1000,3986.54,0,1089.13,2466.77,430.63,2002.03
2016/8/2,武汉光谷激光技术股份有限公司,01247(04DF),800,1975,1000,3989.91,0,1089.94,2469.04,430.92,2003.34
2016/8/3,武汉光谷激光技术股份有限公司,01247(04DF),800,1975,1000,3992.9,0,1090.67,2471.08,431.14,2004.58
2016/8/4,武汉光谷激光技术股份有限公司,01247(04DF),800,1975,1000,3995.35,0,1091.31,2472.66,431.37,2005.71
2016/8/5,武汉光谷激光技术股份有限公司,01247(04DF),800,1975,1000,3998.31,0,1091.99,2474.7,431.61,2007.07
2016/8/6,武汉光谷激光技术股份有限公司,01247(04DF),800,1975,1000,3999.62,0,1092.33,2475.47,431.81,2007.58
2016/8/7,武汉光谷激光技术股份有限公司,01247(04DF),800,1975,1000,4000.26,0,1092.52,2475.74,431.98,2007.79
2016/8/8,武汉光谷激光技术股份有限公司,01247(04DF),800,1975,1000,4002.23,0,1092.94,2477.08,432.2,2008.5
2016/8/9,武汉光谷激光技术股份有限公司,01247(04DF),800,1975,1000,4004.96,0,1093.66,2478.92,432.38,2009.66
2016/8/10,武汉光谷激光技术股份有限公司,01247(04DF),800,1975,1000,4007.77,0,1094.41,2480.8,432.55,2010.88
2016/8/11,武汉光谷激光技术股份有限公司,01247(04DF),800,1975,1000,4010.96,0,1095.19,2482.98,432.79,2012.15
2016/8/12,武汉光谷激光技术股份有限公司,01247(04DF),800,1975,1000,4014.55,0,1096.02,2485.42,433.1,2013.74
2016/8/13,武汉光谷激光技术股份有限公司,01247(04DF),800,1975,1000,4015.66,0,1096.28,2486.08,433.3,2014.14
2016/8/14,武汉光谷激光技术股份有限公司,01247(04DF),800,1975,1000,4016.21,0,1096.42,2486.34,433.45,2014.33
2016/8/15,武汉光谷激光技术股份有限公司,01247(04DF),800,1975,1000,4018.92,0,1097.03,2488.21,433.68,2015.32
2016/8/16,武汉光谷激光技术股份有限公司,01247(04DF),800,1975,1000,4021.26,0,1097.58,2489.76,433.92,2016.15
2016/8/17,武汉光谷激光技术股份有限公司,01247(04DF),800,1975,1000,4023.95,0,1098.18,2491.61,434.16,2017.15
2016/8/18,武汉光谷激光技术股份有限公司,01247(04DF),800,1975,1000,4026.55,0,1098.81,2493.31,434.42,2018.01
2016/8/19,武汉光谷激光技术股份有限公司,01247(04DF),800,1975,1000,4029.46,0,1099.51,2495.17,434.77,2019.04
2016/8/20,武汉光谷激光技术股份有限公司,01247(04DF),800,1975,1000,4030.39,0,1099.72,2495.63,435.02,2019.39
2016/8/21,武汉光谷激光技术股份有限公司,01247(04DF),800,1975,1000,4031.06,0,1099.92,2495.91,435.22,2019.62
2016/8/22,武汉光谷激光技术股份有限公司,01247(04DF),800,1975,1000,4033.44,0,1100.46,2497.53,435.44,2020.46
2016/8/23,武汉光谷激光技术股份有限公司,01247(04DF),800,1975,1000,4036.06,0,1101.05,2499.3,435.7,2021.44
2016/8/24,武汉光谷激光技术股份有限公司,01247(04DF),800,1975,1000,4038.45,0,1101.63,2500.87,435.94,2022.28
2016/8/25,武汉光谷激光技术股份有限公司,01247(04DF),800,1975,1000,4041.07,0,1102.27,2502.58,436.21,2023.16
2016/8/26,武汉光谷激光技术股份有限公司,01247(04DF),800,1975,1000,4042.39,0,1102.57,2503.37,436.44,2023.74
2016/8/27,武汉光谷激光技术股份有限公司,01247(04DF),800,1975,1000,4043.18,0,1102.75,2503.85,436.58,2024.09
2016/8/28,武汉光谷激光技术股份有限公司,01247(04DF),800,1975,1000,4043.68,0,1102.88,2504.09,436.7,2024.25
2016/8/29,武汉光谷激光技术股份有限公司,01247(04DF),800,1975,1000,4045.54,0,1103.32,2505.36,436.85,2025.03
2016/8/30,武汉光谷激光技术股份有限公司,01247(04DF),800,1975,1000,4047.46,0,1103.81,2506.6,437.03,2025.83
2016/8/31,武汉光谷激光技术股份有限公司,01247(04DF),800,1975,1000,4049.12,0,1104.24,2507.68,437.2,2026.54
2016/9/1,武汉光谷激光技术股份有限公司,01247(04DF),800,1975,1000,4050.93,0,1104.68,2508.89,437.35,2027.21
2016/9/2,武汉光谷激光技术股份有限公司,01247(04DF),800,1975,1000,4053.35,0,1105.4,2510.38,437.56,2028.19
2016/9/3,武汉光谷激光技术股份有限公司,01247(04DF),800,1975,1000,4055.02,0,1105.73,2511.48,437.8,2028.85
2016/9/4,武汉光谷激光技术股份有限公司,01247(04DF),800,1975,1000,4055.69,0,1105.91,2511.79,437.98,2029.08
2016/9/5,武汉光谷激光技术股份有限公司,01247(04DF),800,1975,1000,4057.91,0,1106.44,2513.29,438.17,2029.92
2016/9/6,武汉光谷激光技术股份有限公司,01247(04DF),800,1975,1000,4059.75,0,1106.84,2514.51,438.38,2030.69
2016/9/7,武汉光谷激光技术股份有限公司,01247(04DF),800,1975,1000,4061.6,0,1107.27,2515.75,438.57,2031.48
2016/9/8,武汉光谷激光技术股份有限公司,01247(04DF),800,1975,1000,4063.45,0,1107.77,2516.88,438.79,2032.15
2016/9/9,武汉光谷激光技术股份有限公司,01247(04DF),800,1975,1000,4065.28,0,1108.29,2517.96,439.02,2032.98
2016/9/10,武汉光谷激光技术股份有限公司,01247(04DF),800,1975,1000,4066.48,0,1108.6,2518.68,439.19,2033.51
2016/9/11,武汉光谷激光技术股份有限公司,01247(04DF),800,1975,1000,4067.6,0,1108.87,2519.38,439.35,2033.98
2016/9/12,武汉光谷激光技术股份有限公司,01247(04DF),800,1975,1000,4069.91,0,1109.56,2520.82,439.53,2034.91
2016/9/13,武汉光谷激光技术股份有限公司,01247(04DF),800,1975,1000,4071.69,0,1110.08,2521.93,439.67,2035.56
2016/9/14,武汉光谷激光技术股份有限公司,01247(04DF),800,1975,1000,4073.38,0,1110.54,2522.99,439.84,2036.22
2016/9/15,武汉光谷激光技术股份有限公司,01247(04DF),800,1975,1000,4073.78,0,1110.65,2523.17,439.96,2036.38
2016/9/16,武汉光谷激光技术股份有限公司,01247(04DF),800,1975,1000,4074.13,0,1110.74,2523.31,440.06,2036.51
2016/9/17,武汉光谷激光技术股份有限公司,01247(04DF),800,1975,1000,4074.46,0,1110.84,2523.45,440.16,2036.62
2016/9/18,武汉光谷激光技术股份有限公司,01247(04DF),800,1975,1000,4075.59,0,1111.1,2524.19,440.28,2037.03
2016/9/19,武汉光谷激光技术股份有限公司,01247(04DF),800,1975,1000,4077.48,0,1111.69,2525.38,440.4,2037.82
2016/9/20,武汉光谷激光技术股份有限公司,01247(04DF),800,1975,1000,4079.09,0,1112.18,2526.38,440.52,2038.55
2016/9/21,武汉光谷激光技术股份有限公司,01247(04DF),800,1975,1000,4080.45,0,1112.55,2527.22,440.67,2039.11
2016/9/22,武汉光谷激光技术股份有限公司,01247(04DF),800,1975,1000,4081.86,0,1112.97,2528.08,440.81,2039.67
2016/9/23,武汉光谷激光技术股份有限公司,01247(04DF),800,1975,1000,4083.42,0,1113.43,2529.03,440.94,2040.28
2016/9/24,武汉光谷激光技术股份有限公司,01247(04DF),800,1975,1000,4084.86,0,1113.89,2529.87,441.09,2040.88
2016/9/25,武汉光谷激光技术股份有限公司,01247(04DF),800,1975,1000,4085.97,0,1114.12,2530.62,441.22,2041.34
2016/9/26,武汉光谷激光技术股份有限公司,01247(04DF),800,1975,1000,4088.05,0,1114.76,2531.93,441.35,2042.2
2016/9/27,武汉光谷激光技术股份有限公司,01247(04DF),800,1975,1000,4089.89,0,1115.28,2533.1,441.51,2042.99
2016/9/28,武汉光谷激光技术股份有限公司,01247(04DF),800,1975,1000,4091.11,0,1115.65,2533.8,441.65,2043.56
2016/9/29,武汉光谷激光技术股份有限公司,01247(04DF),800,1975,1000,4092.16,0,1115.92,2534.47,441.75,2044.05
2016/9/30,武汉光谷激光技术股份有限公司,01247(04DF),800,1975,1000,4093.24,0,1116.21,2535.15,441.87,2044.59
2016/10/1,武汉光谷激光技术股份有限公司,01247(04DF),800,1975,1000,4093.51,0,1116.28,2535.27,441.96,2044.68
2016/10/2,武汉光谷激光技术股份有限公司,01247(04DF),800,1975,1000,4093.79,0,1116.35,2535.39,442.04,2044.77
2016/10/3,武汉光谷激光技术股份有限公司,01247(04DF),800,1975,1000,4094.07,0,1116.43,2535.51,442.12,2044.87
2016/10/4,武汉光谷激光技术股份有限公司,01247(04DF),800,1975,1000,4094.57,0,1116.6,2535.74,442.22,2045.04
2016/10/5,武汉光谷激光技术股份有限公司,01247(04DF),800,1975,1000,4094.85,0,1116.68,2535.87,442.3,2045.13
2016/10/6,武汉光谷激光技术股份有限公司,01247(04DF),800,1975,1000,4095.19,0,1116.78,2536.03,442.38,2045.25
2016/10/7,武汉光谷激光技术股份有限公司,01247(04DF),800,1975,1000,4095.5,0,1116.87,2536.16,442.46,2045.35
2016/10/8,武汉光谷激光技术股份有限公司,01247(04DF),800,1975,1000,4095.96,0,1117,2536.4,442.55,2045.49
2016/10/9,武汉光谷激光技术股份有限公司,01247(04DF),800,1975,1000,4096.4,0,1117.12,2536.62,442.65,2045.62
2016/10/10,武汉光谷激光技术股份有限公司,01247(04DF),800,1975,1000,4096.86,0,1117.26,2536.85,442.74,2045.76
2016/10/11,武汉光谷激光技术股份有限公司,01247(04DF),800,1975,1000,4097.36,0,1117.4,2537.11,442.84,2045.92
2016/10/12,武汉光谷激光技术股份有限公司,01247(04DF),800,1975,1000,4097.87,0,1117.55,2537.38,442.94,2046.14
2016/10/13,武汉光谷激光技术股份有限公司,01247(04DF),800,1975,1000,4098.39,0,1117.69,2537.65,443.04,2046.35
2016/10/14,武汉光谷激光技术股份有限公司,01247(04DF),800,1975,1000,4098.87,0,1117.82,2537.9,443.14,2046.53
2016/10/15,武汉光谷激光技术股份有限公司,01247(04DF),800,1975,1000,4099.17,0,1117.91,2538.02,443.24,2046.62
2016/10/16,武汉光谷激光技术股份有限公司,01247(04DF),800,1975,1000,4099.48,0,1117.99,2538.15,443.33,2046.7
2016/10/17,武汉光谷激光技术股份有限公司,01247(04DF),800,1975,1000,4099.93,0,1118.12,2538.38,443.42,2046.85
2016/10/18,武汉光谷激光技术股份有限公司,01247(04DF),800,1975,1000,4100.4,0,1118.26,2538.61,443.52,2046.98
2016/10/19,武汉光谷激光技术股份有限公司,01247(04DF),800,1975,1000,4100.9,0,1118.39,2538.88,443.62,2047.19
2016/10/20,武汉光谷激光技术股份有限公司,01247(04DF),800,1975,1000,4101.41,0,1118.53,2539.15,443.73,2047.41
2016/10/21,武汉光谷激光技术股份有限公司,01247(04DF),800,1975,1000,4101.91,0,1118.66,2539.41,443.83,2047.57
2016/10/22,武汉光谷激光技术股份有限公司,01247(04DF),800,1975,1000,4102.24,0,1118.76,2539.55,443.92,2047.67
2016/10/23,武汉光谷激光技术股份有限公司,01247(04DF),800,1975,1000,4102.58,0,1118.85,2539.69,444.03,2047.75
2016/10/24,武汉光谷激光技术股份有限公司,01247(04DF),800,1975,1000,4103.15,0,1119,2540,444.14,2047.94
2016/10/25,武汉光谷激光技术股份有限公司,01247(04DF),800,1975,1000,4103.7,0,1119.15,2540.29,444.25,2048.11
2016/10/26,武汉光谷激光技术股份有限公司,01247(04DF),800,1975,1000,4104.24,0,1119.29,2540.57,444.37,2048.3
2016/10/27,武汉光谷激光技术股份有限公司,01247(04DF),800,1975,1000,4104.81,0,1119.44,2540.87,444.49,2048.5
2016/10/28,武汉光谷激光技术股份有限公司,01247(04DF),800,1975,1000,4105.48,0,1119.62,2541.23,444.61,2048.75
2016/10/29,武汉光谷激光技术股份有限公司,01247(04DF),800,1975,1000,4105.87,0,1119.73,2541.39,444.73,2048.82
2016/10/30,武汉光谷激光技术股份有限公司,01247(04DF),800,1975,1000,4106.25,0,1119.84,2541.55,444.85,2048.89
2016/10/31,武汉光谷激光技术股份有限公司,01247(04DF),800,1975,1000,4107.04,0,1120.07,2541.98,444.98,2049.15
2016/11/1,武汉光谷激光技术股份有限公司,01247(04DF),800,1975,1000,4107.74,0,1120.23,2542.34,445.16,2049.34
2016/11/2,武汉光谷激光技术股份有限公司,01247(04DF),800,1975,1000,4108.43,0,1120.4,2542.7,445.32,2049.52
2016/11/3,武汉光谷激光技术股份有限公司,01247(04DF),800,1975,1000,4109.02,0,1120.56,2543.01,445.44,2049.67
2016/11/4,武汉光谷激光技术股份有限公司,01247(04DF),800,1975,1000,4109.63,0,1120.73,2543.31,445.58,2049.86
2016/11/5,武汉光谷激光技术股份有限公司,01247(04DF),800,1975,1000,4110.04,0,1120.83,2543.48,445.71,2049.96
2016/11/6,武汉光谷激光技术股份有限公司,01247(04DF),800,1975,1000,4110.43,0,1120.94,2543.65,445.84,2050.04
2016/11/7,武汉光谷激光技术股份有限公司,01247(04DF),800,1975,1000,4111.11,0,1121.12,2544.01,445.96,2050.29
2016/11/8,武汉光谷激光技术股份有限公司,01247(04DF),800,1975,1000,4111.76,0,1121.29,2544.36,446.11,2050.52
2016/11/9,武汉光谷激光技术股份有限公司,01247(04DF),800,1975,1000,4112.62,0,1121.51,2544.85,446.25,2050.81
2016/11/10,武汉光谷激光技术股份有限公司,01247(04DF),800,1975,1000,4113.34,0,1121.71,2545.23,446.39,2051.02
2016/11/11,武汉光谷激光技术股份有限公司,01247(04DF),800,1975,1000,4113.95,0,1121.89,2545.53,446.53,2051.19
2016/11/12,武汉光谷激光技术股份有限公司,01247(04DF),800,1975,1000,4114.34,0,1121.98,2545.7,446.64,2051.29
2016/11/13,武汉光谷激光技术股份有限公司,01247(04DF),800,1975,1000,4114.73,0,1122.09,2545.87,446.76,2051.41
2016/11/14,武汉光谷激光技术股份有限公司,01247(04DF),800,1975,1000,4115.31,0,1122.26,2546.16,446.88,2051.63
2016/11/15,武汉光谷激光技术股份有限公司,01247(04DF),800,1975,1000,4115.94,0,1122.42,2546.5,447.01,2051.91
2016/11/16,武汉光谷激光技术股份有限公司,01247(04DF),800,1975,1000,4116.58,0,1122.59,2546.86,447.12,2052.18
2016/11/17,武汉光谷激光技术股份有限公司,01247(04DF),800,1975,1000,4117.24,0,1122.75,2547.24,447.24,2052.46
2016/11/18,武汉光谷激光技术股份有限公司,01247(04DF),800,1975,1000,4117.91,0,1122.93,2547.59,447.39,2052.76
2016/11/19,武汉光谷激光技术股份有限公司,01247(04DF),800,1975,1000,4118.28,0,1123.01,2547.75,447.5,2052.86
2016/11/20,武汉光谷激光技术股份有限公司,01247(04DF),800,1975,1000,4118.62,0,1123.1,2547.9,447.61,2052.94
2016/11/21,武汉光谷激光技术股份有限公司,01247(04DF),800,1975,1000,4119.26,0,1123.27,2548.25,447.73,2053.21
2016/11/22,武汉光谷激光技术股份有限公司,01247(04DF),800,1975,1000,4120.2,0,1123.52,2548.81,447.87,2053.51
2016/11/23,武汉光谷激光技术股份有限公司,01247(04DF),800,1975,1000,4121.48,0,1123.86,2549.57,448.04,2053.92
2016/11/24,武汉光谷激光技术股份有限公司,01247(04DF),800,1975,1000,4122.64,0,1124.16,2550.28,448.19,2054.24
2016/11/25,武汉光谷激光技术股份有限公司,01247(04DF),800,1975,1000,4123.88,0,1124.49,2551.03,448.35,2054.64
2016/11/26,武汉光谷激光技术股份有限公司,01247(04DF),800,1975,1000,4124.32,0,1124.61,2551.2,448.5,2054.73
2016/11/27,武汉光谷激光技术股份有限公司,01247(04DF),800,1975,1000,4124.69,0,1124.71,2551.35,448.62,2054.81
2016/11/28,武汉光谷激光技术股份有限公司,01247(04DF),800,1975,1000,4125.45,0,1124.93,2551.75,448.76,2055.05
2016/11/29,武汉光谷激光技术股份有限公司,01247(04DF),800,1975,1000,4126.27,0,1125.14,2552.2,448.92,2055.31
