数据日期,用户名称,运行容量,电能表号,综合倍率,表位数,总,尖,峰,平,谷
2015/5/28,武汉光谷激光技术股份有限公司,800,1975,1000,5.3,1100,0,280,820,0
2015/5/29,武汉光谷激光技术股份有限公司,800,1975,1000,5.3,1360,0,350,870,150
2015/5/30,武汉光谷激光技术股份有限公司,800,1975,1000,5.3,400,0,110,180,100
2015/5/31,武汉光谷激光技术股份有限公司,800,1975,1000,5.3,480,0,150,220,110
2015/6/1,武汉光谷激光技术股份有限公司,800,1975,1000,5.3,1620,0,430,1060,130
2015/6/2,武汉光谷激光技术股份有限公司,800,1975,1000,5.3,1650,0,390,1090,170
2015/6/3,武汉光谷激光技术股份有限公司,800,1975,1000,5.3,1160,0,290,740,140
2015/6/4,武汉光谷激光技术股份有限公司,800,1975,1000,5.3,1330,0,310,900,110
2015/6/5,武汉光谷激光技术股份有限公司,800,1975,1000,5.3,1070,0,270,670,130
2015/6/6,武汉光谷激光技术股份有限公司,800,1975,1000,5.3,410,0,120,190,100
2015/6/7,武汉光谷激光技术股份有限公司,800,1975,1000,5.3,360,0,100,140,120
2015/6/8,武汉光谷激光技术股份有限公司,800,1975,1000,5.3,1430,0,320,990,130
2015/6/9,武汉光谷激光技术股份有限公司,800,1975,1000,5.3,1390,0,330,900,150
2015/6/10,武汉光谷激光技术股份有限公司,800,1975,1000,5.3,1860,0,400,1290,170
2015/6/11,武汉光谷激光技术股份有限公司,800,1975,1000,5.3,1730,0,460,1110,160
2015/6/12,武汉光谷激光技术股份有限公司,800,1975,1000,5.3,1880,0,560,1170,150
2015/6/13,武汉光谷激光技术股份有限公司,800,1975,1000,5.3,1200,0,290,780,130
2015/6/14,武汉光谷激光技术股份有限公司,800,1975,1000,5.3,430,0,120,180,140
2015/6/15,武汉光谷激光技术股份有限公司,800,1975,1000,5.3,1990,0,500,1350,140
2015/6/16,武汉光谷激光技术股份有限公司,800,1975,1000,5.3,2080,0,430,1470,170
2015/6/17,武汉光谷激光技术股份有限公司,800,1975,1000,5.3,1620,0,430,1000,190
2015/6/18,武汉光谷激光技术股份有限公司,800,1975,1000,5.3,1820,0,480,1200,140
2015/6/19,武汉光谷激光技术股份有限公司,800,1975,1000,5.3,1670,0,440,1060,180
2015/6/20,武汉光谷激光技术股份有限公司,800,1975,1000,5.3,480,0,130,220,120
2015/6/21,武汉光谷激光技术股份有限公司,800,1975,1000,5.3,390,0,100,170,120
2015/6/22,武汉光谷激光技术股份有限公司,800,1975,1000,5.3,1000,0,200,660,150
2015/6/23,武汉光谷激光技术股份有限公司,800,1975,1000,5.3,2660,0,820,1690,130
2015/6/24,武汉光谷激光技术股份有限公司,800,1975,1000,5.3,3560,0,830,2530,210
2015/6/25,武汉光谷激光技术股份有限公司,800,1975,1000,5.3,3440,0,820,2390,230
2015/6/26,武汉光谷激光技术股份有限公司,800,1975,1000,5.3,3140,0,750,2170,210
2015/6/27,武汉光谷激光技术股份有限公司,800,1975,1000,5.3,1600,0,400,970,230
2015/6/28,武汉光谷激光技术股份有限公司,800,1975,1000,5.3,900,0,240,480,190
2015/6/29,武汉光谷激光技术股份有限公司,800,1975,1000,5.3,3480,0,960,2280,240
2015/6/30,武汉光谷激光技术股份有限公司,800,1975,1000,5.3,4180,0,1110,2800,270
2015/7/1,武汉光谷激光技术股份有限公司,800,1975,1000,5.3,2280,0,600,1510,170
2015/7/2,武汉光谷激光技术股份有限公司,800,1975,1000,5.3,3070,0,860,1980,230
2015/7/3,武汉光谷激光技术股份有限公司,800,1975,1000,5.3,2680,0,720,1710,260
2015/7/4,武汉光谷激光技术股份有限公司,800,1975,1000,5.3,1290,0,330,810,140
2015/7/5,武汉光谷激光技术股份有限公司,800,1975,1000,5.3,520,0,130,240,150
2015/7/6,武汉光谷激光技术股份有限公司,800,1975,1000,5.3,1440,0,470,850,130
2015/7/7,武汉光谷激光技术股份有限公司,800,1975,1000,5.3,1550,0,480,930,130
2015/7/8,武汉光谷激光技术股份有限公司,800,1975,1000,5.3,2260,0,660,1440,170
2015/7/9,武汉光谷激光技术股份有限公司,800,1975,1000,5.3,1670,0,410,1090,160
2015/7/10,武汉光谷激光技术股份有限公司,800,1975,1000,5.3,2210,0,700,1370,140
2015/7/11,武汉光谷激光技术股份有限公司,800,1975,1000,5.3,1320,0,330,840,150
2015/7/12,武汉光谷激光技术股份有限公司,800,1975,1000,5.3,560,0,150,260,150
2015/7/13,武汉光谷激光技术股份有限公司,800,1975,1000,5.3,3100,0,870,2010,220
2015/7/14,武汉光谷激光技术股份有限公司,800,1975,1000,5.3,3180,0,840,2060,280
2015/7/15,武汉光谷激光技术股份有限公司,800,1975,1000,5.3,2760,0,710,1800,240
2015/7/16,武汉光谷激光技术股份有限公司,800,1975,1000,5.3,1770,0,510,1120,150
2015/7/17,武汉光谷激光技术股份有限公司,800,1975,1000,5.3,1630,0,390,1090,160
2015/7/18,武汉光谷激光技术股份有限公司,800,1975,1000,5.3,1010,0,260,620,120
2015/7/19,武汉光谷激光技术股份有限公司,800,1975,1000,5.3,570,0,160,270,140
2015/7/20,武汉光谷激光技术股份有限公司,800,1975,1000,5.3,3100,0,850,2070,180
2015/7/21,武汉光谷激光技术股份有限公司,800,1975,1000,5.3,3420,0,880,2300,240
2015/7/22,武汉光谷激光技术股份有限公司,800,1975,1000,5.3,3600,0,970,2360,270
2015/7/23,武汉光谷激光技术股份有限公司,800,1975,1000,5.3,3050,0,790,2010,250
2015/7/24,武汉光谷激光技术股份有限公司,800,1975,1000,5.3,2870,0,810,1850,210
2015/7/25,武汉光谷激光技术股份有限公司,800,1975,1000,5.3,1030,0,290,500,240
2015/7/26,武汉光谷激光技术股份有限公司,800,1975,1000,5.3,930,0,260,410,260
2015/7/27,武汉光谷激光技术股份有限公司,800,1975,1000,5.3,3410,0,850,2250,310
2015/7/28,武汉光谷激光技术股份有限公司,800,1975,1000,5.3,3700,0,880,2430,390
2015/7/29,武汉光谷激光技术股份有限公司,800,1975,1000,5.3,3620,0,930,2330,360
2015/7/30,武汉光谷激光技术股份有限公司,800,1975,1000,5.3,3900,0,1000,2510,390
2015/7/31,武汉光谷激光技术股份有限公司,800,1975,1000,5.3,3340,0,840,2130,380
2015/8/1,武汉光谷激光技术股份有限公司,800,1975,1000,5.3,1060,0,300,470,280
2015/8/2,武汉光谷激光技术股份有限公司,800,1975,1000,5.3,1040,0,280,450,310
2015/8/3,武汉光谷激光技术股份有限公司,800,1975,1000,5.3,3710,0,1000,2180,530
2015/8/4,武汉光谷激光技术股份有限公司,800,1975,1000,5.3,5260,0,1330,3100,830
2015/8/5,武汉光谷激光技术股份有限公司,800,1975,1000,5.3,3580,0,860,2310,410
2015/8/6,武汉光谷激光技术股份有限公司,800,1975,1000,5.3,3000,0,760,1910,340
2015/8/7,武汉光谷激光技术股份有限公司,800,1975,1000,5.3,3450,0,790,2280,370
2015/8/8,武汉光谷激光技术股份有限公司,800,1975,1000,5.3,1540,0,430,850,270
2015/8/9,武汉光谷激光技术股份有限公司,800,1975,1000,5.3,790,0,210,340,230
2015/8/10,武汉光谷激光技术股份有限公司,800,1975,1000,5.3,2260,0,540,1490,230
2015/8/11,武汉光谷激光技术股份有限公司,800,1975,1000,5.3,3010,0,740,2010,260
2015/8/12,武汉光谷激光技术股份有限公司,800,1975,1000,5.3,400,0,80,110,220
2015/8/13,武汉光谷激光技术股份有限公司,800,1975,1000,5.3,3270,0,950,2090,220
2015/8/14,武汉光谷激光技术股份有限公司,800,1975,1000,5.3,3270,0,960,2070,240
2015/8/15,武汉光谷激光技术股份有限公司,800,1975,1000,5.3,1650,0,400,970,270
2015/8/16,武汉光谷激光技术股份有限公司,800,1975,1000,5.3,710,0,190,330,200
2015/8/17,武汉光谷激光技术股份有限公司,800,1975,1000,5.3,3490,0,910,2320,250
2015/8/18,武汉光谷激光技术股份有限公司,800,1975,1000,5.3,3300,0,810,2220,280
2015/8/19,武汉光谷激光技术股份有限公司,800,1975,1000,5.3,1960,0,440,1280,240
2015/8/20,武汉光谷激光技术股份有限公司,800,1975,1000,5.3,1880,0,530,1200,150
2015/8/21,武汉光谷激光技术股份有限公司,800,1975,1000,5.3,1960,0,460,1320,180
2015/8/22,武汉光谷激光技术股份有限公司,800,1975,1000,5.3,1060,0,320,570,170
2015/8/23,武汉光谷激光技术股份有限公司,800,1975,1000,5.3,620,0,180,270,170
2015/8/24,武汉光谷激光技术股份有限公司,800,1975,1000,5.3,3040,0,750,2120,180
2015/8/25,武汉光谷激光技术股份有限公司,800,1975,1000,5.3,3080,0,760,2150,160
2015/8/26,武汉光谷激光技术股份有限公司,800,1975,1000,5.3,2770,0,740,1850,180
2015/8/27,武汉光谷激光技术股份有限公司,800,1975,1000,5.3,3550,0,910,2490,150
2015/8/28,武汉光谷激光技术股份有限公司,800,1975,1000,5.3,2470,0,610,1650,220
2015/8/29,武汉光谷激光技术股份有限公司,800,1975,1000,5.3,530,0,140,220,170
2015/8/30,武汉光谷激光技术股份有限公司,800,1975,1000,5.3,1530,0,370,970,180
2015/8/31,武汉光谷激光技术股份有限公司,800,1975,1000,5.3,2720,0,780,1720,220
2015/9/1,武汉光谷激光技术股份有限公司,800,1975,1000,5.3,2660,0,730,1730,200
2015/9/2,武汉光谷激光技术股份有限公司,800,1975,1000,5.3,2180,0,570,1420,190
2015/9/3,武汉光谷激光技术股份有限公司,800,1975,1000,5.3,550,0,160,240,160
2015/9/4,武汉光谷激光技术股份有限公司,800,1975,1000,5.3,1200,0,320,730,140
2015/9/5,武汉光谷激光技术股份有限公司,800,1975,1000,5.3,1290,0,290,840,170
2015/9/6,武汉光谷激光技术股份有限公司,800,1975,1000,5.3,2240,0,600,1430,210
2015/9/7,武汉光谷激光技术股份有限公司,800,1975,1000,5.3,2670,0,730,1720,210
2015/9/8,武汉光谷激光技术股份有限公司,800,1975,1000,5.3,2840,0,800,1850,190
2015/9/9,武汉光谷激光技术股份有限公司,800,1975,1000,5.3,2470,0,650,1620,200
2015/9/10,武汉光谷激光技术股份有限公司,800,1975,1000,5.3,2570,0,750,1640,170
2015/9/11,武汉光谷激光技术股份有限公司,800,1975,1000,5.3,2030,0,600,1240,210
2015/9/12,武汉光谷激光技术股份有限公司,800,1975,1000,5.3,1340,0,430,760,130
2015/9/13,武汉光谷激光技术股份有限公司,800,1975,1000,5.3,350,0,100,160,100
2015/9/14,武汉光谷激光技术股份有限公司,800,1975,1000,5.3,2100,0,620,1350,120
2015/9/15,武汉光谷激光技术股份有限公司,800,1975,1000,5.3,1640,0,480,1030,140
2015/9/16,武汉光谷激光技术股份有限公司,800,1975,1000,5.3,1890,0,550,1190,140
2015/9/17,武汉光谷激光技术股份有限公司,800,1975,1000,5.3,2100,0,640,1320,160
2015/9/18,武汉光谷激光技术股份有限公司,800,1975,1000,5.3,1130,0,280,730,120
2015/9/19,武汉光谷激光技术股份有限公司,800,1975,1000,5.3,800,0,190,500,100
2015/9/20,武汉光谷激光技术股份有限公司,800,1975,1000,5.3,350,0,100,150,90
2015/9/21,武汉光谷激光技术股份有限公司,800,1975,1000,5.3,1420,0,420,880,130
2015/9/22,武汉光谷激光技术股份有限公司,800,1975,1000,5.3,1820,0,510,1160,150
2015/9/23,武汉光谷激光技术股份有限公司,800,1975,1000,5.3,1490,0,440,930,120
2015/9/24,武汉光谷激光技术股份有限公司,800,1975,1000,5.3,2100,0,580,1380,140
2015/9/25,武汉光谷激光技术股份有限公司,800,1975,1000,5.3,1410,0,450,820,140
2015/9/26,武汉光谷激光技术股份有限公司,800,1975,1000,5.3,1160,0,310,730,120
2015/9/27,武汉光谷激光技术股份有限公司,800,1975,1000,5.3,380,0,110,170,110
2015/9/28,武汉光谷激光技术股份有限公司,800,1975,1000,5.3,2180,0,690,1370,110
2015/9/29,武汉光谷激光技术股份有限公司,800,1975,1000,5.3,2180,0,500,1460,210
2015/9/30,武汉光谷激光技术股份有限公司,800,1975,1000,5.3,980,0,240,620,130
2015/10/1,武汉光谷激光技术股份有限公司,800,1975,1000,5.3,230,0,70,90,80
2015/10/2,武汉光谷激光技术股份有限公司,800,1975,1000,5.3,240,0,60,100,70
2015/10/3,武汉光谷激光技术股份有限公司,800,1975,1000,5.3,260,0,70,110,80
2015/10/4,武汉光谷激光技术股份有限公司,800,1975,1000,5.3,910,0,220,600,80
2015/10/5,武汉光谷激光技术股份有限公司,800,1975,1000,5.3,890,0,200,600,110
2015/10/6,武汉光谷激光技术股份有限公司,800,1975,1000,5.3,690,0,150,450,80
2015/10/7,武汉光谷激光技术股份有限公司,800,1975,1000,5.3,1050,0,270,650,130
2015/10/8,武汉光谷激光技术股份有限公司,800,1975,1000,5.3,1330,0,330,840,160
2015/10/9,武汉光谷激光技术股份有限公司,800,1975,1000,5.3,1310,0,470,730,110
2015/10/10,武汉光谷激光技术股份有限公司,800,1975,1000,5.3,1590,0,550,920,120
2015/10/11,武汉光谷激光技术股份有限公司,800,1975,1000,5.3,320,0,90,130,100
2015/10/12,武汉光谷激光技术股份有限公司,800,1975,1000,5.3,1530,0,500,920,110
2015/10/13,武汉光谷激光技术股份有限公司,800,1975,1000,5.3,1280,0,370,800,120
2015/10/14,武汉光谷激光技术股份有限公司,800,1975,1000,5.3,1260,0,350,790,110
2015/10/15,武汉光谷激光技术股份有限公司,800,1975,1000,5.3,1500,0,440,950,110
2015/10/16,武汉光谷激光技术股份有限公司,800,1975,1000,5.3,1720,0,510,1100,120
2015/10/17,武汉光谷激光技术股份有限公司,800,1975,1000,5.3,1070,0,230,730,90
2015/10/18,武汉光谷激光技术股份有限公司,800,1975,1000,5.3,820,0,180,550,90
2015/10/19,武汉光谷激光技术股份有限公司,800,1975,1000,5.3,1770,0,480,1190,100
2015/10/20,武汉光谷激光技术股份有限公司,800,1975,1000,5.3,1550,0,470,990,110
2015/10/21,武汉光谷激光技术股份有限公司,800,1975,1000,5.3,1320,0,430,760,120
2015/10/22,武汉光谷激光技术股份有限公司,800,1975,1000,5.3,1490,0,450,910,120
2015/10/23,武汉光谷激光技术股份有限公司,800,1975,1000,5.3,1390,0,350,930,120
2015/10/24,武汉光谷激光技术股份有限公司,800,1975,1000,5.3,720,0,170,450,100
2015/10/25,武汉光谷激光技术股份有限公司,800,1975,1000,5.3,360,0,100,160,90
2015/10/26,武汉光谷激光技术股份有限公司,800,1975,1000,5.3,1110,0,350,660,110
2015/10/27,武汉光谷激光技术股份有限公司,800,1975,1000,5.3,1590,0,500,980,120
2015/10/28,武汉光谷激光技术股份有限公司,800,1975,1000,5.3,1900,0,630,1150,110
2015/10/29,武汉光谷激光技术股份有限公司,800,1975,1000,5.3,1480,0,470,890,120
2015/10/30,武汉光谷激光技术股份有限公司,800,1975,1000,5.3,2090,0,630,1320,140
2015/10/31,武汉光谷激光技术股份有限公司,800,1975,1000,5.3,800,0,250,410,140
2015/11/1,武汉光谷激光技术股份有限公司,800,1975,1000,5.3,420,0,130,190,100
2015/11/2,武汉光谷激光技术股份有限公司,800,1975,1000,5.3,1680,0,530,1040,110
2015/11/3,武汉光谷激光技术股份有限公司,800,1975,1000,5.3,2300,0,700,1490,120
2015/11/4,武汉光谷激光技术股份有限公司,800,1975,1000,5.3,1510,0,610,770,120
2015/11/5,武汉光谷激光技术股份有限公司,800,1975,1000,5.3,2050,0,620,1320,110
2015/11/6,武汉光谷激光技术股份有限公司,800,1975,1000,5.3,2070,0,570,1400,100
2015/11/7,武汉光谷激光技术股份有限公司,800,1975,1000,5.3,1260,0,450,710,100
2015/11/8,武汉光谷激光技术股份有限公司,800,1975,1000,5.3,380,0,120,160,110
2015/11/9,武汉光谷激光技术股份有限公司,800,1975,1000,5.3,2300,0,680,1480,130
2015/11/10,武汉光谷激光技术股份有限公司,800,1975,1000,5.3,2380,0,720,1530,140
2015/11/11,武汉光谷激光技术股份有限公司,800,1975,1000,5.3,2880,0,980,1720,170
2015/11/12,武汉光谷激光技术股份有限公司,800,1975,1000,5.3,3490,0,890,2080,520
2015/11/13,武汉光谷激光技术股份有限公司,800,1975,1000,5.3,2430,0,740,1500,190
2015/11/14,武汉光谷激光技术股份有限公司,800,1975,1000,5.3,1450,0,470,850,130
2015/11/15,武汉光谷激光技术股份有限公司,800,1975,1000,5.3,400,0,110,160,130
2015/11/16,武汉光谷激光技术股份有限公司,800,1975,1000,5.3,1880,0,590,1140,150
2015/11/17,武汉光谷激光技术股份有限公司,800,1975,1000,5.3,2170,0,670,1340,150
2015/11/18,武汉光谷激光技术股份有限公司,800,1975,1000,5.3,2330,0,720,1460,160
2015/11/19,武汉光谷激光技术股份有限公司,800,1975,1000,5.3,2370,0,680,1490,210
2015/11/20,武汉光谷激光技术股份有限公司,800,1975,1000,5.3,1930,0,580,1180,150
2015/11/21,武汉光谷激光技术股份有限公司,800,1975,1000,5.3,1390,0,420,870,120
2015/11/22,武汉光谷激光技术股份有限公司,800,1975,1000,5.3,380,0,110,160,110
2015/11/23,武汉光谷激光技术股份有限公司,800,1975,1000,5.3,2520,0,760,1590,170
2015/11/24,武汉光谷激光技术股份有限公司,800,1975,1000,5.3,3080,0,860,2000,210
2015/11/25,武汉光谷激光技术股份有限公司,800,1975,1000,5.3,3140,0,970,1910,270
2015/11/26,武汉光谷激光技术股份有限公司,800,1975,1000,5.3,2760,0,860,1660,230
2015/11/27,武汉光谷激光技术股份有限公司,800,1975,1000,5.3,3230,0,980,1930,320
2015/11/28,武汉光谷激光技术股份有限公司,800,1975,1000,5.3,1890,0,610,1050,240
2015/11/29,武汉光谷激光技术股份有限公司,800,1975,1000,5.3,530,0,140,210,170
2015/11/30,武汉光谷激光技术股份有限公司,800,1975,1000,5.3,2850,0,860,1810,180
2015/12/1,武汉光谷激光技术股份有限公司,800,1975,1000,5.3,2780,0,850,1740,190
2015/12/2,武汉光谷激光技术股份有限公司,800,1975,1000,5.3,2510,0,750,1430,330
2015/12/3,武汉光谷激光技术股份有限公司,800,1975,1000,5.3,2550,0,770,1570,210
2015/12/4,武汉光谷激光技术股份有限公司,800,1975,1000,5.3,2740,0,830,1630,280
2015/12/5,武汉光谷激光技术股份有限公司,800,1975,1000,5.3,1350,0,300,910,140
2015/12/6,武汉光谷激光技术股份有限公司,800,1975,1000,5.3,480,0,130,200,160
2015/12/7,武汉光谷激光技术股份有限公司,800,1975,1000,5.3,3060,0,920,1950,180
2015/12/8,武汉光谷激光技术股份有限公司,800,1975,1000,5.3,3080,0,950,1900,240
2015/12/9,武汉光谷激光技术股份有限公司,800,1975,1000,5.3,3090,0,950,1940,200
2015/12/10,武汉光谷激光技术股份有限公司,800,1975,1000,5.3,2890,0,870,1720,300
2015/12/11,武汉光谷激光技术股份有限公司,800,1975,1000,5.3,2590,0,820,1520,240
2015/12/12,武汉光谷激光技术股份有限公司,800,1975,1000,5.3,540,0,150,230,170
2015/12/13,武汉光谷激光技术股份有限公司,800,1975,1000,5.3,1790,0,580,1040,160
2015/12/14,武汉光谷激光技术股份有限公司,800,1975,1000,5.3,2920,0,920,1810,200
2015/12/15,武汉光谷激光技术股份有限公司,800,1975,1000,5.3,2560,0,790,1580,180
2015/12/16,武汉光谷激光技术股份有限公司,800,1975,1000,5.3,2680,0,820,1590,260
2015/12/17,武汉光谷激光技术股份有限公司,800,1975,1000,5.3,2840,0,890,1690,270
2015/12/18,武汉光谷激光技术股份有限公司,800,1975,1000,5.3,3010,0,880,1810,320
2015/12/19,武汉光谷激光技术股份有限公司,800,1975,1000,5.3,1420,0,430,850,150
2015/12/20,武汉光谷激光技术股份有限公司,800,1975,1000,5.3,730,0,170,320,240
2015/12/21,武汉光谷激光技术股份有限公司,800,1975,1000,5.3,2930,0,770,1930,220
2015/12/22,武汉光谷激光技术股份有限公司,800,1975,1000,5.3,3000,0,870,1890,250
2015/12/23,武汉光谷激光技术股份有限公司,800,1975,1000,5.3,3010,0,840,1930,220
2015/12/24,武汉光谷激光技术股份有限公司,800,1975,1000,5.3,3710,0,1060,2390,270
2015/12/25,武汉光谷激光技术股份有限公司,800,1975,1000,5.3,2230,0,580,1380,270
2015/12/26,武汉光谷激光技术股份有限公司,800,1975,1000,5.3,460,0,110,160,190
2015/12/27,武汉光谷激光技术股份有限公司,800,1975,1000,5.3,490,0,130,210,140
2015/12/28,武汉光谷激光技术股份有限公司,800,1975,1000,5.3,2540,0,660,1680,210
2015/12/29,武汉光谷激光技术股份有限公司,800,1975,1000,5.3,2600,0,660,1690,250
2015/12/30,武汉光谷激光技术股份有限公司,800,1975,1000,5.3,2280,0,580,1430,260
2015/12/31,武汉光谷激光技术股份有限公司,800,1975,1000,5.3,1610,0,420,980,220
2016/1/1,武汉光谷激光技术股份有限公司,800,1975,1000,5.3,520,0,150,220,160
2016/1/2,武汉光谷激光技术股份有限公司,800,1975,1000,5.3,460,0,110,180,160
2016/1/3,武汉光谷激光技术股份有限公司,800,1975,1000,5.3,1060,0,270,660,140
2016/1/4,武汉光谷激光技术股份有限公司,800,1975,1000,5.3,2010,0,500,1330,170
2016/1/5,武汉光谷激光技术股份有限公司,800,1975,1000,5.3,2550,0,680,1650,210
2016/1/6,武汉光谷激光技术股份有限公司,800,1975,1000,5.3,2500,0,580,1690,240
2016/1/7,武汉光谷激光技术股份有限公司,800,1975,1000,5.3,2680,0,680,1780,220
2016/1/8,武汉光谷激光技术股份有限公司,800,1975,1000,5.3,2530,0,630,1660,240
2016/1/9,武汉光谷激光技术股份有限公司,800,1975,1000,5.3,1550,0,450,840,260
2016/1/10,武汉光谷激光技术股份有限公司,800,1975,1000,5.3,780,0,220,340,220
2016/1/11,武汉光谷激光技术股份有限公司,800,1975,1000,5.3,3410,0,1020,2150,250
2016/1/12,武汉光谷激光技术股份有限公司,800,1975,1000,5.3,3340,0,900,2170,260
2016/1/13,武汉光谷激光技术股份有限公司,800,1975,1000,5.3,3470,0,990,2140,340
2016/1/14,武汉光谷激光技术股份有限公司,800,1975,1000,5.3,2840,0,810,1740,290
2016/1/15,武汉光谷激光技术股份有限公司,800,1975,1000,5.3,2570,0,750,1590,230
2016/1/16,武汉光谷激光技术股份有限公司,800,1975,1000,5.3,1650,0,490,940,220
2016/1/17,武汉光谷激光技术股份有限公司,800,1975,1000,5.3,620,0,170,260,190
2016/1/18,武汉光谷激光技术股份有限公司,800,1975,1000,5.3,2890,0,850,1830,210
2016/1/19,武汉光谷激光技术股份有限公司,800,1975,1000,5.3,3220,0,940,2050,240
2016/1/20,武汉光谷激光技术股份有限公司,800,1975,1000,5.3,3330,0,1030,2080,210
2016/1/21,武汉光谷激光技术股份有限公司,800,1975,1000,5.3,3250,0,970,2030,250
2016/1/22,武汉光谷激光技术股份有限公司,800,1975,1000,5.3,2610,0,750,1590,270
2016/1/23,武汉光谷激光技术股份有限公司,800,1975,1000,5.3,1480,0,350,900,230
2016/1/24,武汉光谷激光技术股份有限公司,800,1975,1000,5.3,1120,0,290,650,190
2016/1/25,武汉光谷激光技术股份有限公司,800,1975,1000,5.3,3530,0,1060,2200,260
2016/1/26,武汉光谷激光技术股份有限公司,800,1975,1000,5.3,3350,0,900,2180,270
2016/1/27,武汉光谷激光技术股份有限公司,800,1975,1000,5.3,2830,0,810,1780,230
2016/1/28,武汉光谷激光技术股份有限公司,800,1975,1000,5.3,3160,0,830,2130,210
2016/1/29,武汉光谷激光技术股份有限公司,800,1975,1000,5.3,3040,0,870,1950,230
2016/1/30,武汉光谷激光技术股份有限公司,800,1975,1000,5.3,1000,0,280,470,230
2016/1/31,武汉光谷激光技术股份有限公司,800,1975,1000,5.3,790,0,230,350,220
2016/2/1,武汉光谷激光技术股份有限公司,800,1975,1000,5.3,2230,0,620,1360,250
2016/2/2,武汉光谷激光技术股份有限公司,800,1975,1000,5.3,2250,0,620,1420,210
2016/2/3,武汉光谷激光技术股份有限公司,800,1975,1000,5.3,1880,0,600,1020,260
2016/2/4,武汉光谷激光技术股份有限公司,800,1975,1000,5.3,970,0,280,440,250
2016/2/5,武汉光谷激光技术股份有限公司,800,1975,1000,5.3,440,0,100,180,160
2016/2/6,武汉光谷激光技术股份有限公司,800,1975,1000,5.3,460,0,130,210,120
2016/2/7,武汉光谷激光技术股份有限公司,800,1975,1000,5.3,400,0,100,160,140
2016/2/8,武汉光谷激光技术股份有限公司,800,1975,1000,5.3,410,0,90,140,170
2016/2/9,武汉光谷激光技术股份有限公司,800,1975,1000,5.3,300,0,70,110,130
2016/2/10,武汉光谷激光技术股份有限公司,800,1975,1000,5.3,300,0,80,140,90
2016/2/11,武汉光谷激光技术股份有限公司,800,1975,1000,5.3,300,0,70,110,110
2016/2/12,武汉光谷激光技术股份有限公司,800,1975,1000,5.3,270,0,60,110,100
2016/2/13,武汉光谷激光技术股份有限公司,800,1975,1000,5.3,360,0,120,160,80
2016/2/14,武汉光谷激光技术股份有限公司,800,1975,1000,5.3,410,0,100,160,140
2016/2/15,武汉光谷激光技术股份有限公司,800,1975,1000,5.3,800,0,200,490,120
2016/2/16,武汉光谷激光技术股份有限公司,800,1975,1000,5.3,890,0,200,520,180
2016/2/17,武汉光谷激光技术股份有限公司,800,1975,1000,5.3,2130,0,530,1410,190
2016/2/18,武汉光谷激光技术股份有限公司,800,1975,1000,5.3,1700,0,460,1070,160
2016/2/19,武汉光谷激光技术股份有限公司,800,1975,1000,5.3,1930,0,430,1290,210
2016/2/20,武汉光谷激光技术股份有限公司,800,1975,1000,5.3,830,0,180,490,160
2016/2/21,武汉光谷激光技术股份有限公司,800,1975,1000,5.3,420,0,120,190,110
2016/2/22,武汉光谷激光技术股份有限公司,800,1975,1000,5.3,1470,0,460,880,140
2016/2/23,武汉光谷激光技术股份有限公司,800,1975,1000,5.3,2240,0,570,1500,160
2016/2/24,武汉光谷激光技术股份有限公司,800,1975,1000,5.3,2000,0,470,1350,180
2016/2/25,武汉光谷激光技术股份有限公司,800,1975,1000,5.3,1410,0,350,910,150
2016/2/26,武汉光谷激光技术股份有限公司,800,1975,1000,5.3,1430,0,350,940,140
2016/2/27,武汉光谷激光技术股份有限公司,800,1975,1000,5.3,1020,0,210,660,150
2016/2/28,武汉光谷激光技术股份有限公司,800,1975,1000,5.3,350,0,100,140,110
2016/2/29,武汉光谷激光技术股份有限公司,800,1975,1000,5.3,1330,0,300,900,120
2016/3/1,武汉光谷激光技术股份有限公司,800,1975,1000,5.3,1500,0,340,1020,150
2016/3/2,武汉光谷激光技术股份有限公司,800,1975,1000,5.3,1590,0,430,1020,140
2016/3/3,武汉光谷激光技术股份有限公司,800,1975,1000,5.3,1680,0,330,920,430
2016/3/4,武汉光谷激光技术股份有限公司,800,1975,1000,5.3,1520,0,430,970,120
2016/3/5,武汉光谷激光技术股份有限公司,800,1975,1000,5.3,880,0,160,610,110
2016/3/6,武汉光谷激光技术股份有限公司,800,1975,1000,5.3,780,0,160,510,110
2016/3/7,武汉光谷激光技术股份有限公司,800,1975,1000,5.3,1300,0,460,730,100
2016/3/8,武汉光谷激光技术股份有限公司,800,1975,1000,5.3,1780,0,540,1130,120
2016/3/9,武汉光谷激光技术股份有限公司,800,1975,1000,5.3,1780,0,390,1240,150
2016/3/10,武汉光谷激光技术股份有限公司,800,1975,1000,5.3,2180,0,630,1360,180
2016/3/11,武汉光谷激光技术股份有限公司,800,1975,1000,5.3,1830,0,520,1160,170
2016/3/12,武汉光谷激光技术股份有限公司,800,1975,1000,5.3,990,0,200,650,130
2016/3/13,武汉光谷激光技术股份有限公司,800,1975,1000,5.3,390,0,110,150,130
2016/3/14,武汉光谷激光技术股份有限公司,800,1975,1000,5.3,1430,0,410,880,140
2016/3/15,武汉光谷激光技术股份有限公司,800,1975,1000,5.3,1800,0,530,1140,130
2016/3/16,武汉光谷激光技术股份有限公司,800,1975,1000,5.3,1820,0,590,1070,160
2016/3/17,武汉光谷激光技术股份有限公司,800,1975,1000,5.3,1810,0,590,1090,130
2016/3/18,武汉光谷激光技术股份有限公司,800,1975,1000,5.3,1590,0,520,930,140
2016/3/19,武汉光谷激光技术股份有限公司,800,1975,1000,5.3,370,0,100,160,120
2016/3/20,武汉光谷激光技术股份有限公司,800,1975,1000,5.3,830,0,170,530,120
2016/3/21,武汉光谷激光技术股份有限公司,800,1975,1000,5.3,1570,0,460,990,120
2016/3/22,武汉光谷激光技术股份有限公司,800,1975,1000,5.3,1570,0,520,930,120
2016/3/23,武汉光谷激光技术股份有限公司,800,1975,1000,5.3,1900,0,430,1170,300
2016/3/24,武汉光谷激光技术股份有限公司,800,1975,1000,5.3,1530,0,460,950,120
2016/3/25,武汉光谷激光技术股份有限公司,800,1975,1000,5.3,1620,0,510,970,140
2016/3/26,武汉光谷激光技术股份有限公司,800,1975,1000,5.3,1160,0,350,700,120
2016/3/27,武汉光谷激光技术股份有限公司,800,1975,1000,5.3,420,0,100,150,150
2016/3/28,武汉光谷激光技术股份有限公司,800,1975,1000,5.3,1550,0,530,910,120
2016/3/29,武汉光谷激光技术股份有限公司,800,1975,1000,5.3,1800,0,580,1110,120
2016/3/30,武汉光谷激光技术股份有限公司,800,1975,1000,5.3,1940,0,600,1190,140
2016/3/31,武汉光谷激光技术股份有限公司,800,1975,1000,5.3,1660,0,450,1070,130
2016/4/1,武汉光谷激光技术股份有限公司,800,1975,1000,5.3,1230,0,410,700,140
2016/4/2,武汉光谷激光技术股份有限公司,800,1975,1000,5.3,940,0,230,600,100
2016/4/3,武汉光谷激光技术股份有限公司,800,1975,1000,5.3,330,0,100,140,90
2016/4/4,武汉光谷激光技术股份有限公司,800,1975,1000,5.3,340,0,80,150,120
2016/4/5,武汉光谷激光技术股份有限公司,800,1975,1000,5.3,1120,0,280,710,120
2016/4/6,武汉光谷激光技术股份有限公司,800,1975,1000,5.3,1780,0,520,1130,130
2016/4/7,武汉光谷激光技术股份有限公司,800,1975,1000,5.3,1630,0,330,1130,160
2016/4/8,武汉光谷激光技术股份有限公司,800,1975,1000,5.3,1250,0,280,840,150
2016/4/9,武汉光谷激光技术股份有限公司,800,1975,1000,5.3,940,0,170,620,140
2016/4/10,武汉光谷激光技术股份有限公司,800,1975,1000,5.3,340,0,90,130,120
2016/4/11,武汉光谷激光技术股份有限公司,800,1975,1000,5.3,1480,0,540,840,110
2016/4/12,武汉光谷激光技术股份有限公司,800,1975,1000,5.3,1630,0,450,1050,120
2016/4/13,武汉光谷激光技术股份有限公司,800,1975,1000,5.3,1410,0,450,840,120
2016/4/14,武汉光谷激光技术股份有限公司,800,1975,1000,5.3,1840,0,520,1190,130
2016/4/15,武汉光谷激光技术股份有限公司,800,1975,1000,5.3,1870,0,490,1270,120
2016/4/16,武汉光谷激光技术股份有限公司,800,1975,1000,5.3,360,0,100,150,110
2016/4/17,武汉光谷激光技术股份有限公司,800,1975,1000,5.3,1080,0,320,630,120
2016/4/18,武汉光谷激光技术股份有限公司,800,1975,1000,5.3,1270,0,420,710,130
2016/4/19,武汉光谷激光技术股份有限公司,800,1975,1000,5.3,1250,0,420,700,140
2016/4/20,武汉光谷激光技术股份有限公司,800,1975,1000,5.3,2100,0,620,1360,120
2016/4/21,武汉光谷激光技术股份有限公司,800,1975,1000,5.3,1440,0,420,900,130
2016/4/22,武汉光谷激光技术股份有限公司,800,1975,1000,5.3,1610,0,490,980,120
2016/4/23,武汉光谷激光技术股份有限公司,800,1975,1000,5.3,1860,0,570,1170,130
2016/4/24,武汉光谷激光技术股份有限公司,800,1975,1000,5.3,670,0,100,150,420
2016/4/25,武汉光谷激光技术股份有限公司,800,1975,1000,5.3,1480,0,370,990,120
2016/4/26,武汉光谷激光技术股份有限公司,800,1975,1000,5.3,1900,0,460,1330,120
2016/4/27,武汉光谷激光技术股份有限公司,800,1975,1000,5.3,1740,0,420,1190,120
2016/4/28,武汉光谷激光技术股份有限公司,800,1975,1000,5.3,1960,0,560,1280,120
2016/4/29,武汉光谷激光技术股份有限公司,800,1975,1000,5.3,1630,0,450,1030,150
2016/4/30,武汉光谷激光技术股份有限公司,800,1975,1000,5.3,750,0,180,460,110
2016/5/1,武汉光谷激光技术股份有限公司,800,1975,1000,5.3,320,0,80,140,100
2016/5/2,武汉光谷激光技术股份有限公司,800,1975,1000,5.3,310,0,80,130,100
2016/5/3,武汉光谷激光技术股份有限公司,800,1975,1000,5.3,1200,0,270,840,100
2016/5/4,武汉光谷激光技术股份有限公司,800,1975,1000,5.3,1330,0,340,870,110
2016/5/5,武汉光谷激光技术股份有限公司,800,1975,1000,5.3,2500,0,640,1730,130
2016/5/6,武汉光谷激光技术股份有限公司,800,1975,1000,5.3,2260,0,610,1500,150
2016/5/7,武汉光谷激光技术股份有限公司,800,1975,1000,5.3,1130,0,330,680,120
2016/5/8,武汉光谷激光技术股份有限公司,800,1975,1000,5.3,480,0,140,240,100
2016/5/9,武汉光谷激光技术股份有限公司,800,1975,1000,5.3,2090,0,570,1420,100
2016/5/10,武汉光谷激光技术股份有限公司,800,1975,1000,5.3,2180,0,680,1370,130
2016/5/11,武汉光谷激光技术股份有限公司,800,1975,1000,5.3,1270,0,320,840,110
2016/5/12,武汉光谷激光技术股份有限公司,800,1975,1000,5.3,1370,0,300,940,130
2016/5/13,武汉光谷激光技术股份有限公司,800,1975,1000,5.3,1490,0,300,1080,120
2016/5/14,武汉光谷激光技术股份有限公司,800,1975,1000,5.3,910,0,190,580,130
2016/5/15,武汉光谷激光技术股份有限公司,800,1975,1000,5.3,390,0,100,160,130
2016/5/16,武汉光谷激光技术股份有限公司,800,1975,1000,5.3,1470,0,390,960,130
2016/5/17,武汉光谷激光技术股份有限公司,800,1975,1000,5.3,1500,0,350,990,160
2016/5/18,武汉光谷激光技术股份有限公司,800,1975,1000,5.3,1420,0,300,980,130
2016/5/19,武汉光谷激光技术股份有限公司,800,1975,1000,5.3,1560,0,410,1000,150
2016/5/20,武汉光谷激光技术股份有限公司,800,1975,1000,5.3,2220,0,560,1510,150
2016/5/21,武汉光谷激光技术股份有限公司,800,1975,1000,5.3,1070,0,260,650,160
2016/5/22,武汉光谷激光技术股份有限公司,800,1975,1000,5.3,600,0,130,330,140
2016/5/23,武汉光谷激光技术股份有限公司,800,1975,1000,5.3,1760,0,470,1150,140
2016/5/24,武汉光谷激光技术股份有限公司,800,1975,1000,5.3,1610,0,410,1060,140
2016/5/25,武汉光谷激光技术股份有限公司,800,1975,1000,5.3,2370,0,690,1510,180
2016/5/26,武汉光谷激光技术股份有限公司,800,1975,1000,5.3,1930,0,570,1220,130
2016/5/27,武汉光谷激光技术股份有限公司,800,1975,1000,5.3,1790,0,480,1140,160
2016/5/28,武汉光谷激光技术股份有限公司,800,1975,1000,5.3,1500,0,330,800,380
2016/5/29,武汉光谷激光技术股份有限公司,800,1975,1000,5.3,410,0,80,220,110
2016/5/30,武汉光谷激光技术股份有限公司,800,1975,1000,5.3,1660,0,440,1100,120
2016/5/31,武汉光谷激光技术股份有限公司,800,1975,1000,5.3,1920,0,460,1340,120
2016/6/1,武汉光谷激光技术股份有限公司,800,1975,1000,5.3,1500,0,310,1040,160
2016/6/2,武汉光谷激光技术股份有限公司,800,1975,1000,5.3,1430,0,370,930,130
2016/6/3,武汉光谷激光技术股份有限公司,800,1975,1000,5.3,1830,0,510,1150,170
2016/6/4,武汉光谷激光技术股份有限公司,800,1975,1000,5.3,1050,0,190,650,200
2016/6/5,武汉光谷激光技术股份有限公司,800,1975,1000,5.3,440,0,130,180,130
2016/6/6,武汉光谷激光技术股份有限公司,800,1975,1000,5.3,2570,0,690,1740,140
2016/6/7,武汉光谷激光技术股份有限公司,800,1975,1000,5.3,2520,0,510,1510,500
2016/6/8,武汉光谷激光技术股份有限公司,800,1975,1000,5.3,1870,0,470,1230,170
2016/6/9,武汉光谷激光技术股份有限公司,800,1975,1000,5.3,500,0,130,210,160
2016/6/10,武汉光谷激光技术股份有限公司,800,1975,1000,5.3,480,0,120,220,140
2016/6/11,武汉光谷激光技术股份有限公司,800,1975,1000,5.3,540,0,110,310,130
2016/6/12,武汉光谷激光技术股份有限公司,800,1975,1000,5.3,2060,0,550,1380,120
2016/6/13,武汉光谷激光技术股份有限公司,800,1975,1000,5.3,2630,0,810,1680,140
2016/6/14,武汉光谷激光技术股份有限公司,800,1975,1000,5.3,2850,0,790,1910,150
2016/6/15,武汉光谷激光技术股份有限公司,800,1975,1000,5.3,2370,0,570,1580,210
2016/6/16,武汉光谷激光技术股份有限公司,800,1975,1000,5.3,1980,0,490,1360,140
2016/6/17,武汉光谷激光技术股份有限公司,800,1975,1000,5.3,2740,0,740,1830,170
2016/6/18,武汉光谷激光技术股份有限公司,800,1975,1000,5.3,1270,0,290,790,200
2016/6/19,武汉光谷激光技术股份有限公司,800,1975,1000,5.3,540,0,130,210,190
2016/6/20,武汉光谷激光技术股份有限公司,800,1975,1000,5.3,1870,0,630,1070,170
2016/6/21,武汉光谷激光技术股份有限公司,800,1975,1000,5.3,2350,0,690,1470,190
2016/6/22,武汉光谷激光技术股份有限公司,800,1975,1000,5.3,3020,0,830,1980,210
2016/6/23,武汉光谷激光技术股份有限公司,800,1975,1000,5.3,3280,0,790,2230,260
2016/6/24,武汉光谷激光技术股份有限公司,800,1975,1000,5.3,2320,0,540,1570,210
2016/6/25,武汉光谷激光技术股份有限公司,800,1975,1000,5.3,1190,0,280,750,160
2016/6/26,武汉光谷激光技术股份有限公司,800,1975,1000,5.3,450,0,130,190,130
2016/6/27,武汉光谷激光技术股份有限公司,800,1975,1000,5.3,1680,0,420,1120,140
2016/6/28,武汉光谷激光技术股份有限公司,800,1975,1000,5.3,2040,0,720,1180,150
2016/6/29,武汉光谷激光技术股份有限公司,800,1975,1000,5.3,2850,0,770,1920,150
2016/6/30,武汉光谷激光技术股份有限公司,800,1975,1000,5.3,2670,0,550,1570,560
2016/7/1,武汉光谷激光技术股份有限公司,800,1975,1000,5.3,2070,0,500,1390,170
2016/7/2,武汉光谷激光技术股份有限公司,800,1975,1000,5.3,420,0,110,170,140
2016/7/3,武汉光谷激光技术股份有限公司,800,1975,1000,5.3,860,0,210,500,150
2016/7/4,武汉光谷激光技术股份有限公司,800,1975,1000,5.3,1560,0,420,1000,140
2016/7/5,武汉光谷激光技术股份有限公司,800,1975,1000,5.3,2350,0,500,1670,180
2016/7/6,武汉光谷激光技术股份有限公司,800,1975,1000,5.3,480,0,130,200,150
2016/7/7,武汉光谷激光技术股份有限公司,800,1975,1000,5.3,2820,0,760,1900,160
2016/7/8,武汉光谷激光技术股份有限公司,800,1975,1000,5.3,2570,0,800,1560,210
2016/7/9,武汉光谷激光技术股份有限公司,800,1975,1000,5.3,1940,0,590,1140,200
2016/7/10,武汉光谷激光技术股份有限公司,800,1975,1000,5.3,1870,0,630,1070,180
2016/7/11,武汉光谷激光技术股份有限公司,800,1975,1000,5.3,3580,0,1000,2310,280
2016/7/12,武汉光谷激光技术股份有限公司,800,1975,1000,5.3,3730,0,1040,2470,210
2016/7/13,武汉光谷激光技术股份有限公司,800,1975,1000,5.3,4100,0,1200,2630,270
2016/7/14,武汉光谷激光技术股份有限公司,800,1975,1000,5.3,4170,0,920,2250,1000
2016/7/15,武汉光谷激光技术股份有限公司,800,1975,1000,5.3,2490,0,640,1620,230
2016/7/16,武汉光谷激光技术股份有限公司,800,1975,1000,5.3,1470,0,440,880,160
2016/7/17,武汉光谷激光技术股份有限公司,800,1975,1000,5.3,990,0,260,510,220
2016/7/18,武汉光谷激光技术股份有限公司,800,1975,1000,5.3,3100,0,730,2130,230
2016/7/19,武汉光谷激光技术股份有限公司,800,1975,1000,5.3,2670,0,670,1810,200
2016/7/20,武汉光谷激光技术股份有限公司,800,1975,1000,5.3,2790,0,710,1860,210
2016/7/21,武汉光谷激光技术股份有限公司,800,1975,1000,5.3,2860,0,700,1970,200
2016/7/22,武汉光谷激光技术股份有限公司,800,1975,1000,5.3,3180,0,750,2190,230
2016/7/23,武汉光谷激光技术股份有限公司,800,1975,1000,5.3,1540,0,520,810,210
2016/7/24,武汉光谷激光技术股份有限公司,800,1975,1000,5.3,770,0,210,340,220
2016/7/25,武汉光谷激光技术股份有限公司,800,1975,1000,5.3,3520,0,880,2350,280
2016/7/26,武汉光谷激光技术股份有限公司,800,1975,1000,5.3,3550,0,840,2400,330
2016/7/27,武汉光谷激光技术股份有限公司,800,1975,1000,5.3,3290,0,840,2130,310
2016/7/28,武汉光谷激光技术股份有限公司,800,1975,1000,5.3,3680,0,810,2220,650
2016/7/29,武汉光谷激光技术股份有限公司,800,1975,1000,5.3,3190,0,760,2130,290
2016/7/30,武汉光谷激光技术股份有限公司,800,1975,1000,5.3,740,0,190,320,240
2016/7/31,武汉光谷激光技术股份有限公司,800,1975,1000,5.3,750,0,200,330,220
2016/8/1,武汉光谷激光技术股份有限公司,800,1975,1000,5.3,2990,0,730,1990,270
2016/8/2,武汉光谷激光技术股份有限公司,800,1975,1000,5.3,3370,0,810,2270,280
2016/8/3,武汉光谷激光技术股份有限公司,800,1975,1000,5.3,2990,0,730,2040,230
2016/8/4,武汉光谷激光技术股份有限公司,800,1975,1000,5.3,2450,0,640,1580,230
2016/8/5,武汉光谷激光技术股份有限公司,800,1975,1000,5.3,2960,0,680,2040,240
2016/8/6,武汉光谷激光技术股份有限公司,800,1975,1000,5.3,1310,0,340,770,200
2016/8/7,武汉光谷激光技术股份有限公司,800,1975,1000,5.3,630,0,190,270,170
2016/8/8,武汉光谷激光技术股份有限公司,800,1975,1000,5.3,1980,0,420,1340,220
2016/8/9,武汉光谷激光技术股份有限公司,800,1975,1000,5.3,2730,0,720,1840,180
2016/8/10,武汉光谷激光技术股份有限公司,800,1975,1000,5.3,2810,0,750,1880,170
2016/8/11,武汉光谷激光技术股份有限公司,800,1975,1000,5.3,3190,0,780,2180,230
2016/8/12,武汉光谷激光技术股份有限公司,800,1975,1000,5.3,3590,0,830,2440,320
2016/8/13,武汉光谷激光技术股份有限公司,800,1975,1000,5.3,1110,0,260,660,200
2016/8/14,武汉光谷激光技术股份有限公司,800,1975,1000,5.3,550,0,140,250,140
2016/8/15,武汉光谷激光技术股份有限公司,800,1975,1000,5.3,2710,0,610,1880,240
2016/8/16,武汉光谷激光技术股份有限公司,800,1975,1000,5.3,2340,0,550,1550,240
2016/8/17,武汉光谷激光技术股份有限公司,800,1975,1000,5.3,2690,0,600,1850,240
2016/8/18,武汉光谷激光技术股份有限公司,800,1975,1000,5.3,2600,0,630,1700,250
2016/8/19,武汉光谷激光技术股份有限公司,800,1975,1000,5.3,2900,0,700,1860,360
2016/8/20,武汉光谷激光技术股份有限公司,800,1975,1000,5.3,940,0,210,460,250
2016/8/21,武汉光谷激光技术股份有限公司,800,1975,1000,5.3,670,0,200,280,200
2016/8/22,武汉光谷激光技术股份有限公司,800,1975,1000,5.3,2380,0,540,1620,220
2016/8/23,武汉光谷激光技术股份有限公司,800,1975,1000,5.3,2620,0,590,1770,260
2016/8/24,武汉光谷激光技术股份有限公司,800,1975,1000,5.3,2390,0,580,1570,240
2016/8/25,武汉光谷激光技术股份有限公司,800,1975,1000,5.3,2610,0,640,1710,260
2016/8/26,武汉光谷激光技术股份有限公司,800,1975,1000,5.3,1320,0,300,790,240
2016/8/27,武汉光谷激光技术股份有限公司,800,1975,1000,5.3,800,0,180,470,140
2016/8/28,武汉光谷激光技术股份有限公司,800,1975,1000,5.3,500,0,130,250,120
2016/8/29,武汉光谷激光技术股份有限公司,800,1975,1000,5.3,1860,0,440,1270,140
2016/8/30,武汉光谷激光技术股份有限公司,800,1975,1000,5.3,1910,0,490,1240,190
2016/8/31,武汉光谷激光技术股份有限公司,800,1975,1000,5.3,1670,0,430,1080,170
2016/9/1,武汉光谷激光技术股份有限公司,800,1975,1000,5.3,1810,0,440,1210,150
2016/9/2,武汉光谷激光技术股份有限公司,800,1975,1000,5.3,2420,0,720,1490,210
2016/9/3,武汉光谷激光技术股份有限公司,800,1975,1000,5.3,1670,0,330,1100,240
2016/9/4,武汉光谷激光技术股份有限公司,800,1975,1000,5.3,670,0,180,310,180
2016/9/5,武汉光谷激光技术股份有限公司,800,1975,1000,5.3,2220,0,530,1500,190
2016/9/6,武汉光谷激光技术股份有限公司,800,1975,1000,5.3,1840,0,400,1220,210
2016/9/7,武汉光谷激光技术股份有限公司,800,1975,1000,5.3,1840,0,430,1240,190
2016/9/8,武汉光谷激光技术股份有限公司,800,1975,1000,5.3,1860,0,500,1130,220
2016/9/9,武汉光谷激光技术股份有限公司,800,1975,1000,5.3,1830,0,520,1080,230
2016/9/10,武汉光谷激光技术股份有限公司,800,1975,1000,5.3,1200,0,310,720,170
2016/9/11,武汉光谷激光技术股份有限公司,800,1975,1000,5.3,1120,0,270,700,160
2016/9/12,武汉光谷激光技术股份有限公司,800,1975,1000,5.3,2310,0,690,1440,180
2016/9/13,武汉光谷激光技术股份有限公司,800,1975,1000,5.3,1780,0,520,1110,140
2016/9/14,武汉光谷激光技术股份有限公司,800,1975,1000,5.3,1690,0,460,1060,170
2016/9/15,武汉光谷激光技术股份有限公司,800,1975,1000,5.3,400,0,110,180,120
2016/9/16,武汉光谷激光技术股份有限公司,800,1975,1000,5.3,350,0,90,140,100
2016/9/17,武汉光谷激光技术股份有限公司,800,1975,1000,5.3,330,0,100,140,100
2016/9/18,武汉光谷激光技术股份有限公司,800,1975,1000,5.3,1130,0,260,740,120
2016/9/19,武汉光谷激光技术股份有限公司,800,1975,1000,5.3,1890,0,590,1190,120
2016/9/20,武汉光谷激光技术股份有限公司,800,1975,1000,5.3,1610,0,490,1000,120
2016/9/21,武汉光谷激光技术股份有限公司,800,1975,1000,5.3,1360,0,370,840,150
2016/9/22,武汉光谷激光技术股份有限公司,800,1975,1000,5.3,1410,0,420,860,140
2016/9/23,武汉光谷激光技术股份有限公司,800,1975,1000,5.3,1560,0,460,950,130
2016/9/24,武汉光谷激光技术股份有限公司,800,1975,1000,5.3,1440,0,460,840,150
2016/9/25,武汉光谷激光技术股份有限公司,800,1975,1000,5.3,1110,0,230,750,130
2016/9/26,武汉光谷激光技术股份有限公司,800,1975,1000,5.3,2080,0,640,1310,130
2016/9/27,武汉光谷激光技术股份有限公司,800,1975,1000,5.3,1840,0,520,1170,150
2016/9/28,武汉光谷激光技术股份有限公司,800,1975,1000,5.3,1220,0,370,700,150
2016/9/29,武汉光谷激光技术股份有限公司,800,1975,1000,5.3,1050,0,270,670,100
2016/9/30,武汉光谷激光技术股份有限公司,800,1975,1000,5.3,1080,0,290,680,120
2016/10/1,武汉光谷激光技术股份有限公司,800,1975,1000,5.3,270,0,70,120,90
2016/10/2,武汉光谷激光技术股份有限公司,800,1975,1000,5.3,280,0,70,120,80
2016/10/3,武汉光谷激光技术股份有限公司,800,1975,1000,5.3,280,0,80,120,80
2016/10/4,武汉光谷激光技术股份有限公司,800,1975,1000,5.3,490,0,170,230,100
2016/10/5,武汉光谷激光技术股份有限公司,800,1975,1000,5.3,290,0,80,120,80
2016/10/6,武汉光谷激光技术股份有限公司,800,1975,1000,5.3,340,0,100,170,80
2016/10/7,武汉光谷激光技术股份有限公司,800,1975,1000,5.3,310,0,90,130,80
2016/10/8,武汉光谷激光技术股份有限公司,800,1975,1000,5.3,460,0,130,240,90
2016/10/9,武汉光谷激光技术股份有限公司,800,1975,1000,5.3,430,0,120,220,100
2016/10/10,武汉光谷激光技术股份有限公司,800,1975,1000,5.3,470,0,140,230,90
2016/10/11,武汉光谷激光技术股份有限公司,800,1975,1000,5.3,490,0,140,260,100
2016/10/12,武汉光谷激光技术股份有限公司,800,1975,1000,5.3,520,0,150,270,100
2016/10/13,武汉光谷激光技术股份有限公司,800,1975,1000,5.3,520,0,140,270,100
2016/10/14,武汉光谷激光技术股份有限公司,800,1975,1000,5.3,480,0,130,250,100
2016/10/15,武汉光谷激光技术股份有限公司,800,1975,1000,5.3,300,0,90,120,100
2016/10/16,武汉光谷激光技术股份有限公司,800,1975,1000,5.3,310,0,80,130,90
2016/10/17,武汉光谷激光技术股份有限公司,800,1975,1000,5.3,450,0,130,230,90
2016/10/18,武汉光谷激光技术股份有限公司,800,1975,1000,5.3,470,0,140,230,100
2016/10/19,武汉光谷激光技术股份有限公司,800,1975,1000,5.3,500,0,130,270,100
2016/10/20,武汉光谷激光技术股份有限公司,800,1975,1000,5.3,510,0,140,270,110
2016/10/21,武汉光谷激光技术股份有限公司,800,1975,1000,5.3,500,0,130,260,100
2016/10/22,武汉光谷激光技术股份有限公司,800,1975,1000,5.3,330,0,100,140,90
2016/10/23,武汉光谷激光技术股份有限公司,800,1975,1000,5.3,340,0,90,140,110
2016/10/24,武汉光谷激光技术股份有限公司,800,1975,1000,5.3,570,0,150,310,110
2016/10/25,武汉光谷激光技术股份有限公司,800,1975,1000,5.3,550,0,150,290,110
2016/10/26,武汉光谷激光技术股份有限公司,800,1975,1000,5.3,540,0,140,280,120
2016/10/27,武汉光谷激光技术股份有限公司,800,1975,1000,5.3,570,0,150,300,120
2016/10/28,武汉光谷激光技术股份有限公司,800,1975,1000,5.3,660,0,180,360,120
2016/10/29,武汉光谷激光技术股份有限公司,800,1975,1000,5.3,400,0,110,160,120
2016/10/30,武汉光谷激光技术股份有限公司,800,1975,1000,5.3,380,0,110,160,120
2016/10/31,武汉光谷激光技术股份有限公司,800,1975,1000,5.3,790,0,230,430,130
2016/11/1,武汉光谷激光技术股份有限公司,800,1975,1000,5.3,700,0,160,360,180
2016/11/2,武汉光谷激光技术股份有限公司,800,1975,1000,5.3,680,0,170,360,160
2016/11/3,武汉光谷激光技术股份有限公司,800,1975,1000,5.3,600,0,160,310,120
2016/11/4,武汉光谷激光技术股份有限公司,800,1975,1000,5.3,610,0,170,300,140
2016/11/5,武汉光谷激光技术股份有限公司,800,1975,1000,5.3,410,0,100,170,130
2016/11/6,武汉光谷激光技术股份有限公司,800,1975,1000,5.3,380,0,110,170,120
2016/11/7,武汉光谷激光技术股份有限公司,800,1975,1000,5.3,690,0,180,360,130
2016/11/8,武汉光谷激光技术股份有限公司,800,1975,1000,5.3,650,0,170,350,150
2016/11/9,武汉光谷激光技术股份有限公司,800,1975,1000,5.3,850,0,220,490,140
2016/11/10,武汉光谷激光技术股份有限公司,800,1975,1000,5.3,730,0,200,380,140
2016/11/11,武汉光谷激光技术股份有限公司,800,1975,1000,5.3,610,0,180,300,140
2016/11/12,武汉光谷激光技术股份有限公司,800,1975,1000,5.3,390,0,90,170,110
2016/11/13,武汉光谷激光技术股份有限公司,800,1975,1000,5.3,390,0,110,170,120
2016/11/14,武汉光谷激光技术股份有限公司,800,1975,1000,5.3,580,0,170,290,120
2016/11/15,武汉光谷激光技术股份有限公司,800,1975,1000,5.3,630,0,160,340,130
2016/11/16,武汉光谷激光技术股份有限公司,800,1975,1000,5.3,640,0,170,360,110
2016/11/17,武汉光谷激光技术股份有限公司,800,1975,1000,5.3,660,0,160,380,120
2016/11/18,武汉光谷激光技术股份有限公司,800,1975,1000,5.3,670,0,180,350,150
2016/11/19,武汉光谷激光技术股份有限公司,800,1975,1000,5.3,370,0,80,160,110
2016/11/20,武汉光谷激光技术股份有限公司,800,1975,1000,5.3,340,0,90,150,110
2016/11/21,武汉光谷激光技术股份有限公司,800,1975,1000,5.3,640,0,170,350,120
2016/11/22,武汉光谷激光技术股份有限公司,800,1975,1000,5.3,940,0,250,550,140
2016/11/23,武汉光谷激光技术股份有限公司,800,1975,1000,5.3,1280,0,340,770,170
2016/11/24,武汉光谷激光技术股份有限公司,800,1975,1000,5.3,1160,0,300,710,150
2016/11/25,武汉光谷激光技术股份有限公司,800,1975,1000,5.3,1240,0,330,750,160
2016/11/26,武汉光谷激光技术股份有限公司,800,1975,1000,5.3,430,0,120,160,150
2016/11/27,武汉光谷激光技术股份有限公司,800,1975,1000,5.3,380,0,100,160,120
2016/11/28,武汉光谷激光技术股份有限公司,800,1975,1000,5.3,760,0,220,400,140
2016/11/29,武汉光谷激光技术股份有限公司,800,1975,1000,5.3,810,0,210,450,160
