数据日期,用户名称,运行容量,电能表号,综合倍率,表位数,在线情况,总,尖,峰,平,谷
2015/3/29,武汉天琪激光设备制造有限公司,1000,0002845680,1200,6.2,在线,0,0,0,0,0
2015/3/30,武汉天琪激光设备制造有限公司,1000,0002845331,60,6.2,在线,337.8,0,0,337.8,0
2015/3/30,武汉天琪激光设备制造有限公司,1000,0002845680,1200,6.2,在线,972,0,372,588,0
2015/3/31,武汉天琪激光设备制造有限公司,1000,0002845331,60,6.2,在线,454.2,0,0,454.2,0
2015/3/31,武汉天琪激光设备制造有限公司,1000,0002845680,1200,6.2,在线,1116,0,300,588,240
2015/4/1,武汉天琪激光设备制造有限公司,1000,0002845331,60,6.2,在线,453,0,0,453,0
2015/4/1,武汉天琪激光设备制造有限公司,1000,0002845680,1200,6.2,在线,1104,0,336,564,216
2015/4/2,武汉天琪激光设备制造有限公司,1000,0002845331,60,6.2,在线,295.8,0,0,295.8,0
2015/4/2,武汉天琪激光设备制造有限公司,1000,0002845680,1200,6.2,在线,996,0,360,636,0
2015/4/3,武汉天琪激光设备制造有限公司,1000,0002845331,60,6.2,在线,391.8,0,0,391.8,0
2015/4/3,武汉天琪激光设备制造有限公司,1000,0002845680,1200,6.2,在线,984,0,276,504,216
2015/4/4,武汉天琪激光设备制造有限公司,1000,0002845331,60,6.2,在线,422.4,0,0,422.4,0
2015/4/4,武汉天琪激光设备制造有限公司,1000,0002845680,1200,6.2,在线,624,0,180,288,156
2015/4/5,武汉天琪激光设备制造有限公司,1000,0002845331,60,6.2,在线,243.6,0,0,243.6,0
2015/4/5,武汉天琪激光设备制造有限公司,1000,0002845680,1200,6.2,在线,384,0,108,156,108
2015/4/6,武汉天琪激光设备制造有限公司,1000,0002845331,60,6.2,在线,361.8,0,0,361.8,0
2015/4/6,武汉天琪激光设备制造有限公司,1000,0002845680,1200,6.2,在线,900,0,228,504,156
2015/4/7,武汉天琪激光设备制造有限公司,1000,0002845331,60,6.2,在线,513,0,0,513,0
2015/4/7,武汉天琪激光设备制造有限公司,1000,0002845680,1200,6.2,在线,1248,0,396,672,192
2015/4/8,武汉天琪激光设备制造有限公司,1000,0002845331,60,6.2,在线,672,0,0,672,0
2015/4/8,武汉天琪激光设备制造有限公司,1000,0002845680,1200,6.2,在线,1452,0,432,828,192
2015/4/9,武汉天琪激光设备制造有限公司,1000,0002845331,60,6.2,在线,579,0,0,579,0
2015/4/9,武汉天琪激光设备制造有限公司,1000,0002845680,1200,6.2,在线,1380,0,444,720,216
2015/4/10,武汉天琪激光设备制造有限公司,1000,0002845331,60,6.2,在线,505.8,0,0,505.8,0
2015/4/10,武汉天琪激光设备制造有限公司,1000,0002845680,1200,6.2,在线,1332,0,468,660,204
2015/4/11,武汉天琪激光设备制造有限公司,1000,0002845331,60,6.2,在线,490.2,0,0,490.2,0
2015/4/11,武汉天琪激光设备制造有限公司,1000,0002845680,1200,6.2,在线,1140,0,300,636,204
2015/4/12,武汉天琪激光设备制造有限公司,1000,0002845331,60,6.2,在线,394.2,0,0,394.2,0
2015/4/12,武汉天琪激光设备制造有限公司,1000,0002845680,1200,6.2,在线,552,0,132,264,144
2015/4/13,武汉天琪激光设备制造有限公司,1000,0002845331,60,6.2,在线,523.2,0,0,523.2,0
2015/4/13,武汉天琪激光设备制造有限公司,1000,0002845680,1200,6.2,在线,1224,0,360,696,180
2015/4/14,武汉天琪激光设备制造有限公司,1000,0002845331,60,6.2,在线,499.2,0,0,499.2,0
2015/4/14,武汉天琪激光设备制造有限公司,1000,0002845680,1200,6.2,在线,1308,0,396,732,180
2015/4/15,武汉天琪激光设备制造有限公司,1000,0002845331,60,6.2,在线,526.2,0,0,526.2,0
2015/4/15,武汉天琪激光设备制造有限公司,1000,0002845680,1200,6.2,在线,1140,0,336,636,180
2015/4/16,武汉天琪激光设备制造有限公司,1000,0002845331,60,6.2,在线,494.4,0,0,494.4,0
2015/4/16,武汉天琪激光设备制造有限公司,1000,0002845680,1200,6.2,在线,1200,0,348,660,180
2015/4/17,武汉天琪激光设备制造有限公司,1000,0002845331,60,6.2,在线,457.8,0,0,457.8,0
2015/4/17,武汉天琪激光设备制造有限公司,1000,0002845680,1200,6.2,在线,984,0,288,516,168
2015/4/18,武汉天琪激光设备制造有限公司,1000,0002845331,60,6.2,在线,391.8,0,0,391.8,0
2015/4/18,武汉天琪激光设备制造有限公司,1000,0002845680,1200,6.2,在线,876,0,240,468,192
2015/4/19,武汉天琪激光设备制造有限公司,1000,0002845331,60,6.2,在线,360.6,0,0,360.6,0
2015/4/19,武汉天琪激光设备制造有限公司,1000,0002845680,1200,6.2,在线,528,0,156,240,132
2015/4/20,武汉天琪激光设备制造有限公司,1000,0002845331,60,6.2,在线,510,0,0,510,0
2015/4/20,武汉天琪激光设备制造有限公司,1000,0002845680,1200,6.2,在线,1116,0,312,636,156
2015/4/21,武汉天琪激光设备制造有限公司,1000,0002845331,60,6.2,在线,466.2,0,0,466.2,0
2015/4/21,武汉天琪激光设备制造有限公司,1000,0002845680,1200,6.2,在线,1272,0,420,684,168
2015/4/22,武汉天琪激光设备制造有限公司,1000,0002845331,60,6.2,在线,470.4,0,0,470.4,0
2015/4/22,武汉天琪激光设备制造有限公司,1000,0002845680,1200,6.2,在线,1176,0,348,648,180
2015/4/23,武汉天琪激光设备制造有限公司,1000,0002845331,60,6.2,在线,481.8,0,0,481.8,0
2015/4/23,武汉天琪激光设备制造有限公司,1000,0002845680,1200,6.2,在线,1296,0,420,684,192
2015/4/24,武汉天琪激光设备制造有限公司,1000,0002845331,60,6.2,在线,438,0,0,438,0
2015/4/24,武汉天琪激光设备制造有限公司,1000,0002845680,1200,6.2,在线,1176,0,360,636,180
2015/4/25,武汉天琪激光设备制造有限公司,1000,0002845331,60,6.2,在线,454.2,0,0,454.2,0
2015/4/25,武汉天琪激光设备制造有限公司,1000,0002845680,1200,6.2,在线,1116,0,288,600,240
2015/4/26,武汉天琪激光设备制造有限公司,1000,0002845331,60,6.2,在线,339.6,0,0,339.6,0
2015/4/26,武汉天琪激光设备制造有限公司,1000,0002845680,1200,6.2,在线,792,0,204,432,156
2015/4/27,武汉天琪激光设备制造有限公司,1000,0002845331,60,6.2,在线,464.4,0,0,464.4,0
2015/4/27,武汉天琪激光设备制造有限公司,1000,0002845680,1200,6.2,在线,1104,0,336,576,180
2015/4/28,武汉天琪激光设备制造有限公司,1000,0002845331,60,6.2,在线,447,0,0,447,0
2015/4/28,武汉天琪激光设备制造有限公司,1000,0002845680,1200,6.2,在线,1236,0,420,672,156
2015/4/29,武汉天琪激光设备制造有限公司,1000,0002845331,60,6.2,在线,387,0,0,387,0
2015/4/29,武汉天琪激光设备制造有限公司,1000,0002845680,1200,6.2,在线,1128,0,324,600,192
2015/4/30,武汉天琪激光设备制造有限公司,1000,0002845331,60,6.2,在线,376.8,0,0,376.8,0
2015/4/30,武汉天琪激光设备制造有限公司,1000,0002845680,1200,6.2,在线,984,0,252,540,192
2015/5/1,武汉天琪激光设备制造有限公司,1000,0002845331,60,6.2,在线,195.6,0,0,195.6,0
2015/5/1,武汉天琪激光设备制造有限公司,1000,0002845680,1200,6.2,在线,420,0,132,144,132
2015/5/2,武汉天琪激光设备制造有限公司,1000,0002845331,60,6.2,在线,175.2,0,0,175.2,0
2015/5/2,武汉天琪激光设备制造有限公司,1000,0002845680,1200,6.2,在线,372,0,144,132,120
2015/5/3,武汉天琪激光设备制造有限公司,1000,0002845331,60,6.2,在线,262.2,0,0,262.2,0
2015/5/3,武汉天琪激光设备制造有限公司,1000,0002845680,1200,6.2,在线,600,0,144,288,168
2015/5/4,武汉天琪激光设备制造有限公司,1000,0002845331,60,6.2,在线,442.8,0,0,442.8,0
2015/5/4,武汉天琪激光设备制造有限公司,1000,0002845680,1200,6.2,在线,1056,0,312,552,180
2015/5/5,武汉天琪激光设备制造有限公司,1000,0002845331,60,6.2,在线,444,0,0,444,0
2015/5/5,武汉天琪激光设备制造有限公司,1000,0002845680,1200,6.2,在线,1116,0,312,648,168
2015/5/6,武汉天琪激光设备制造有限公司,1000,0002845331,60,6.2,在线,390.6,0,0,390.6,0
2015/5/6,武汉天琪激光设备制造有限公司,1000,0002845680,1200,6.2,在线,984,0,312,528,132
2015/5/7,武汉天琪激光设备制造有限公司,1000,0002845331,60,6.2,在线,448.2,0,0,448.2,0
2015/5/7,武汉天琪激光设备制造有限公司,1000,0002845680,1200,6.2,在线,1164,0,360,624,180
2015/5/8,武汉天琪激光设备制造有限公司,1000,0002845331,60,6.2,在线,430.8,0,0,430.8,0
2015/5/8,武汉天琪激光设备制造有限公司,1000,0002845680,1200,6.2,在线,1104,0,336,588,180
2015/5/9,武汉天琪激光设备制造有限公司,1000,0002845331,60,6.2,在线,405.6,0,0,405.6,0
2015/5/9,武汉天琪激光设备制造有限公司,1000,0002845680,1200,6.2,在线,1020,0,300,552,168
2015/5/10,武汉天琪激光设备制造有限公司,1000,0002845331,60,6.2,在线,339.6,0,0,339.6,0
2015/5/10,武汉天琪激光设备制造有限公司,1000,0002845680,1200,6.2,在线,516,0,120,240,156
2015/5/11,武汉天琪激光设备制造有限公司,1000,0002845331,60,6.2,在线,466.8,0,0,466.8,0
2015/5/11,武汉天琪激光设备制造有限公司,1000,0002845680,1200,6.2,在线,1104,0,312,612,180
2015/5/12,武汉天琪激光设备制造有限公司,1000,0002845331,60,6.2,在线,470.4,0,0,470.4,0
2015/5/12,武汉天琪激光设备制造有限公司,1000,0002845680,1200,6.2,在线,1176,0,336,660,192
2015/5/13,武汉天琪激光设备制造有限公司,1000,0002845331,60,6.2,在线,410.4,0,0,410.4,0
2015/5/13,武汉天琪激光设备制造有限公司,1000,0002845680,1200,6.2,在线,1068,0,312,612,120
2015/5/14,武汉天琪激光设备制造有限公司,1000,0002845331,60,6.2,在线,448.2,0,0,448.2,0
2015/5/14,武汉天琪激光设备制造有限公司,1000,0002845680,1200,6.2,在线,1092,0,372,576,156
2015/5/15,武汉天琪激光设备制造有限公司,1000,0002845331,60,6.2,在线,400.2,0,0,400.2,0
2015/5/15,武汉天琪激光设备制造有限公司,1000,0002845680,1200,6.2,在线,996,0,300,552,156
2015/5/16,武汉天琪激光设备制造有限公司,1000,0002845331,60,6.2,在线,370.2,0,0,370.2,0
2015/5/16,武汉天琪激光设备制造有限公司,1000,0002845680,1200,6.2,在线,756,0,204,384,168
2015/5/17,武汉天琪激光设备制造有限公司,1000,0002845331,60,6.2,在线,315,0,0,315,0
2015/5/17,武汉天琪激光设备制造有限公司,1000,0002845680,1200,6.2,在线,480,0,144,180,156
2015/5/18,武汉天琪激光设备制造有限公司,1000,0002845331,60,6.2,在线,442.2,0,0,442.2,0
2015/5/18,武汉天琪激光设备制造有限公司,1000,0002845680,1200,6.2,在线,1080,0,288,588,180
2015/5/19,武汉天琪激光设备制造有限公司,1000,0002845331,60,6.2,在线,410.4,0,0,410.4,0
2015/5/19,武汉天琪激光设备制造有限公司,1000,0002845680,1200,6.2,在线,1224,0,396,684,156
2015/5/20,武汉天琪激光设备制造有限公司,1000,0002845331,60,6.2,在线,387.6,0,0,387.6,0
2015/5/20,武汉天琪激光设备制造有限公司,1000,0002845680,1200,6.2,在线,1164,0,312,660,192
2015/5/21,武汉天琪激光设备制造有限公司,1000,0002845331,60,6.2,在线,384,0,0,384,0
2015/5/21,武汉天琪激光设备制造有限公司,1000,0002845680,1200,6.2,在线,1140,0,324,624,192
2015/5/22,武汉天琪激光设备制造有限公司,1000,0002845331,60,6.2,在线,318,0,0,318,0
2015/5/22,武汉天琪激光设备制造有限公司,1000,0002845680,1200,6.2,在线,1044,0,324,588,132
2015/5/23,武汉天琪激光设备制造有限公司,1000,0002845331,60,6.2,在线,395.4,0,0,395.4,0
2015/5/23,武汉天琪激光设备制造有限公司,1000,0002845680,1200,6.2,在线,1032,0,288,588,144
2015/5/24,武汉天琪激光设备制造有限公司,1000,0002845331,60,6.2,在线,336,0,0,336,0
2015/5/24,武汉天琪激光设备制造有限公司,1000,0002845680,1200,6.2,在线,480,0,168,180,132
2015/5/25,武汉天琪激光设备制造有限公司,1000,0002845331,60,6.2,在线,459.6,0,0,459.6,0
2015/5/25,武汉天琪激光设备制造有限公司,1000,0002845680,1200,6.2,在线,1224,0,372,684,192
2015/5/26,武汉天琪激光设备制造有限公司,1000,0002845331,60,6.2,在线,411.6,0,0,411.6,0
2015/5/26,武汉天琪激光设备制造有限公司,1000,0002845680,1200,6.2,在线,1236,0,360,696,168
2015/5/27,武汉天琪激光设备制造有限公司,1000,0002845331,60,6.2,在线,440.4,0,0,440.4,0
2015/5/27,武汉天琪激光设备制造有限公司,1000,0002845680,1200,6.2,在线,1212,0,360,624,240
2015/5/28,武汉天琪激光设备制造有限公司,1000,0002845331,60,6.2,在线,436.2,0,0,436.2,0
2015/5/28,武汉天琪激光设备制造有限公司,1000,0002845680,1200,6.2,在线,1128,0,300,648,168
2015/5/29,武汉天琪激光设备制造有限公司,1000,0002845331,60,6.2,在线,414,0,0,414,0
2015/5/29,武汉天琪激光设备制造有限公司,1000,0002845680,1200,6.2,在线,1080,0,312,576,192
2015/5/30,武汉天琪激光设备制造有限公司,1000,0002845331,60,6.2,在线,410.4,0,0,410.4,0
2015/5/30,武汉天琪激光设备制造有限公司,1000,0002845680,1200,6.2,在线,984,0,252,552,180
2015/5/31,武汉天琪激光设备制造有限公司,1000,0002845331,60,6.2,在线,267,0,0,267,0
2015/5/31,武汉天琪激光设备制造有限公司,1000,0002845680,1200,6.2,在线,396,0,120,144,132
2015/6/1,武汉天琪激光设备制造有限公司,1000,0002845331,60,6.2,在线,415.2,0,0,415.2,0
2015/6/1,武汉天琪激光设备制造有限公司,1000,0002845680,1200,6.2,在线,1068,0,348,564,156
2015/6/2,武汉天琪激光设备制造有限公司,1000,0002845331,60,6.2,在线,415.2,0,0,415.2,0
2015/6/2,武汉天琪激光设备制造有限公司,1000,0002845680,1200,6.2,在线,1200,0,300,660,228
2015/6/3,武汉天琪激光设备制造有限公司,1000,0002845331,60,6.2,在线,417.6,0,0,417.6,0
2015/6/3,武汉天琪激光设备制造有限公司,1000,0002845680,1200,6.2,在线,1176,0,348,672,180
2015/6/4,武汉天琪激光设备制造有限公司,1000,0002845331,60,6.2,在线,429,0,0,429,0
2015/6/4,武汉天琪激光设备制造有限公司,1000,0002845680,1200,6.2,在线,1128,0,348,564,204
2015/6/5,武汉天琪激光设备制造有限公司,1000,0002845331,60,6.2,在线,391.8,0,0,391.8,0
2015/6/5,武汉天琪激光设备制造有限公司,1000,0002845680,1200,6.2,在线,972,0,228,576,168
2015/6/6,武汉天琪激光设备制造有限公司,1000,0002845331,60,6.2,在线,297,0,0,297,0
2015/6/6,武汉天琪激光设备制造有限公司,1000,0002845680,1200,6.2,在线,456,0,132,192,144
2015/6/7,武汉天琪激光设备制造有限公司,1000,0002845331,60,6.2,在线,286.2,0,0,286.2,0
2015/6/7,武汉天琪激光设备制造有限公司,1000,0002845680,1200,6.2,在线,420,0,120,168,120
2015/6/8,武汉天琪激光设备制造有限公司,1000,0002845331,60,6.2,在线,408,0,0,408,0
2015/6/8,武汉天琪激光设备制造有限公司,1000,0002845680,1200,6.2,在线,996,0,300,552,144
2015/6/9,武汉天琪激光设备制造有限公司,1000,0002845331,60,6.2,在线,435.6,0,0,435.6,0
2015/6/9,武汉天琪激光设备制造有限公司,1000,0002845680,1200,6.2,在线,1104,0,276,648,180
2015/6/10,武汉天琪激光设备制造有限公司,1000,0002845331,60,6.2,在线,397.8,0,0,397.8,0
2015/6/10,武汉天琪激光设备制造有限公司,1000,0002845680,1200,6.2,在线,1092,0,324,636,120
2015/6/11,武汉天琪激光设备制造有限公司,1000,0002845331,60,6.2,在线,395.4,0,0,395.4,0
2015/6/11,武汉天琪激光设备制造有限公司,1000,0002845680,1200,6.2,在线,1056,0,288,588,192
2015/6/12,武汉天琪激光设备制造有限公司,1000,0002845331,60,6.2,在线,331.8,0,0,331.8,0
2015/6/12,武汉天琪激光设备制造有限公司,1000,0002845680,1200,6.2,在线,1044,0,300,600,132
2015/6/13,武汉天琪激光设备制造有限公司,1000,0002845331,60,6.2,在线,393,0,0,393,0
2015/6/13,武汉天琪激光设备制造有限公司,1000,0002845680,1200,6.2,在线,1068,0,288,660,132
2015/6/14,武汉天琪激光设备制造有限公司,1000,0002845331,60,6.2,在线,295.8,0,0,295.8,0
2015/6/14,武汉天琪激光设备制造有限公司,1000,0002845680,1200,6.2,在线,492,0,132,216,144
2015/6/15,武汉天琪激光设备制造有限公司,1000,0002845331,60,6.2,在线,443.4,0,0,443.4,0
2015/6/15,武汉天琪激光设备制造有限公司,1000,0002845680,1200,6.2,在线,1272,0,360,732,168
2015/6/16,武汉天琪激光设备制造有限公司,1000,0002845331,60,6.2,在线,438,0,0,438,0
2015/6/16,武汉天琪激光设备制造有限公司,1000,0002845680,1200,6.2,在线,1368,0,444,768,168
2015/6/17,武汉天琪激光设备制造有限公司,1000,0002845331,60,6.2,在线,435.6,0,0,435.6,0
2015/6/17,武汉天琪激光设备制造有限公司,1000,0002845680,1200,6.2,在线,1392,0,384,672,336
2015/6/18,武汉天琪激光设备制造有限公司,1000,0002845331,60,6.2,在线,445.8,0,0,445.8,0
2015/6/18,武汉天琪激光设备制造有限公司,1000,0002845680,1200,6.2,在线,1140,0,324,600,216
2015/6/19,武汉天琪激光设备制造有限公司,1000,0002845331,60,6.2,在线,346.8,0,0,346.8,0
2015/6/19,武汉天琪激光设备制造有限公司,1000,0002845680,1200,6.2,在线,888,0,216,504,168
2015/6/20,武汉天琪激光设备制造有限公司,1000,0002845331,60,6.2,在线,160.8,0,0,160.8,0
2015/6/20,武汉天琪激光设备制造有限公司,1000,0002845680,1200,6.2,在线,276,0,84,108,72
2015/6/21,武汉天琪激光设备制造有限公司,1000,0002845331,60,6.2,在线,182.4,0,0,182.4,0
2015/6/21,武汉天琪激光设备制造有限公司,1000,0002845680,1200,6.2,在线,288,0,72,120,108
2015/6/22,武汉天琪激光设备制造有限公司,1000,0002845331,60,6.2,在线,200.4,0,0,200.4,0
2015/6/22,武汉天琪激光设备制造有限公司,1000,0002845680,1200,6.2,在线,300,0,72,132,96
2015/6/23,武汉天琪激光设备制造有限公司,1000,0002845331,60,6.2,在线,423.6,0,0,423.6,0
2015/6/23,武汉天琪激光设备制造有限公司,1000,0002845680,1200,6.2,在线,1020,0,300,588,132
2015/6/24,武汉天琪激光设备制造有限公司,1000,0002845331,60,6.2,在线,471,0,0,471,0
2015/6/24,武汉天琪激光设备制造有限公司,1000,0002845680,1200,6.2,在线,1248,0,360,756,132
2015/6/25,武汉天琪激光设备制造有限公司,1000,0002845331,60,6.2,在线,532.2,0,0,532.2,0
2015/6/25,武汉天琪激光设备制造有限公司,1000,0002845680,1200,6.2,在线,1272,0,336,768,168
2015/6/26,武汉天琪激光设备制造有限公司,1000,0002845331,60,6.2,在线,543.6,0,0,543.6,0
2015/6/26,武汉天琪激光设备制造有限公司,1000,0002845680,1200,6.2,在线,1236,0,300,744,180
2015/6/27,武汉天琪激光设备制造有限公司,1000,0002845331,60,6.2,在线,505.2,0,0,505.2,0
2015/6/27,武汉天琪激光设备制造有限公司,1000,0002845680,1200,6.2,在线,1044,0,264,588,216
2015/6/28,武汉天琪激光设备制造有限公司,1000,0002845331,60,6.2,在线,338.4,0,0,338.4,0
2015/6/28,武汉天琪激光设备制造有限公司,1000,0002845680,1200,6.2,在线,516,0,120,240,144
2015/6/29,武汉天琪激光设备制造有限公司,1000,0002845331,60,6.2,在线,587.4,0,0,587.4,0
2015/6/29,武汉天琪激光设备制造有限公司,1000,0002845680,1200,6.2,在线,1248,0,348,732,156
2015/6/30,武汉天琪激光设备制造有限公司,1000,0002845331,60,6.2,在线,493.2,0,0,493.2,0
2015/6/30,武汉天琪激光设备制造有限公司,1000,0002845680,1200,6.2,在线,1188,0,348,660,204
2015/7/1,武汉天琪激光设备制造有限公司,1000,0002845331,60,6.2,在线,478.8,0,0,478.8,0
2015/7/1,武汉天琪激光设备制造有限公司,1000,0002845680,1200,6.2,在线,1260,0,360,684,204
2015/7/2,武汉天琪激光设备制造有限公司,1000,0002845331,60,6.2,在线,559.8,0,0,559.8,0
2015/7/2,武汉天琪激光设备制造有限公司,1000,0002845680,1200,6.2,在线,1296,0,324,744,228
2015/7/3,武汉天琪激光设备制造有限公司,1000,0002845331,60,6.2,在线,494.4,0,0,494.4,0
2015/7/3,武汉天琪激光设备制造有限公司,1000,0002845680,1200,6.2,在线,1140,0,324,684,132
2015/7/4,武汉天琪激光设备制造有限公司,1000,0002845331,60,6.2,在线,274.2,0,0,274.2,0
2015/7/4,武汉天琪激光设备制造有限公司,1000,0002845680,1200,6.2,在线,444,0,84,192,168
2015/7/5,武汉天琪激光设备制造有限公司,1000,0002845331,60,6.2,在线,270.6,0,0,270.6,0
2015/7/5,武汉天琪激光设备制造有限公司,1000,0002845680,1200,6.2,在线,384,0,96,156,132
2015/7/6,武汉天琪激光设备制造有限公司,1000,0002845331,60,6.2,在线,243,0,0,243,0
2015/7/6,武汉天琪激光设备制造有限公司,1000,0002845680,1200,6.2,在线,696,0,204,492,0
2015/7/7,武汉天琪激光设备制造有限公司,1000,0002845331,60,6.2,在线,375.6,0,0,375.6,0
2015/7/7,武汉天琪激光设备制造有限公司,1000,0002845680,1200,6.2,在线,1044,0,300,636,108
2015/7/8,武汉天琪激光设备制造有限公司,1000,0002845331,60,6.2,在线,426,0,0,426,0
2015/7/8,武汉天琪激光设备制造有限公司,1000,0002845680,1200,6.2,在线,1152,0,288,660,204
2015/7/9,武汉天琪激光设备制造有限公司,1000,0002845331,60,6.2,在线,437.4,0,0,437.4,0
2015/7/9,武汉天琪激光设备制造有限公司,1000,0002845680,1200,6.2,在线,996,0,276,564,156
2015/7/10,武汉天琪激光设备制造有限公司,1000,0002845331,60,6.2,在线,442.8,0,0,442.8,0
2015/7/10,武汉天琪激光设备制造有限公司,1000,0002845680,1200,6.2,在线,1236,0,360,684,180
2015/7/11,武汉天琪激光设备制造有限公司,1000,0002845331,60,6.2,在线,427.2,0,0,427.2,0
2015/7/11,武汉天琪激光设备制造有限公司,1000,0002845680,1200,6.2,在线,936,0,204,564,168
2015/7/12,武汉天琪激光设备制造有限公司,1000,0002845331,60,6.2,在线,331.8,0,0,331.8,0
2015/7/12,武汉天琪激光设备制造有限公司,1000,0002845680,1200,6.2,在线,492,0,144,216,132
2015/7/13,武汉天琪激光设备制造有限公司,1000,0002845331,60,6.2,在线,597,0,0,597,0
2015/7/13,武汉天琪激光设备制造有限公司,1000,0002845680,1200,6.2,在线,1164,0,348,660,156
2015/7/14,武汉天琪激光设备制造有限公司,1000,0002845331,60,6.2,在线,679.2,0,0,679.2,0
2015/7/14,武汉天琪激光设备制造有限公司,1000,0002845680,1200,6.2,在线,1536,0,432,852,264
2015/7/15,武汉天琪激光设备制造有限公司,1000,0002845331,60,6.2,在线,574.2,0,0,574.2,0
2015/7/15,武汉天琪激光设备制造有限公司,1000,0002845680,1200,6.2,在线,1344,0,336,768,228
2015/7/16,武汉天琪激光设备制造有限公司,1000,0002845331,60,6.2,在线,450,0,0,450,0
2015/7/16,武汉天琪激光设备制造有限公司,1000,0002845680,1200,6.2,在线,1008,0,288,552,180
2015/7/17,武汉天琪激光设备制造有限公司,1000,0002845331,60,6.2,在线,388.2,0,0,388.2,0
2015/7/17,武汉天琪激光设备制造有限公司,1000,0002845680,1200,6.2,在线,984,0,252,564,168
2015/7/18,武汉天琪激光设备制造有限公司,1000,0002845331,60,6.2,在线,299.4,0,0,299.4,0
2015/7/18,武汉天琪激光设备制造有限公司,1000,0002845680,1200,6.2,在线,492,0,108,216,180
2015/7/19,武汉天琪激光设备制造有限公司,1000,0002845331,60,6.2,在线,252,0,0,252,0
2015/7/19,武汉天琪激光设备制造有限公司,1000,0002845680,1200,6.2,在线,384,0,120,144,108
2015/7/20,武汉天琪激光设备制造有限公司,1000,0002845331,60,6.2,在线,502.8,0,0,502.8,0
2015/7/20,武汉天琪激光设备制造有限公司,1000,0002845680,1200,6.2,在线,1140,0,360,624,168
2015/7/21,武汉天琪激光设备制造有限公司,1000,0002845331,60,6.2,在线,547.2,0,0,547.2,0
2015/7/21,武汉天琪激光设备制造有限公司,1000,0002845680,1200,6.2,在线,1344,0,372,768,180
2015/7/22,武汉天琪激光设备制造有限公司,1000,0002845331,60,6.2,在线,577.8,0,0,577.8,0
2015/7/22,武汉天琪激光设备制造有限公司,1000,0002845680,1200,6.2,在线,1284,0,360,756,180
2015/7/23,武汉天琪激光设备制造有限公司,1000,0002845331,60,6.2,在线,485.4,0,0,485.4,0
2015/7/23,武汉天琪激光设备制造有限公司,1000,0002845680,1200,6.2,在线,1164,0,288,660,216
2015/7/24,武汉天琪激光设备制造有限公司,1000,0002845331,60,6.2,在线,474,0,0,474,0
2015/7/24,武汉天琪激光设备制造有限公司,1000,0002845680,1200,6.2,在线,1164,0,348,684,144
2015/7/25,武汉天琪激光设备制造有限公司,1000,0002845331,60,6.2,在线,481.8,0,0,481.8,0
2015/7/25,武汉天琪激光设备制造有限公司,1000,0002845680,1200,6.2,在线,1116,0,276,636,192
2015/7/26,武汉天琪激光设备制造有限公司,1000,0002845331,60,6.2,在线,341.4,0,0,341.4,0
2015/7/26,武汉天琪激光设备制造有限公司,1000,0002845680,1200,6.2,在线,480,0,132,204,144
2015/7/27,武汉天琪激光设备制造有限公司,1000,0002845331,60,6.2,在线,644.4,0,0,644.4,0
2015/7/27,武汉天琪激光设备制造有限公司,1000,0002845680,1200,6.2,在线,1368,0,396,756,204
2015/7/28,武汉天琪激光设备制造有限公司,1000,0002845331,60,6.2,在线,643.8,0,0,643.8,0
2015/7/28,武汉天琪激光设备制造有限公司,1000,0002845680,1200,6.2,在线,1500,0,396,888,228
2015/7/29,武汉天琪激光设备制造有限公司,1000,0002845331,60,6.2,在线,625.8,0,0,625.8,0
2015/7/29,武汉天琪激光设备制造有限公司,1000,0002845680,1200,6.2,在线,1536,0,408,888,240
2015/7/30,武汉天琪激光设备制造有限公司,1000,0002845331,60,6.2,在线,647.4,0,0,647.4,0
2015/7/30,武汉天琪激光设备制造有限公司,1000,0002845680,1200,6.2,在线,1500,0,420,900,180
2015/7/31,武汉天琪激光设备制造有限公司,1000,0002845331,60,6.2,在线,766.2,0,0,766.2,0
2015/7/31,武汉天琪激光设备制造有限公司,1000,0002845680,1200,6.2,在线,1500,0,384,864,252
2015/8/1,武汉天琪激光设备制造有限公司,1000,0002845331,60,6.2,在线,566.4,0,0,566.4,0
2015/8/1,武汉天琪激光设备制造有限公司,1000,0002845680,1200,6.2,在线,864,0,240,408,228
2015/8/2,武汉天琪激光设备制造有限公司,1000,0002845331,60,6.2,在线,631.2,0,0,631.2,0
2015/8/2,武汉天琪激光设备制造有限公司,1000,0002845680,1200,6.2,在线,816,0,228,348,228
2015/8/3,武汉天琪激光设备制造有限公司,1000,0002845331,60,6.2,在线,1008.6,0,0,1008.6,0
2015/8/3,武汉天琪激光设备制造有限公司,1000,0002845680,1200,6.2,在线,1752,0,552,900,300
2015/8/4,武汉天琪激光设备制造有限公司,1000,0002845331,60,6.2,在线,1047,0,0,1047,0
2015/8/4,武汉天琪激光设备制造有限公司,1000,0002845680,1200,6.2,在线,1764,0,504,960,300
2015/8/5,武汉天琪激光设备制造有限公司,1000,0002845331,60,6.2,在线,1072.2,0,0,1072.2,0
2015/8/5,武汉天琪激光设备制造有限公司,1000,0002845680,1200,6.2,在线,1896,0,528,972,396
2015/8/6,武汉天琪激光设备制造有限公司,1000,0002845331,60,6.2,在线,980.4,0,0,980.4,0
2015/8/6,武汉天琪激光设备制造有限公司,1000,0002845680,1200,6.2,在线,1704,0,468,888,348
2015/8/7,武汉天琪激光设备制造有限公司,1000,0002845331,60,6.2,在线,933.6,0,0,933.6,0
2015/8/7,武汉天琪激光设备制造有限公司,1000,0002845680,1200,6.2,在线,1788,0,432,1032,324
2015/8/8,武汉天琪激光设备制造有限公司,1000,0002845331,60,6.2,在线,518.4,0,0,518.4,0
2015/8/8,武汉天琪激光设备制造有限公司,1000,0002845680,1200,6.2,在线,900,0,216,408,276
2015/8/9,武汉天琪激光设备制造有限公司,1000,0002845331,60,6.2,在线,421.8,0,0,421.8,0
2015/8/9,武汉天琪激光设备制造有限公司,1000,0002845680,1200,6.2,在线,600,0,144,252,216
2015/8/10,武汉天琪激光设备制造有限公司,1000,0002845331,60,6.2,在线,465,0,0,465,0
2015/8/10,武汉天琪激光设备制造有限公司,1000,0002845680,1200,6.2,在线,1104,0,336,600,156
2015/8/11,武汉天琪激光设备制造有限公司,1000,0002845331,60,6.2,在线,411,0,0,411,0
2015/8/11,武汉天琪激光设备制造有限公司,1000,0002845680,1200,6.2,在线,948,0,336,408,204
2015/8/12,武汉天琪激光设备制造有限公司,1000,0002845331,60,6.2,在线,634.2,0,0,634.2,0
2015/8/12,武汉天琪激光设备制造有限公司,1000,0002845680,1200,6.2,在线,1356,0,384,816,156
2015/8/13,武汉天琪激光设备制造有限公司,1000,0002845331,60,6.2,在线,661.2,0,0,661.2,0
2015/8/13,武汉天琪激光设备制造有限公司,1000,0002845680,1200,6.2,在线,1380,0,384,804,192
2015/8/14,武汉天琪激光设备制造有限公司,1000,0002845331,60,6.2,在线,708.6,0,0,708.6,0
2015/8/14,武汉天琪激光设备制造有限公司,1000,0002845680,1200,6.2,在线,1332,0,336,780,216
2015/8/15,武汉天琪激光设备制造有限公司,1000,0002845331,60,6.2,在线,333.6,0,0,333.6,0
2015/8/15,武汉天琪激光设备制造有限公司,1000,0002845680,1200,6.2,在线,552,0,144,240,168
2015/8/16,武汉天琪激光设备制造有限公司,1000,0002845331,60,6.2,在线,388.8,0,0,388.8,0
2015/8/16,武汉天琪激光设备制造有限公司,1000,0002845680,1200,6.2,在线,576,0,192,252,132
2015/8/17,武汉天琪激光设备制造有限公司,1000,0002845331,60,6.2,在线,801.6,0,0,801.6,0
2015/8/17,武汉天琪激光设备制造有限公司,1000,0002845680,1200,6.2,在线,1548,0,480,840,228
2015/8/18,武汉天琪激光设备制造有限公司,1000,0002845331,60,6.2,在线,768,0,0,768,0
2015/8/18,武汉天琪激光设备制造有限公司,1000,0002845680,1200,6.2,在线,1560,0,420,924,216
2015/8/19,武汉天琪激光设备制造有限公司,1000,0002845331,60,6.2,在线,549.6,0,0,549.6,0
2015/8/19,武汉天琪激光设备制造有限公司,1000,0002845680,1200,6.2,在线,1344,0,360,708,264
2015/8/20,武汉天琪激光设备制造有限公司,1000,0002845331,60,6.2,在线,453.6,0,0,453.6,0
2015/8/20,武汉天琪激光设备制造有限公司,1000,0002845680,1200,6.2,在线,1308,0,396,792,132
2015/8/21,武汉天琪激光设备制造有限公司,1000,0002845331,60,6.2,在线,499.2,0,0,499.2,0
2015/8/21,武汉天琪激光设备制造有限公司,1000,0002845680,1200,6.2,在线,1260,0,348,756,156
2015/8/22,武汉天琪激光设备制造有限公司,1000,0002845331,60,6.2,在线,338.4,0,0,338.4,0
2015/8/22,武汉天琪激光设备制造有限公司,1000,0002845680,1200,6.2,在线,696,0,168,384,144
2015/8/23,武汉天琪激光设备制造有限公司,1000,0002845331,60,6.2,在线,362.4,0,0,362.4,0
2015/8/23,武汉天琪激光设备制造有限公司,1000,0002845680,1200,6.2,在线,492,0,120,228,144
2015/8/24,武汉天琪激光设备制造有限公司,1000,0002845331,60,6.2,在线,555.6,0,0,555.6,0
2015/8/24,武汉天琪激光设备制造有限公司,1000,0002845680,1200,6.2,在线,1152,0,348,660,144
2015/8/25,武汉天琪激光设备制造有限公司,1000,0002845331,60,6.2,在线,531,0,0,531,0
2015/8/25,武汉天琪激光设备制造有限公司,1000,0002845680,1200,6.2,在线,1368,0,408,804,156
2015/8/26,武汉天琪激光设备制造有限公司,1000,0002845331,60,6.2,在线,549,0,0,549,0
2015/8/26,武汉天琪激光设备制造有限公司,1000,0002845680,1200,6.2,在线,1332,0,384,756,180
2015/8/27,武汉天琪激光设备制造有限公司,1000,0002845331,60,6.2,在线,664.8,0,0,664.8,0
2015/8/27,武汉天琪激光设备制造有限公司,1000,0002845680,1200,6.2,在线,1380,0,408,792,192
2015/8/28,武汉天琪激光设备制造有限公司,1000,0002845331,60,6.2,在线,561,0,0,561,0
2015/8/28,武汉天琪激光设备制造有限公司,1000,0002845680,1200,6.2,在线,1308,0,348,768,192
2015/8/29,武汉天琪激光设备制造有限公司,1000,0002845331,60,6.2,在线,369,0,0,369,0
2015/8/29,武汉天琪激光设备制造有限公司,1000,0002845680,1200,6.2,在线,732,0,192,372,156
2015/8/30,武汉天琪激光设备制造有限公司,1000,0002845331,60,6.2,在线,329.4,0,0,329.4,0
2015/8/30,武汉天琪激光设备制造有限公司,1000,0002845680,1200,6.2,在线,468,0,132,228,120
2015/8/31,武汉天琪激光设备制造有限公司,1000,0002845331,60,6.2,在线,636,0,0,636,0
2015/8/31,武汉天琪激光设备制造有限公司,1000,0002845680,1200,6.2,在线,1416,0,420,804,192
2015/9/1,武汉天琪激光设备制造有限公司,1000,0002845331,60,6.2,在线,615.6,0,0,615.6,0
2015/9/1,武汉天琪激光设备制造有限公司,1000,0002845680,1200,6.2,在线,1428,0,396,852,192
2015/9/2,武汉天琪激光设备制造有限公司,1000,0002845331,60,6.2,在线,514.2,0,0,514.2,0
2015/9/2,武汉天琪激光设备制造有限公司,1000,0002845680,1200,6.2,在线,1272,0,288,828,156
2015/9/3,武汉天琪激光设备制造有限公司,1000,0002845331,60,6.2,在线,216,0,0,216,0
2015/9/3,武汉天琪激光设备制造有限公司,1000,0002845680,1200,6.2,在线,516,0,120,288,96
2015/9/4,武汉天琪激光设备制造有限公司,1000,0002845331,60,6.2,在线,310.8,0,0,310.8,0
2015/9/4,武汉天琪激光设备制造有限公司,1000,0002845680,1200,6.2,在线,564,0,132,288,144
2015/9/5,武汉天琪激光设备制造有限公司,1000,0002845331,60,6.2,在线,339.6,0,0,339.6,0
2015/9/5,武汉天琪激光设备制造有限公司,1000,0002845680,1200,6.2,在线,528,0,144,276,120
2015/9/6,武汉天琪激光设备制造有限公司,1000,0002845331,60,6.2,在线,603.6,0,0,603.6,0
2015/9/6,武汉天琪激光设备制造有限公司,1000,0002845680,1200,6.2,在线,1416,0,372,852,168
2015/9/7,武汉天琪激光设备制造有限公司,1000,0002845331,60,6.2,在线,542.4,0,0,542.4,0
2015/9/7,武汉天琪激光设备制造有限公司,1000,0002845680,1200,6.2,在线,1464,0,420,840,204
2015/9/8,武汉天琪激光设备制造有限公司,1000,0002845331,60,6.2,在线,533.4,0,0,533.4,0
2015/9/8,武汉天琪激光设备制造有限公司,1000,0002845680,1200,6.2,在线,1404,0,420,804,204
2015/9/9,武汉天琪激光设备制造有限公司,1000,0002845331,60,6.2,在线,537,0,0,537,0
2015/9/9,武汉天琪激光设备制造有限公司,1000,0002845680,1200,6.2,在线,1608,0,492,876,228
2015/9/10,武汉天琪激光设备制造有限公司,1000,0002845331,60,6.2,在线,534.6,0,0,534.6,0
2015/9/10,武汉天琪激光设备制造有限公司,1000,0002845680,1200,6.2,在线,1488,0,444,828,204
2015/9/11,武汉天琪激光设备制造有限公司,1000,0002845331,60,6.2,在线,411,0,0,411,0
2015/9/11,武汉天琪激光设备制造有限公司,1000,0002845680,1200,6.2,在线,1224,0,336,696,204
2015/9/12,武汉天琪激光设备制造有限公司,1000,0002845331,60,6.2,在线,267,0,0,267,0
2015/9/12,武汉天琪激光设备制造有限公司,1000,0002845680,1200,6.2,在线,588,0,168,312,108
2015/9/13,武汉天琪激光设备制造有限公司,1000,0002845331,60,6.2,在线,243,0,0,243,0
2015/9/13,武汉天琪激光设备制造有限公司,1000,0002845680,1200,6.2,在线,444,0,120,216,108
2015/9/14,武汉天琪激光设备制造有限公司,1000,0002845331,60,6.2,在线,407.4,0,0,407.4,0
2015/9/14,武汉天琪激光设备制造有限公司,1000,0002845680,1200,6.2,在线,1068,0,324,636,108
2015/9/15,武汉天琪激光设备制造有限公司,1000,0002845331,60,6.2,在线,533.4,0,0,533.4,0
2015/9/15,武汉天琪激光设备制造有限公司,1000,0002845680,1200,6.2,在线,1356,0,396,768,204
2015/9/16,武汉天琪激光设备制造有限公司,1000,0002845331,60,6.2,在线,415.2,0,0,415.2,0
2015/9/16,武汉天琪激光设备制造有限公司,1000,0002845680,1200,6.2,在线,1392,0,372,744,252
2015/9/17,武汉天琪激光设备制造有限公司,1000,0002845331,60,6.2,在线,391.8,0,0,391.8,0
2015/9/17,武汉天琪激光设备制造有限公司,1000,0002845680,1200,6.2,在线,1284,0,348,744,204
2015/9/18,武汉天琪激光设备制造有限公司,1000,0002845331,60,6.2,在线,411,0,0,411,0
2015/9/18,武汉天琪激光设备制造有限公司,1000,0002845680,1200,6.2,在线,1344,0,408,696,240
2015/9/19,武汉天琪激光设备制造有限公司,1000,0002845331,60,6.2,在线,379.2,0,0,379.2,0
2015/9/19,武汉天琪激光设备制造有限公司,1000,0002845680,1200,6.2,在线,948,0,264,528,168
2015/9/20,武汉天琪激光设备制造有限公司,1000,0002845331,60,6.2,在线,276.6,0,0,276.6,0
2015/9/20,武汉天琪激光设备制造有限公司,1000,0002845680,1200,6.2,在线,516,0,144,240,120
2015/9/21,武汉天琪激光设备制造有限公司,1000,0002845331,60,6.2,在线,394.8,0,0,394.8,0
2015/9/21,武汉天琪激光设备制造有限公司,1000,0002845680,1200,6.2,在线,1068,0,360,564,156
2015/9/22,武汉天琪激光设备制造有限公司,1000,0002845331,60,6.2,在线,427.2,0,0,427.2,0
2015/9/22,武汉天琪激光设备制造有限公司,1000,0002845680,1200,6.2,在线,1128,0,348,612,156
2015/9/23,武汉天琪激光设备制造有限公司,1000,0002845331,60,6.2,在线,395.4,0,0,395.4,0
2015/9/23,武汉天琪激光设备制造有限公司,1000,0002845680,1200,6.2,在线,1176,0,360,636,180
2015/9/24,武汉天琪激光设备制造有限公司,1000,0002845331,60,6.2,在线,417,0,0,417,0
2015/9/24,武汉天琪激光设备制造有限公司,1000,0002845680,1200,6.2,在线,1140,0,360,624,156
2015/9/25,武汉天琪激光设备制造有限公司,1000,0002845331,60,6.2,在线,367.2,0,0,367.2,0
2015/9/25,武汉天琪激光设备制造有限公司,1000,0002845680,1200,6.2,在线,840,0,276,432,132
2015/9/26,武汉天琪激光设备制造有限公司,1000,0002845331,60,6.2,在线,238.8,0,0,238.8,0
2015/9/26,武汉天琪激光设备制造有限公司,1000,0002845680,1200,6.2,在线,408,0,108,180,108
2015/9/27,武汉天琪激光设备制造有限公司,1000,0002845331,60,6.2,在线,202.8,0,0,202.8,0
2015/9/27,武汉天琪激光设备制造有限公司,1000,0002845680,1200,6.2,在线,312,0,84,132,108
2015/9/28,武汉天琪激光设备制造有限公司,1000,0002845331,60,6.2,在线,432,0,0,432,0
2015/9/28,武汉天琪激光设备制造有限公司,1000,0002845680,1200,6.2,在线,1116,0,360,624,132
2015/9/29,武汉天琪激光设备制造有限公司,1000,0002845331,60,6.2,在线,441.6,0,0,441.6,0
2015/9/29,武汉天琪激光设备制造有限公司,1000,0002845680,1200,6.2,在线,1140,0,312,612,216
2015/9/30,武汉天琪激光设备制造有限公司,1000,0002845331,60,6.2,在线,358.2,0,0,358.2,0
2015/9/30,武汉天琪激光设备制造有限公司,1000,0002845680,1200,6.2,在线,576,0,156,276,156
2015/10/1,武汉天琪激光设备制造有限公司,1000,0002845331,60,6.2,在线,231.6,0,0,231.6,0
2015/10/1,武汉天琪激光设备制造有限公司,1000,0002845680,1200,6.2,在线,336,0,84,144,108
2015/10/2,武汉天琪激光设备制造有限公司,1000,0002845331,60,6.2,在线,201.6,0,0,201.6,0
2015/10/2,武汉天琪激光设备制造有限公司,1000,0002845680,1200,6.2,在线,288,0,60,132,96
2015/10/3,武汉天琪激光设备制造有限公司,1000,0002845331,60,6.2,在线,183,0,0,183,0
2015/10/3,武汉天琪激光设备制造有限公司,1000,0002845680,1200,6.2,在线,276,0,60,108,84
2015/10/4,武汉天琪激光设备制造有限公司,1000,0002845331,60,6.2,在线,203.4,0,0,203.4,0
2015/10/4,武汉天琪激光设备制造有限公司,1000,0002845680,1200,6.2,在线,288,0,108,96,96
2015/10/5,武汉天琪激光设备制造有限公司,1000,0002845331,60,6.2,在线,204,0,0,204,0
2015/10/5,武汉天琪激光设备制造有限公司,1000,0002845680,1200,6.2,在线,288,0,72,120,96
2015/10/6,武汉天琪激光设备制造有限公司,1000,0002845331,60,6.2,在线,214.2,0,0,214.2,0
2015/10/6,武汉天琪激光设备制造有限公司,1000,0002845680,1200,6.2,在线,300,0,72,132,96
2015/10/7,武汉天琪激光设备制造有限公司,1000,0002845331,60,6.2,在线,249.6,0,0,249.6,0
2015/10/7,武汉天琪激光设备制造有限公司,1000,0002845680,1200,6.2,在线,360,0,84,180,96
2015/10/8,武汉天琪激光设备制造有限公司,1000,0002845331,60,6.2,在线,434.4,0,0,434.4,0
2015/10/8,武汉天琪激光设备制造有限公司,1000,0002845680,1200,6.2,在线,888,0,264,480,132
2015/10/9,武汉天琪激光设备制造有限公司,1000,0002845331,60,6.2,在线,432.6,0,0,432.6,0
2015/10/9,武汉天琪激光设备制造有限公司,1000,0002845680,1200,6.2,在线,1032,0,324,576,144
2015/10/10,武汉天琪激光设备制造有限公司,1000,0002845331,60,6.2,在线,430.8,0,0,430.8,0
2015/10/10,武汉天琪激光设备制造有限公司,1000,0002845680,1200,6.2,在线,1044,0,276,600,156
2015/10/11,武汉天琪激光设备制造有限公司,1000,0002845331,60,6.2,在线,320.4,0,0,320.4,0
2015/10/11,武汉天琪激光设备制造有限公司,1000,0002845680,1200,6.2,在线,600,0,132,324,156
2015/10/12,武汉天琪激光设备制造有限公司,1000,0002845331,60,6.2,在线,408.6,0,0,408.6,0
2015/10/12,武汉天琪激光设备制造有限公司,1000,0002845680,1200,6.2,在线,1092,0,312,636,144
2015/10/13,武汉天琪激光设备制造有限公司,1000,0002845331,60,6.2,在线,443.4,0,0,443.4,0
2015/10/13,武汉天琪激光设备制造有限公司,1000,0002845680,1200,6.2,在线,1176,0,336,684,156
2015/10/14,武汉天琪激光设备制造有限公司,1000,0002845331,60,6.2,在线,406.2,0,0,406.2,0
2015/10/14,武汉天琪激光设备制造有限公司,1000,0002845680,1200,6.2,在线,1176,0,396,660,132
2015/10/15,武汉天琪激光设备制造有限公司,1000,0002845331,60,6.2,在线,414,0,0,414,0
2015/10/15,武汉天琪激光设备制造有限公司,1000,0002845680,1200,6.2,在线,1248,0,384,720,132
2015/10/16,武汉天琪激光设备制造有限公司,1000,0002845331,60,6.2,在线,406.2,0,0,406.2,0
2015/10/16,武汉天琪激光设备制造有限公司,1000,0002845680,1200,6.2,在线,1104,0,312,612,168
2015/10/17,武汉天琪激光设备制造有限公司,1000,0002845331,60,6.2,在线,310.8,0,0,310.8,0
2015/10/17,武汉天琪激光设备制造有限公司,1000,0002845680,1200,6.2,在线,552,0,156,276,132
2015/10/18,武汉天琪激光设备制造有限公司,1000,0002845331,60,6.2,在线,273.6,0,0,273.6,0
2015/10/18,武汉天琪激光设备制造有限公司,1000,0002845680,1200,6.2,在线,456,0,108,228,120
2015/10/19,武汉天琪激光设备制造有限公司,1000,0002845331,60,6.2,在线,397.8,0,0,397.8,0
2015/10/19,武汉天琪激光设备制造有限公司,1000,0002845680,1200,6.2,在线,1008,0,336,552,120
2015/10/20,武汉天琪激光设备制造有限公司,1000,0002845331,60,6.2,在线,428.4,0,0,428.4,0
2015/10/20,武汉天琪激光设备制造有限公司,1000,0002845680,1200,6.2,在线,1020,0,288,576,168
2015/10/21,武汉天琪激光设备制造有限公司,1000,0002845331,60,6.2,在线,420,0,0,420,0
2015/10/21,武汉天琪激光设备制造有限公司,1000,0002845680,1200,6.2,在线,1020,0,300,564,144
2015/10/22,武汉天琪激光设备制造有限公司,1000,0002845331,60,6.2,在线,477,0,0,477,0
2015/10/22,武汉天琪激光设备制造有限公司,1000,0002845680,1200,6.2,在线,1164,0,288,720,156
2015/10/23,武汉天琪激光设备制造有限公司,1000,0002845331,60,6.2,在线,420.6,0,0,420.6,0
2015/10/23,武汉天琪激光设备制造有限公司,1000,0002845680,1200,6.2,在线,1020,0,312,576,132
2015/10/24,武汉天琪激光设备制造有限公司,1000,0002845331,60,6.2,在线,418.2,0,0,418.2,0
2015/10/24,武汉天琪激光设备制造有限公司,1000,0002845680,1200,6.2,在线,972,0,264,564,144
2015/10/25,武汉天琪激光设备制造有限公司,1000,0002845331,60,6.2,在线,280.2,0,0,280.2,0
2015/10/25,武汉天琪激光设备制造有限公司,1000,0002845680,1200,6.2,在线,456,0,144,204,108
2015/10/26,武汉天琪激光设备制造有限公司,1000,0002845331,60,6.2,在线,459.6,0,0,459.6,0
2015/10/26,武汉天琪激光设备制造有限公司,1000,0002845680,1200,6.2,在线,1212,0,324,756,132
2015/10/27,武汉天琪激光设备制造有限公司,1000,0002845331,60,6.2,在线,443.4,0,0,443.4,0
2015/10/27,武汉天琪激光设备制造有限公司,1000,0002845680,1200,6.2,在线,1212,0,300,732,180
2015/10/28,武汉天琪激光设备制造有限公司,1000,0002845331,60,6.2,在线,462.6,0,0,462.6,0
2015/10/28,武汉天琪激光设备制造有限公司,1000,0002845680,1200,6.2,在线,1080,0,276,672,132
2015/10/29,武汉天琪激光设备制造有限公司,1000,0002845331,60,6.2,在线,497.4,0,0,497.4,0
2015/10/29,武汉天琪激光设备制造有限公司,1000,0002845680,1200,6.2,在线,1080,0,300,660,120
2015/10/30,武汉天琪激光设备制造有限公司,1000,0002845331,60,6.2,在线,478.8,0,0,478.8,0
2015/10/30,武汉天琪激光设备制造有限公司,1000,0002845680,1200,6.2,在线,1140,0,300,672,168
2015/10/31,武汉天琪激光设备制造有限公司,1000,0002845331,60,6.2,在线,332.4,0,0,332.4,0
2015/10/31,武汉天琪激光设备制造有限公司,1000,0002845680,1200,6.2,在线,588,0,156,288,144
2015/11/1,武汉天琪激光设备制造有限公司,1000,0002845331,60,6.2,在线,334.2,0,0,334.2,0
2015/11/1,武汉天琪激光设备制造有限公司,1000,0002845680,1200,6.2,在线,540,0,144,240,168
2015/11/2,武汉天琪激光设备制造有限公司,1000,0002845331,60,6.2,在线,495,0,0,495,0
2015/11/2,武汉天琪激光设备制造有限公司,1000,0002845680,1200,6.2,在线,1056,0,312,576,156
2015/11/3,武汉天琪激光设备制造有限公司,1000,0002845331,60,6.2,在线,471,0,0,471,0
2015/11/3,武汉天琪激光设备制造有限公司,1000,0002845680,1200,6.2,在线,1008,0,288,588,120
2015/11/4,武汉天琪激光设备制造有限公司,1000,0002845331,60,6.2,在线,492.6,0,0,492.6,0
2015/11/4,武汉天琪激光设备制造有限公司,1000,0002845680,1200,6.2,在线,1008,0,276,588,168
2015/11/5,武汉天琪激光设备制造有限公司,1000,0002845331,60,6.2,在线,441.6,0,0,441.6,0
2015/11/5,武汉天琪激光设备制造有限公司,1000,0002845680,1200,6.2,在线,996,0,288,576,120
2015/11/6,武汉天琪激光设备制造有限公司,1000,0002845331,60,6.2,在线,444.6,0,0,444.6,0
2015/11/6,武汉天琪激光设备制造有限公司,1000,0002845680,1200,6.2,在线,1056,0,312,624,120
2015/11/7,武汉天琪激光设备制造有限公司,1000,0002845331,60,6.2,在线,520.2,0,0,520.2,0
2015/11/7,武汉天琪激光设备制造有限公司,1000,0002845680,1200,6.2,在线,1116,0,336,624,168
2015/11/8,武汉天琪激光设备制造有限公司,1000,0002845331,60,6.2,在线,385.2,0,0,385.2,0
2015/11/8,武汉天琪激光设备制造有限公司,1000,0002845680,1200,6.2,在线,732,0,192,384,144
2015/11/9,武汉天琪激光设备制造有限公司,1000,0002845331,60,6.2,在线,527.4,0,0,527.4,0
2015/11/9,武汉天琪激光设备制造有限公司,1000,0002845680,1200,6.2,在线,1260,0,408,660,180
2015/11/10,武汉天琪激光设备制造有限公司,1000,0002845331,60,6.2,在线,552,0,0,552,0
2015/11/10,武汉天琪激光设备制造有限公司,1000,0002845680,1200,6.2,在线,1284,0,396,720,180
2015/11/11,武汉天琪激光设备制造有限公司,1000,0002845331,60,6.2,在线,567.6,0,0,567.6,0
2015/11/11,武汉天琪激光设备制造有限公司,1000,0002845680,1200,6.2,在线,1116,0,324,576,204
2015/11/12,武汉天琪激光设备制造有限公司,1000,0002845331,60,6.2,在线,563.4,0,0,563.4,0
2015/11/12,武汉天琪激光设备制造有限公司,1000,0002845680,1200,6.2,在线,1080,0,288,612,180
2015/11/13,武汉天琪激光设备制造有限公司,1000,0002845331,60,6.2,在线,521.4,0,0,521.4,0
2015/11/13,武汉天琪激光设备制造有限公司,1000,0002845680,1200,6.2,在线,1020,0,276,576,192
2015/11/14,武汉天琪激光设备制造有限公司,1000,0002845331,60,6.2,在线,347.4,0,0,347.4,0
2015/11/14,武汉天琪激光设备制造有限公司,1000,0002845680,1200,6.2,在线,660,0,204,312,132
2015/11/15,武汉天琪激光设备制造有限公司,1000,0002845331,60,6.2,在线,390.6,0,0,390.6,0
2015/11/15,武汉天琪激光设备制造有限公司,1000,0002845680,1200,6.2,在线,540,0,168,228,144
2015/11/16,武汉天琪激光设备制造有限公司,1000,0002845331,60,6.2,在线,503.4,0,0,503.4,0
2015/11/16,武汉天琪激光设备制造有限公司,1000,0002845680,1200,6.2,在线,1008,0,324,540,156
2015/11/17,武汉天琪激光设备制造有限公司,1000,0002845331,60,6.2,在线,556.2,0,0,556.2,0
2015/11/17,武汉天琪激光设备制造有限公司,1000,0002845680,1200,6.2,在线,1116,0,336,600,168
2015/11/18,武汉天琪激光设备制造有限公司,1000,0002845331,60,6.2,在线,553.2,0,0,553.2,0
2015/11/18,武汉天琪激光设备制造有限公司,1000,0002845680,1200,6.2,在线,1092,0,288,600,204
2015/11/19,武汉天琪激光设备制造有限公司,1000,0002845331,60,6.2,在线,541.8,0,0,541.8,0
2015/11/19,武汉天琪激光设备制造有限公司,1000,0002845680,1200,6.2,在线,1224,0,336,744,156
2015/11/20,武汉天琪激光设备制造有限公司,1000,0002845331,60,6.2,在线,511.2,0,0,511.2,0
2015/11/20,武汉天琪激光设备制造有限公司,1000,0002845680,1200,6.2,在线,1176,0,360,648,156
2015/11/21,武汉天琪激光设备制造有限公司,1000,0002845331,60,6.2,在线,512.4,0,0,512.4,0
2015/11/21,武汉天琪激光设备制造有限公司,1000,0002845680,1200,6.2,在线,936,0,252,516,168
2015/11/22,武汉天琪激光设备制造有限公司,1000,0002845331,60,6.2,在线,372.6,0,0,372.6,0
2015/11/22,武汉天琪激光设备制造有限公司,1000,0002845680,1200,6.2,在线,588,0,216,240,132
2015/11/23,武汉天琪激光设备制造有限公司,1000,0002845331,60,6.2,在线,688.2,0,0,688.2,0
2015/11/23,武汉天琪激光设备制造有限公司,1000,0002845680,1200,6.2,在线,1200,0,336,672,180
2015/11/24,武汉天琪激光设备制造有限公司,1000,0002845331,60,6.2,在线,888,0,0,888,0
2015/11/24,武汉天琪激光设备制造有限公司,1000,0002845680,1200,6.2,在线,1488,0,468,840,192
2015/11/25,武汉天琪激光设备制造有限公司,1000,0002845331,60,6.2,在线,843.6,0,0,843.6,0
2015/11/25,武汉天琪激光设备制造有限公司,1000,0002845680,1200,6.2,在线,1464,0,396,768,288
2015/11/26,武汉天琪激光设备制造有限公司,1000,0002845331,60,6.2,在线,786,0,0,786,0
2015/11/26,武汉天琪激光设备制造有限公司,1000,0002845680,1200,6.2,在线,1464,0,444,804,228
2015/11/27,武汉天琪激光设备制造有限公司,1000,0002845331,60,6.2,在线,845.4,0,0,845.4,0
2015/11/27,武汉天琪激光设备制造有限公司,1000,0002845680,1200,6.2,在线,1548,0,444,828,264
2015/11/28,武汉天琪激光设备制造有限公司,1000,0002845331,60,6.2,在线,475.2,0,0,475.2,0
2015/11/28,武汉天琪激光设备制造有限公司,1000,0002845680,1200,6.2,在线,828,0,252,408,180
2015/11/29,武汉天琪激光设备制造有限公司,1000,0002845331,60,6.2,在线,474.6,0,0,474.6,0
2015/11/29,武汉天琪激光设备制造有限公司,1000,0002845680,1200,6.2,在线,756,0,240,324,192
2015/11/30,武汉天琪激光设备制造有限公司,1000,0002845331,60,6.2,在线,789,0,0,789,0
2015/11/30,武汉天琪激光设备制造有限公司,1000,0002845680,1200,6.2,在线,1452,0,444,828,180
2015/12/1,武汉天琪激光设备制造有限公司,1000,0002845331,60,6.2,在线,808.2,0,0,808.2,0
2015/12/1,武汉天琪激光设备制造有限公司,1000,0002845680,1200,6.2,在线,1596,0,480,864,252
2015/12/2,武汉天琪激光设备制造有限公司,1000,0002845331,60,6.2,在线,811.2,0,0,811.2,0
2015/12/2,武汉天琪激光设备制造有限公司,1000,0002845680,1200,6.2,在线,1584,0,504,840,240
2015/12/3,武汉天琪激光设备制造有限公司,1000,0002845331,60,6.2,在线,749.4,0,0,749.4,0
2015/12/3,武汉天琪激光设备制造有限公司,1000,0002845680,1200,6.2,在线,1560,0,468,816,276
2015/12/4,武汉天琪激光设备制造有限公司,1000,0002845331,60,6.2,在线,798.6,0,0,798.6,0
2015/12/4,武汉天琪激光设备制造有限公司,1000,0002845680,1200,6.2,在线,1416,0,396,768,252
2015/12/5,武汉天琪激光设备制造有限公司,1000,0002845331,60,6.2,在线,754.2,0,0,754.2,0
2015/12/5,武汉天琪激光设备制造有限公司,1000,0002845680,1200,6.2,在线,1176,0,336,672,180
2015/12/6,武汉天琪激光设备制造有限公司,1000,0002845331,60,6.2,在线,540.6,0,0,540.6,0
2015/12/6,武汉天琪激光设备制造有限公司,1000,0002845680,1200,6.2,在线,720,0,204,312,192
2015/12/7,武汉天琪激光设备制造有限公司,1000,0002845331,60,6.2,在线,801.6,0,0,801.6,0
2015/12/7,武汉天琪激光设备制造有限公司,1000,0002845680,1200,6.2,在线,1464,0,468,804,180
2015/12/8,武汉天琪激光设备制造有限公司,1000,0002845331,60,6.2,在线,896.4,0,0,896.4,0
2015/12/8,武汉天琪激光设备制造有限公司,1000,0002845680,1200,6.2,在线,1548,0,456,876,240
2015/12/9,武汉天琪激光设备制造有限公司,1000,0002845331,60,6.2,在线,856.2,0,0,856.2,0
2015/12/9,武汉天琪激光设备制造有限公司,1000,0002845680,1200,6.2,在线,1548,0,432,864,240
2015/12/10,武汉天琪激光设备制造有限公司,1000,0002845331,60,6.2,在线,865.2,0,0,865.2,0
2015/12/10,武汉天琪激光设备制造有限公司,1000,0002845680,1200,6.2,在线,1608,0,468,876,264
2015/12/11,武汉天琪激光设备制造有限公司,1000,0002845331,60,6.2,在线,744.6,0,0,744.6,0
2015/12/11,武汉天琪激光设备制造有限公司,1000,0002845680,1200,6.2,在线,1476,0,444,744,288
2015/12/12,武汉天琪激光设备制造有限公司,1000,0002845331,60,6.2,在线,496.8,0,0,496.8,0
2015/12/12,武汉天琪激光设备制造有限公司,1000,0002845680,1200,6.2,在线,756,0,264,300,204
2015/12/13,武汉天琪激光设备制造有限公司,1000,0002845331,60,6.2,在线,525.6,0,0,525.6,0
2015/12/13,武汉天琪激光设备制造有限公司,1000,0002845680,1200,6.2,在线,708,0,228,264,204
2015/12/14,武汉天琪激光设备制造有限公司,1000,0002845331,60,6.2,在线,954.6,0,0,954.6,0
2015/12/14,武汉天琪激光设备制造有限公司,1000,0002845680,1200,6.2,在线,1644,0,516,912,204
2015/12/15,武汉天琪激光设备制造有限公司,1000,0002845331,60,6.2,在线,911.4,0,0,911.4,0
2015/12/15,武汉天琪激光设备制造有限公司,1000,0002845680,1200,6.2,在线,1704,0,504,936,276
2015/12/16,武汉天琪激光设备制造有限公司,1000,0002845331,60,6.2,在线,950.4,0,0,950.4,0
2015/12/16,武汉天琪激光设备制造有限公司,1000,0002845680,1200,6.2,在线,1896,0,612,972,300
2015/12/17,武汉天琪激光设备制造有限公司,1000,0002845331,60,6.2,在线,993,0,0,993,0
2015/12/17,武汉天琪激光设备制造有限公司,1000,0002845680,1200,6.2,在线,2028,0,660,1020,360
2015/12/18,武汉天琪激光设备制造有限公司,1000,0002845331,60,6.2,在线,1110,0,0,1110,0
2015/12/18,武汉天琪激光设备制造有限公司,1000,0002845680,1200,6.2,在线,2148,0,708,1044,396
2015/12/19,武汉天琪激光设备制造有限公司,1000,0002845331,60,6.2,在线,993.6,0,0,993.6,0
2015/12/19,武汉天琪激光设备制造有限公司,1000,0002845680,1200,6.2,在线,1740,0,492,948,288
2015/12/20,武汉天琪激光设备制造有限公司,1000,0002845331,60,6.2,在线,723,0,0,723,0
2015/12/20,武汉天琪激光设备制造有限公司,1000,0002845680,1200,6.2,在线,1020,0,312,444,276
2015/12/21,武汉天琪激光设备制造有限公司,1000,0002845331,60,6.2,在线,1038,0,0,1038,0
2015/12/21,武汉天琪激光设备制造有限公司,1000,0002845680,1200,6.2,在线,1740,0,564,936,240
2015/12/22,武汉天琪激光设备制造有限公司,1000,0002845331,60,6.2,在线,1074.6,0,0,1074.6,0
2015/12/22,武汉天琪激光设备制造有限公司,1000,0002845680,1200,6.2,在线,1824,0,576,948,300
2015/12/23,武汉天琪激光设备制造有限公司,1000,0002845331,60,6.2,在线,1036.8,0,0,1036.8,0
2015/12/23,武汉天琪激光设备制造有限公司,1000,0002845680,1200,6.2,在线,1800,0,564,924,312
2015/12/24,武汉天琪激光设备制造有限公司,1000,0002845331,60,6.2,在线,1073.4,0,0,1073.4,0
2015/12/24,武汉天琪激光设备制造有限公司,1000,0002845680,1200,6.2,在线,1944,0,648,984,312
2015/12/25,武汉天琪激光设备制造有限公司,1000,0002845331,60,6.2,在线,887.4,0,0,887.4,0
2015/12/25,武汉天琪激光设备制造有限公司,1000,0002845680,1200,6.2,在线,1656,0,480,888,288
2015/12/26,武汉天琪激光设备制造有限公司,1000,0002845331,60,6.2,在线,817.2,0,0,817.2,0
2015/12/26,武汉天琪激光设备制造有限公司,1000,0002845680,1200,6.2,在线,1500,0,456,720,324
2015/12/27,武汉天琪激光设备制造有限公司,1000,0002845331,60,6.2,在线,655.8,0,0,655.8,0
2015/12/27,武汉天琪激光设备制造有限公司,1000,0002845680,1200,6.2,在线,1068,0,348,420,300
2015/12/28,武汉天琪激光设备制造有限公司,1000,0002845331,60,6.2,在线,1045.2,0,0,1045.2,0
2015/12/28,武汉天琪激光设备制造有限公司,1000,0002845680,1200,6.2,在线,2004,0,696,1032,288
2015/12/29,武汉天琪激光设备制造有限公司,1000,0002845331,60,6.2,在线,930.6,0,0,930.6,0
2015/12/29,武汉天琪激光设备制造有限公司,1000,0002845680,1200,6.2,在线,1932,0,576,972,372
2015/12/30,武汉天琪激光设备制造有限公司,1000,0002845331,60,6.2,在线,932.4,0,0,932.4,0
2015/12/30,武汉天琪激光设备制造有限公司,1000,0002845680,1200,6.2,在线,2220,0,684,1236,300
2015/12/31,武汉天琪激光设备制造有限公司,1000,0002845331,60,6.2,在线,815.4,0,0,815.4,0
2015/12/31,武汉天琪激光设备制造有限公司,1000,0002845680,1200,6.2,在线,1860,0,480,1020,372
2016/1/1,武汉天琪激光设备制造有限公司,1000,0002845331,60,6.2,在线,391.8,0,0,391.8,0
2016/1/1,武汉天琪激光设备制造有限公司,1000,0002845680,1200,6.2,在线,996,0,300,384,300
2016/1/2,武汉天琪激光设备制造有限公司,1000,0002845331,60,6.2,在线,379.2,0,0,379.2,0
2016/1/2,武汉天琪激光设备制造有限公司,1000,0002845680,1200,6.2,在线,780,0,216,288,276
2016/1/3,武汉天琪激光设备制造有限公司,1000,0002845331,60,6.2,在线,528,0,0,528,0
2016/1/3,武汉天琪激光设备制造有限公司,1000,0002845680,1200,6.2,在线,972,0,288,396,288
2016/1/4,武汉天琪激光设备制造有限公司,1000,0002845331,60,6.2,在线,847.2,0,0,847.2,0
2016/1/4,武汉天琪激光设备制造有限公司,1000,0002845680,1200,6.2,在线,1764,0,540,936,288
2016/1/5,武汉天琪激光设备制造有限公司,1000,0002845331,60,6.2,在线,1037.4,0,0,1037.4,0
2016/1/5,武汉天琪激光设备制造有限公司,1000,0002845680,1200,6.2,在线,2160,0,660,1176,324
2016/1/6,武汉天琪激光设备制造有限公司,1000,0002845331,60,6.2,在线,1050,0,0,1050,0
2016/1/6,武汉天琪激光设备制造有限公司,1000,0002845680,1200,6.2,在线,2160,0,696,1104,360
2016/1/7,武汉天琪激光设备制造有限公司,1000,0002845331,60,6.2,在线,1165.2,0,0,1165.2,0
2016/1/7,武汉天琪激光设备制造有限公司,1000,0002845680,1200,6.2,在线,2364,0,744,1200,408
2016/1/8,武汉天琪激光设备制造有限公司,1000,0002845331,60,6.2,在线,1131.6,0,0,1131.6,0
2016/1/8,武汉天琪激光设备制造有限公司,1000,0002845680,1200,6.2,在线,2412,0,732,1284,420
2016/1/9,武汉天琪激光设备制造有限公司,1000,0002845331,60,6.2,在线,997.8,0,0,997.8,0
2016/1/9,武汉天琪激光设备制造有限公司,1000,0002845680,1200,6.2,在线,2076,0,564,1176,312
2016/1/10,武汉天琪激光设备制造有限公司,1000,0002845331,60,6.2,在线,609.6,0,0,609.6,0
2016/1/10,武汉天琪激光设备制造有限公司,1000,0002845680,1200,6.2,在线,1140,0,348,516,288
2016/1/11,武汉天琪激光设备制造有限公司,1000,0002845331,60,6.2,在线,1335.6,0,0,1335.6,0
2016/1/11,武汉天琪激光设备制造有限公司,1000,0002845680,1200,6.2,在线,2460,0,780,1356,324
2016/1/12,武汉天琪激光设备制造有限公司,1000,0002845331,60,6.2,在线,1450.8,0,0,1450.8,0
2016/1/12,武汉天琪激光设备制造有限公司,1000,0002845680,1200,6.2,在线,2616,0,744,1380,504
2016/1/13,武汉天琪激光设备制造有限公司,1000,0002845331,60,6.2,在线,1300.2,0,0,1300.2,0
2016/1/13,武汉天琪激光设备制造有限公司,1000,0002845680,1200,6.2,在线,2532,0,732,1356,432
2016/1/14,武汉天琪激光设备制造有限公司,1000,0002845331,60,6.2,在线,999,0,0,999,0
2016/1/14,武汉天琪激光设备制造有限公司,1000,0002845680,1200,6.2,在线,2268,0,672,1164,420
2016/1/15,武汉天琪激光设备制造有限公司,1000,0002845331,60,6.2,在线,1138.2,0,0,1138.2,0
2016/1/15,武汉天琪激光设备制造有限公司,1000,0002845680,1200,6.2,在线,2388,0,768,1188,444
2016/1/16,武汉天琪激光设备制造有限公司,1000,0002845331,60,6.2,在线,1101,0,0,1101,0
2016/1/16,武汉天琪激光设备制造有限公司,1000,0002845680,1200,6.2,在线,2436,0,624,1368,444
2016/1/17,武汉天琪激光设备制造有限公司,1000,0002845331,60,6.2,在线,651.6,0,0,651.6,0
2016/1/17,武汉天琪激光设备制造有限公司,1000,0002845680,1200,6.2,在线,1368,0,408,612,360
2016/1/18,武汉天琪激光设备制造有限公司,1000,0002845331,60,6.2,在线,1141.2,0,0,1141.2,0
2016/1/18,武汉天琪激光设备制造有限公司,1000,0002845680,1200,6.2,在线,2448,0,756,1320,360
2016/1/19,武汉天琪激光设备制造有限公司,1000,0002845331,60,6.2,在线,1322.4,0,0,1322.4,0
2016/1/19,武汉天琪激光设备制造有限公司,1000,0002845680,1200,6.2,在线,2556,0,804,1320,432
2016/1/20,武汉天琪激光设备制造有限公司,1000,0002845331,60,6.2,在线,1324.8,0,0,1324.8,0
2016/1/20,武汉天琪激光设备制造有限公司,1000,0002845680,1200,6.2,在线,2772,0,888,1452,432
2016/1/21,武汉天琪激光设备制造有限公司,1000,0002845331,60,6.2,在线,1505.4,0,0,1505.4,0
2016/1/21,武汉天琪激光设备制造有限公司,1000,0002845680,1200,6.2,在线,2892,0,804,1560,528
2016/1/22,武汉天琪激光设备制造有限公司,1000,0002845331,60,6.2,在线,1573.8,0,0,1573.8,0
2016/1/22,武汉天琪激光设备制造有限公司,1000,0002845680,1200,6.2,在线,2964,0,816,1548,588
2016/1/23,武汉天琪激光设备制造有限公司,1000,0002845331,60,6.2,在线,1062.6,0,0,1062.6,0
2016/1/23,武汉天琪激光设备制造有限公司,1000,0002845680,1200,6.2,在线,1836,0,504,804,528
2016/1/24,武汉天琪激光设备制造有限公司,1000,0002845331,60,6.2,在线,1083,0,0,1083,0
2016/1/24,武汉天琪激光设备制造有限公司,1000,0002845680,1200,6.2,在线,1644,0,504,732,420
2016/1/25,武汉天琪激光设备制造有限公司,1000,0002845331,60,6.2,在线,1515,0,0,1515,0
2016/1/25,武汉天琪激光设备制造有限公司,1000,0002845680,1200,6.2,在线,2712,0,852,1404,456
2016/1/26,武汉天琪激光设备制造有限公司,1000,0002845331,60,6.2,在线,1641.6,0,0,1641.6,0
2016/1/26,武汉天琪激光设备制造有限公司,1000,0002845680,1200,6.2,在线,2928,0,912,1428,588
2016/1/27,武汉天琪激光设备制造有限公司,1000,0002845331,60,6.2,在线,1498.2,0,0,1498.2,0
2016/1/27,武汉天琪激光设备制造有限公司,1000,0002845680,1200,6.2,在线,2664,0,732,1356,564
2016/1/28,武汉天琪激光设备制造有限公司,1000,0002845331,60,6.2,在线,1407.6,0,0,1407.6,0
2016/1/28,武汉天琪激光设备制造有限公司,1000,0002845680,1200,6.2,在线,2508,0,780,1320,420
2016/1/29,武汉天琪激光设备制造有限公司,1000,0002845331,60,6.2,在线,1507.2,0,0,1507.2,0
2016/1/29,武汉天琪激光设备制造有限公司,1000,0002845680,1200,6.2,在线,2556,0,768,1356,432
2016/1/30,武汉天琪激光设备制造有限公司,1000,0002845331,60,6.2,在线,1431.6,0,0,1431.6,0
2016/1/30,武汉天琪激光设备制造有限公司,1000,0002845680,1200,6.2,在线,2556,0,804,1248,504
2016/1/31,武汉天琪激光设备制造有限公司,1000,0002845331,60,6.2,在线,1651.8,0,0,1651.8,0
2016/1/31,武汉天琪激光设备制造有限公司,1000,0002845680,1200,6.2,在线,2892,0,888,1500,504
2016/2/1,武汉天琪激光设备制造有限公司,1000,0002845331,60,6.2,在线,1775.4,0,0,1775.4,0
2016/2/1,武汉天琪激光设备制造有限公司,1000,0002845680,1200,6.2,在线,2748,0,744,1404,600
2016/2/2,武汉天琪激光设备制造有限公司,1000,0002845331,60,6.2,在线,1374.6,0,0,1374.6,0
2016/2/2,武汉天琪激光设备制造有限公司,1000,0002845680,1200,6.2,在线,1872,0,480,720,672
2016/2/3,武汉天琪激光设备制造有限公司,1000,0002845331,60,6.2,在线,1015.8,0,0,1015.8,0
2016/2/3,武汉天琪激光设备制造有限公司,1000,0002845680,1200,6.2,在线,1260,0,228,456,576
2016/2/4,武汉天琪激光设备制造有限公司,1000,0002845331,60,6.2,在线,344.4,0,0,344.4,0
2016/2/4,武汉天琪激光设备制造有限公司,1000,0002845680,1200,6.2,在线,492,0,120,168,192
2016/2/5,武汉天琪激光设备制造有限公司,1000,0002845331,60,6.2,在线,158.4,0,0,158.4,0
2016/2/5,武汉天琪激光设备制造有限公司,1000,0002845680,1200,6.2,在线,288,0,60,96,144
2016/2/6,武汉天琪激光设备制造有限公司,1000,0002845331,60,6.2,在线,76.8,0,0,76.8,0
2016/2/6,武汉天琪激光设备制造有限公司,1000,0002845680,1200,6.2,在线,204,0,48,72,72
2016/2/7,武汉天琪激光设备制造有限公司,1000,0002845331,60,6.2,在线,63.6,0,0,63.6,0
2016/2/7,武汉天琪激光设备制造有限公司,1000,0002845680,1200,6.2,在线,156,0,36,72,60
2016/2/8,武汉天琪激光设备制造有限公司,1000,0002845331,60,6.2,在线,55.8,0,0,55.8,0
2016/2/8,武汉天琪激光设备制造有限公司,1000,0002845680,1200,6.2,在线,168,0,48,60,60
2016/2/9,武汉天琪激光设备制造有限公司,1000,0002845331,60,6.2,在线,57,0,0,57,0
2016/2/9,武汉天琪激光设备制造有限公司,1000,0002845680,1200,6.2,在线,156,0,36,72,60
2016/2/10,武汉天琪激光设备制造有限公司,1000,0002845331,60,6.2,在线,55.8,0,0,55.8,0
2016/2/10,武汉天琪激光设备制造有限公司,1000,0002845680,1200,6.2,在线,168,0,36,60,60
2016/2/11,武汉天琪激光设备制造有限公司,1000,0002845331,60,6.2,在线,55.8,0,0,55.8,0
2016/2/11,武汉天琪激光设备制造有限公司,1000,0002845680,1200,6.2,在线,144,0,36,60,48
2016/2/12,武汉天琪激光设备制造有限公司,1000,0002845331,60,6.2,在线,57,0,0,57,0
2016/2/12,武汉天琪激光设备制造有限公司,1000,0002845680,1200,6.2,在线,144,0,36,60,48
2016/2/13,武汉天琪激光设备制造有限公司,1000,0002845331,60,6.2,在线,88.2,0,0,88.2,0
2016/2/13,武汉天琪激光设备制造有限公司,1000,0002845680,1200,6.2,在线,180,0,60,72,36
2016/2/14,武汉天琪激光设备制造有限公司,1000,0002845331,60,6.2,在线,408.6,0,0,408.6,0
2016/2/14,武汉天琪激光设备制造有限公司,1000,0002845680,1200,6.2,在线,540,0,228,252,72
2016/2/15,武汉天琪激光设备制造有限公司,1000,0002845331,60,6.2,在线,1029.6,0,0,1029.6,0
2016/2/15,武汉天琪激光设备制造有限公司,1000,0002845680,1200,6.2,在线,1344,0,360,720,276
2016/2/16,武汉天琪激光设备制造有限公司,1000,0002845331,60,6.2,在线,970.8,0,0,970.8,0
2016/2/16,武汉天琪激光设备制造有限公司,1000,0002845680,1200,6.2,在线,1656,0,480,888,276
2016/2/17,武汉天琪激光设备制造有限公司,1000,0002845331,60,6.2,在线,894,0,0,894,0
2016/2/17,武汉天琪激光设备制造有限公司,1000,0002845680,1200,6.2,在线,1644,0,468,864,300
2016/2/18,武汉天琪激光设备制造有限公司,1000,0002845331,60,6.2,在线,798.6,0,0,798.6,0
2016/2/18,武汉天琪激光设备制造有限公司,1000,0002845680,1200,6.2,在线,1620,0,456,888,300
2016/2/19,武汉天琪激光设备制造有限公司,1000,0002845331,60,6.2,在线,802.8,0,0,802.8,0
2016/2/19,武汉天琪激光设备制造有限公司,1000,0002845680,1200,6.2,在线,1704,0,504,936,264
2016/2/20,武汉天琪激光设备制造有限公司,1000,0002845331,60,6.2,在线,682.2,0,0,682.2,0
2016/2/20,武汉天琪激光设备制造有限公司,1000,0002845680,1200,6.2,在线,1656,0,444,912,300
2016/2/21,武汉天琪激光设备制造有限公司,1000,0002845331,60,6.2,在线,463.8,0,0,463.8,0
2016/2/21,武汉天琪激光设备制造有限公司,1000,0002845680,1200,6.2,在线,936,0,252,408,264
2016/2/22,武汉天琪激光设备制造有限公司,1000,0002845331,60,6.2,在线,469.2,0,0,469.2,0
2016/2/22,武汉天琪激光设备制造有限公司,1000,0002845680,1200,6.2,在线,744,0,216,312,228
2016/2/23,武汉天琪激光设备制造有限公司,1000,0002845331,60,6.2,在线,732.6,0,0,732.6,0
2016/2/23,武汉天琪激光设备制造有限公司,1000,0002845680,1200,6.2,在线,1464,0,456,768,240
2016/2/24,武汉天琪激光设备制造有限公司,1000,0002845331,60,6.2,在线,719.4,0,0,719.4,0
2016/2/24,武汉天琪激光设备制造有限公司,1000,0002845680,1200,6.2,在线,1596,0,564,768,252
2016/2/25,武汉天琪激光设备制造有限公司,1000,0002845331,60,6.2,在线,662.4,0,0,662.4,0
2016/2/25,武汉天琪激光设备制造有限公司,1000,0002845680,1200,6.2,在线,1476,0,492,744,252
2016/2/26,武汉天琪激光设备制造有限公司,1000,0002845331,60,6.2,在线,631.8,0,0,631.8,0
2016/2/26,武汉天琪激光设备制造有限公司,1000,0002845680,1200,6.2,在线,1488,0,504,744,240
2016/2/27,武汉天琪激光设备制造有限公司,1000,0002845331,60,6.2,在线,636,0,0,636,0
2016/2/27,武汉天琪激光设备制造有限公司,1000,0002845680,1200,6.2,在线,1524,0,444,804,264
2016/2/28,武汉天琪激光设备制造有限公司,1000,0002845331,60,6.2,在线,501.6,0,0,501.6,0
2016/2/28,武汉天琪激光设备制造有限公司,1000,0002845680,1200,6.2,在线,1224,0,300,672,252
2016/2/29,武汉天琪激光设备制造有限公司,1000,0002845331,60,6.2,在线,620.4,0,0,620.4,0
2016/2/29,武汉天琪激光设备制造有限公司,1000,0002845680,1200,6.2,在线,1476,0,468,828,192
2016/3/1,武汉天琪激光设备制造有限公司,1000,0002845331,60,6.2,在线,641.4,0,0,641.4,0
2016/3/1,武汉天琪激光设备制造有限公司,1000,0002845680,1200,6.2,在线,1452,0,468,744,228
2016/3/2,武汉天琪激光设备制造有限公司,1000,0002845331,60,6.2,在线,612.6,0,0,612.6,0
2016/3/2,武汉天琪激光设备制造有限公司,1000,0002845680,1200,6.2,在线,1692,0,552,864,288
2016/3/3,武汉天琪激光设备制造有限公司,1000,0002845331,60,6.2,在线,610.2,0,0,610.2,0
2016/3/3,武汉天琪激光设备制造有限公司,1000,0002845680,1200,6.2,在线,1620,0,516,816,264
2016/3/4,武汉天琪激光设备制造有限公司,1000,0002845331,60,6.2,在线,550.2,0,0,550.2,0
2016/3/4,武汉天琪激光设备制造有限公司,1000,0002845680,1200,6.2,在线,1584,0,468,816,300
2016/3/5,武汉天琪激光设备制造有限公司,1000,0002845331,60,6.2,在线,513,0,0,513,0
2016/3/5,武汉天琪激光设备制造有限公司,1000,0002845680,1200,6.2,在线,1332,0,384,684,276
2016/3/6,武汉天琪激光设备制造有限公司,1000,0002845331,60,6.2,在线,395.4,0,0,395.4,0
2016/3/6,武汉天琪激光设备制造有限公司,1000,0002845680,1200,6.2,在线,912,0,300,360,252
2016/3/7,武汉天琪激光设备制造有限公司,1000,0002845331,60,6.2,在线,582,0,0,582,0
2016/3/7,武汉天琪激光设备制造有限公司,1000,0002845680,1200,6.2,在线,1632,0,528,876,228
2016/3/8,武汉天琪激光设备制造有限公司,1000,0002845331,60,6.2,在线,664.2,0,0,664.2,0
2016/3/8,武汉天琪激光设备制造有限公司,1000,0002845680,1200,6.2,在线,1740,0,552,912,276
2016/3/9,武汉天琪激光设备制造有限公司,1000,0002845331,60,6.2,在线,775.2,0,0,775.2,0
2016/3/9,武汉天琪激光设备制造有限公司,1000,0002845680,1200,6.2,在线,1860,0,564,960,336
2016/3/10,武汉天琪激光设备制造有限公司,1000,0002845331,60,6.2,在线,829.8,0,0,829.8,0
2016/3/10,武汉天琪激光设备制造有限公司,1000,0002845680,1200,6.2,在线,1992,0,624,1032,336
2016/3/11,武汉天琪激光设备制造有限公司,1000,0002845331,60,6.2,在线,694.2,0,0,694.2,0
2016/3/11,武汉天琪激光设备制造有限公司,1000,0002845680,1200,6.2,在线,1860,0,540,948,360
2016/3/12,武汉天琪激光设备制造有限公司,1000,0002845331,60,6.2,在线,633.6,0,0,633.6,0
2016/3/12,武汉天琪激光设备制造有限公司,1000,0002845680,1200,6.2,在线,1752,0,492,936,336
2016/3/13,武汉天琪激光设备制造有限公司,1000,0002845331,60,6.2,在线,477.6,0,0,477.6,0
2016/3/13,武汉天琪激光设备制造有限公司,1000,0002845680,1200,6.2,在线,1188,0,336,576,288
2016/3/14,武汉天琪激光设备制造有限公司,1000,0002845331,60,6.2,在线,610.8,0,0,610.8,0
2016/3/14,武汉天琪激光设备制造有限公司,1000,0002845680,1200,6.2,在线,1560,0,552,924,72
2016/3/15,武汉天琪激光设备制造有限公司,1000,0002845331,60,6.2,在线,640.2,0,0,640.2,0
2016/3/15,武汉天琪激光设备制造有限公司,1000,0002845680,1200,6.2,在线,1800,0,576,972,252
2016/3/16,武汉天琪激光设备制造有限公司,1000,0002845331,60,6.2,在线,641.4,0,0,641.4,0
2016/3/16,武汉天琪激光设备制造有限公司,1000,0002845680,1200,6.2,在线,1812,0,624,888,300
2016/3/17,武汉天琪激光设备制造有限公司,1000,0002845331,60,6.2,在线,604.2,0,0,604.2,0
2016/3/17,武汉天琪激光设备制造有限公司,1000,0002845680,1200,6.2,在线,1704,0,552,852,300
2016/3/18,武汉天琪激光设备制造有限公司,1000,0002845331,60,6.2,在线,567.6,0,0,567.6,0
2016/3/18,武汉天琪激光设备制造有限公司,1000,0002845680,1200,6.2,在线,1632,0,516,852,276
2016/3/19,武汉天琪激光设备制造有限公司,1000,0002845331,60,6.2,在线,459,0,0,459,0
2016/3/19,武汉天琪激光设备制造有限公司,1000,0002845680,1200,6.2,在线,1416,0,420,732,252
2016/3/20,武汉天琪激光设备制造有限公司,1000,0002845331,60,6.2,在线,512.4,0,0,512.4,0
2016/3/20,武汉天琪激光设备制造有限公司,1000,0002845680,1200,6.2,在线,1332,0,408,672,252
2016/3/21,武汉天琪激光设备制造有限公司,1000,0002845331,60,6.2,在线,555.6,0,0,555.6,0
2016/3/21,武汉天琪激光设备制造有限公司,1000,0002845680,1200,6.2,在线,1572,0,480,816,276
2016/3/22,武汉天琪激光设备制造有限公司,1000,0002845331,60,6.2,在线,572.4,0,0,572.4,0
2016/3/22,武汉天琪激光设备制造有限公司,1000,0002845680,1200,6.2,在线,1572,0,468,828,276
2016/3/23,武汉天琪激光设备制造有限公司,1000,0002845331,60,6.2,在线,582.6,0,0,582.6,0
2016/3/23,武汉天琪激光设备制造有限公司,1000,0002845680,1200,6.2,在线,1392,0,432,732,228
2016/3/24,武汉天琪激光设备制造有限公司,1000,0002845331,60,6.2,在线,525,0,0,525,0
2016/3/24,武汉天琪激光设备制造有限公司,1000,0002845680,1200,6.2,在线,1344,0,420,708,228
2016/3/25,武汉天琪激光设备制造有限公司,1000,0002845331,60,6.2,在线,600.6,0,0,600.6,0
2016/3/25,武汉天琪激光设备制造有限公司,1000,0002845680,1200,6.2,在线,1548,0,444,804,288
2016/3/26,武汉天琪激光设备制造有限公司,1000,0002845331,60,6.2,在线,589.8,0,0,589.8,0
2016/3/26,武汉天琪激光设备制造有限公司,1000,0002845680,1200,6.2,在线,1488,0,456,780,252
2016/3/27,武汉天琪激光设备制造有限公司,1000,0002845331,60,6.2,在线,376.2,0,0,376.2,0
2016/3/27,武汉天琪激光设备制造有限公司,1000,0002845680,1200,6.2,在线,804,0,228,336,240
2016/3/28,武汉天琪激光设备制造有限公司,1000,0002845331,60,6.2,在线,557.4,0,0,557.4,0
2016/3/28,武汉天琪激光设备制造有限公司,1000,0002845680,1200,6.2,在线,1536,0,492,852,192
2016/3/29,武汉天琪激光设备制造有限公司,1000,0002845331,60,6.2,在线,550.2,0,0,550.2,0
2016/3/29,武汉天琪激光设备制造有限公司,1000,0002845680,1200,6.2,在线,1680,0,576,816,288
2016/3/30,武汉天琪激光设备制造有限公司,1000,0002845331,60,6.2,在线,551.4,0,0,551.4,0
2016/3/30,武汉天琪激光设备制造有限公司,1000,0002845680,1200,6.2,在线,1668,0,492,864,312
2016/3/31,武汉天琪激光设备制造有限公司,1000,0002845331,60,6.2,在线,545.4,0,0,545.4,0
2016/3/31,武汉天琪激光设备制造有限公司,1000,0002845680,1200,6.2,在线,1608,0,492,852,264
2016/4/1,武汉天琪激光设备制造有限公司,1000,0002845331,60,6.2,在线,465,0,0,465,0
2016/4/1,武汉天琪激光设备制造有限公司,1000,0002845680,1200,6.2,在线,1464,0,444,732,288
2016/4/2,武汉天琪激光设备制造有限公司,1000,0002845331,60,6.2,在线,328.8,0,0,328.8,0
2016/4/2,武汉天琪激光设备制造有限公司,1000,0002845680,1200,6.2,在线,864,0,216,396,252
2016/4/3,武汉天琪激光设备制造有限公司,1000,0002845331,60,6.2,在线,,,,,
2016/4/3,武汉天琪激光设备制造有限公司,1000,0002845680,1200,6.2,在线,,,,,
2016/4/4,武汉天琪激光设备制造有限公司,1000,0002845331,60,6.2,在线,324,0,0,324,0
2016/4/4,武汉天琪激光设备制造有限公司,1000,0002845680,1200,6.2,在线,708,0,252,264,180
2016/4/5,武汉天琪激光设备制造有限公司,1000,0002845331,60,6.2,在线,534.6,0,0,534.6,0
2016/4/5,武汉天琪激光设备制造有限公司,1000,0002845680,1200,6.2,在线,1488,0,480,756,252
2016/4/6,武汉天琪激光设备制造有限公司,1000,0002845331,60,6.2,在线,522.6,0,0,522.6,0
2016/4/6,武汉天琪激光设备制造有限公司,1000,0002845680,1200,6.2,在线,1524,0,540,780,216
2016/4/7,武汉天琪激光设备制造有限公司,1000,0002845331,60,6.2,在线,523.8,0,0,523.8,0
2016/4/7,武汉天琪激光设备制造有限公司,1000,0002845680,1200,6.2,在线,1596,0,468,888,240
2016/4/8,武汉天琪激光设备制造有限公司,1000,0002845331,60,6.2,在线,478.8,0,0,478.8,0
2016/4/8,武汉天琪激光设备制造有限公司,1000,0002845680,1200,6.2,在线,1548,0,504,768,276
2016/4/9,武汉天琪激光设备制造有限公司,1000,0002845331,60,6.2,在线,472.2,0,0,472.2,0
2016/4/9,武汉天琪激光设备制造有限公司,1000,0002845680,1200,6.2,在线,1416,0,396,708,312
2016/4/10,武汉天琪激光设备制造有限公司,1000,0002845331,60,6.2,在线,315,0,0,315,0
2016/4/10,武汉天琪激光设备制造有限公司,1000,0002845680,1200,6.2,在线,672,0,168,312,192
2016/4/11,武汉天琪激光设备制造有限公司,1000,0002845331,60,6.2,在线,474.6,0,0,474.6,0
2016/4/11,武汉天琪激光设备制造有限公司,1000,0002845680,1200,6.2,在线,1272,0,432,696,144
2016/4/12,武汉天琪激光设备制造有限公司,1000,0002845331,60,6.2,在线,481.8,0,0,481.8,0
2016/4/12,武汉天琪激光设备制造有限公司,1000,0002845680,1200,6.2,在线,1416,0,444,768,216
2016/4/13,武汉天琪激光设备制造有限公司,1000,0002845331,60,6.2,在线,457.8,0,0,457.8,0
2016/4/13,武汉天琪激光设备制造有限公司,1000,0002845680,1200,6.2,在线,1464,0,480,804,168
2016/4/14,武汉天琪激光设备制造有限公司,1000,0002845331,60,6.2,在线,469.2,0,0,469.2,0
2016/4/14,武汉天琪激光设备制造有限公司,1000,0002845680,1200,6.2,在线,1440,0,456,756,216
2016/4/15,武汉天琪激光设备制造有限公司,1000,0002845331,60,6.2,在线,436.2,0,0,436.2,0
2016/4/15,武汉天琪激光设备制造有限公司,1000,0002845680,1200,6.2,在线,1344,0,468,660,228
2016/4/16,武汉天琪激光设备制造有限公司,1000,0002845331,60,6.2,在线,377.4,0,0,377.4,0
2016/4/16,武汉天琪激光设备制造有限公司,1000,0002845680,1200,6.2,在线,960,0,276,504,192
2016/4/17,武汉天琪激光设备制造有限公司,1000,0002845331,60,6.2,在线,312.6,0,0,312.6,0
2016/4/17,武汉天琪激光设备制造有限公司,1000,0002845680,1200,6.2,在线,612,0,192,228,180
2016/4/18,武汉天琪激光设备制造有限公司,1000,0002845331,60,6.2,在线,474.6,0,0,474.6,0
2016/4/18,武汉天琪激光设备制造有限公司,1000,0002845680,1200,6.2,在线,1236,0,444,612,180
2016/4/19,武汉天琪激光设备制造有限公司,1000,0002845331,60,6.2,在线,473.4,0,0,473.4,0
2016/4/19,武汉天琪激光设备制造有限公司,1000,0002845680,1200,6.2,在线,1464,0,468,756,240
2016/4/20,武汉天琪激光设备制造有限公司,1000,0002845331,60,6.2,在线,499.2,0,0,499.2,0
2016/4/20,武汉天琪激光设备制造有限公司,1000,0002845680,1200,6.2,在线,1440,0,444,780,216
2016/4/21,武汉天琪激光设备制造有限公司,1000,0002845331,60,6.2,在线,485.4,0,0,485.4,0
2016/4/21,武汉天琪激光设备制造有限公司,1000,0002845680,1200,6.2,在线,1524,0,456,816,252
2016/4/22,武汉天琪激光设备制造有限公司,1000,0002845331,60,6.2,在线,442.8,0,0,442.8,0
2016/4/22,武汉天琪激光设备制造有限公司,1000,0002845680,1200,6.2,在线,1380,0,468,672,240
2016/4/23,武汉天琪激光设备制造有限公司,1000,0002845331,60,6.2,在线,454.8,0,0,454.8,0
2016/4/23,武汉天琪激光设备制造有限公司,1000,0002845680,1200,6.2,在线,1380,0,396,744,252
2016/4/24,武汉天琪激光设备制造有限公司,1000,0002845331,60,6.2,在线,411,0,0,411,0
2016/4/24,武汉天琪激光设备制造有限公司,1000,0002845680,1200,6.2,在线,1080,0,336,540,204
2016/4/25,武汉天琪激光设备制造有限公司,1000,0002845331,60,6.2,在线,485.4,0,0,485.4,0
2016/4/25,武汉天琪激光设备制造有限公司,1000,0002845680,1200,6.2,在线,1452,0,492,756,192
2016/4/26,武汉天琪激光设备制造有限公司,1000,0002845331,60,6.2,在线,509.4,0,0,509.4,0
2016/4/26,武汉天琪激光设备制造有限公司,1000,0002845680,1200,6.2,在线,1500,0,480,756,264
2016/4/27,武汉天琪激光设备制造有限公司,1000,0002845331,60,6.2,在线,450.6,0,0,450.6,0
2016/4/27,武汉天琪激光设备制造有限公司,1000,0002845680,1200,6.2,在线,1404,0,456,720,228
2016/4/28,武汉天琪激光设备制造有限公司,1000,0002845331,60,6.2,在线,496.8,0,0,496.8,0
2016/4/28,武汉天琪激光设备制造有限公司,1000,0002845680,1200,6.2,在线,1488,0,516,744,228
2016/4/29,武汉天琪激光设备制造有限公司,1000,0002845331,60,6.2,在线,412.2,0,0,412.2,0
2016/4/29,武汉天琪激光设备制造有限公司,1000,0002845680,1200,6.2,在线,1476,0,504,768,216
2016/4/30,武汉天琪激光设备制造有限公司,1000,0002845331,60,6.2,在线,235.8,0,0,235.8,0
2016/4/30,武汉天琪激光设备制造有限公司,1000,0002845680,1200,6.2,在线,552,0,156,216,180
2016/5/1,武汉天琪激光设备制造有限公司,1000,0002845331,60,6.2,在线,223.2,0,0,223.2,0
2016/5/1,武汉天琪激光设备制造有限公司,1000,0002845680,1200,6.2,在线,492,0,144,192,144
2016/5/2,武汉天琪激光设备制造有限公司,1000,0002845331,60,6.2,在线,223.8,0,0,223.8,0
2016/5/2,武汉天琪激光设备制造有限公司,1000,0002845680,1200,6.2,在线,468,0,144,192,120
2016/5/3,武汉天琪激光设备制造有限公司,1000,0002845331,60,6.2,在线,444.6,0,0,444.6,0
2016/5/3,武汉天琪激光设备制造有限公司,1000,0002845680,1200,6.2,在线,1332,0,468,708,168
2016/5/4,武汉天琪激光设备制造有限公司,1000,0002845331,60,6.2,在线,460.2,0,0,460.2,0
2016/5/4,武汉天琪激光设备制造有限公司,1000,0002845680,1200,6.2,在线,1440,0,432,744,264
2016/5/5,武汉天琪激光设备制造有限公司,1000,0002845331,60,6.2,在线,423.6,0,0,423.6,0
2016/5/5,武汉天琪激光设备制造有限公司,1000,0002845680,1200,6.2,在线,1416,0,444,792,180
2016/5/6,武汉天琪激光设备制造有限公司,1000,0002845331,60,6.2,在线,454.2,0,0,454.2,0
2016/5/6,武汉天琪激光设备制造有限公司,1000,0002845680,1200,6.2,在线,1404,0,480,708,216
2016/5/7,武汉天琪激光设备制造有限公司,1000,0002845331,60,6.2,在线,409.2,0,0,409.2,0
2016/5/7,武汉天琪激光设备制造有限公司,1000,0002845680,1200,6.2,在线,1416,0,456,708,264
2016/5/8,武汉天琪激光设备制造有限公司,1000,0002845331,60,6.2,在线,359.4,0,0,359.4,0
2016/5/8,武汉天琪激光设备制造有限公司,1000,0002845680,1200,6.2,在线,1356,0,420,660,276
2016/5/9,武汉天琪激光设备制造有限公司,1000,0002845331,60,6.2,在线,451.2,0,0,451.2,0
2016/5/9,武汉天琪激光设备制造有限公司,1000,0002845680,1200,6.2,在线,1584,0,444,780,348
2016/5/10,武汉天琪激光设备制造有限公司,1000,0002845331,60,6.2,在线,471,0,0,471,0
2016/5/10,武汉天琪激光设备制造有限公司,1000,0002845680,1200,6.2,在线,1524,0,516,792,216
2016/5/11,武汉天琪激光设备制造有限公司,1000,0002845331,60,6.2,在线,487.2,0,0,487.2,0
2016/5/11,武汉天琪激光设备制造有限公司,1000,0002845680,1200,6.2,在线,1512,0,516,744,252
2016/5/12,武汉天琪激光设备制造有限公司,1000,0002845331,60,6.2,在线,496.2,0,0,496.2,0
2016/5/12,武汉天琪激光设备制造有限公司,1000,0002845680,1200,6.2,在线,1524,0,504,792,228
2016/5/13,武汉天琪激光设备制造有限公司,1000,0002845331,60,6.2,在线,455.4,0,0,455.4,0
2016/5/13,武汉天琪激光设备制造有限公司,1000,0002845680,1200,6.2,在线,1380,0,432,768,192
2016/5/14,武汉天琪激光设备制造有限公司,1000,0002845331,60,6.2,在线,374.4,0,0,374.4,0
2016/5/14,武汉天琪激光设备制造有限公司,1000,0002845680,1200,6.2,在线,1104,0,288,612,192
2016/5/15,武汉天琪激光设备制造有限公司,1000,0002845331,60,6.2,在线,286.2,0,0,286.2,0
2016/5/15,武汉天琪激光设备制造有限公司,1000,0002845680,1200,6.2,在线,576,0,156,252,168
2016/5/16,武汉天琪激光设备制造有限公司,1000,0002845331,60,6.2,在线,480,0,0,480,0
2016/5/16,武汉天琪激光设备制造有限公司,1000,0002845680,1200,6.2,在线,1440,0,504,768,180
2016/5/17,武汉天琪激光设备制造有限公司,1000,0002845331,60,6.2,在线,469.8,0,0,469.8,0
2016/5/17,武汉天琪激光设备制造有限公司,1000,0002845680,1200,6.2,在线,1500,0,468,792,228
2016/5/18,武汉天琪激光设备制造有限公司,1000,0002845331,60,6.2,在线,484.2,0,0,484.2,0
2016/5/18,武汉天琪激光设备制造有限公司,1000,0002845680,1200,6.2,在线,1632,0,516,852,276
2016/5/19,武汉天琪激光设备制造有限公司,1000,0002845331,60,6.2,在线,435,0,0,435,0
2016/5/19,武汉天琪激光设备制造有限公司,1000,0002845680,1200,6.2,在线,1524,0,492,756,264
2016/5/20,武汉天琪激光设备制造有限公司,1000,0002845331,60,6.2,在线,456.6,0,0,456.6,0
2016/5/20,武汉天琪激光设备制造有限公司,1000,0002845680,1200,6.2,在线,1320,0,408,684,228
2016/5/21,武汉天琪激光设备制造有限公司,1000,0002845331,60,6.2,在线,429,0,0,429,0
2016/5/21,武汉天琪激光设备制造有限公司,1000,0002845680,1200,6.2,在线,1272,0,360,672,240
2016/5/22,武汉天琪激光设备制造有限公司,1000,0002845331,60,6.2,在线,311.4,0,0,311.4,0
2016/5/22,武汉天琪激光设备制造有限公司,1000,0002845680,1200,6.2,在线,696,0,252,264,180
2016/5/23,武汉天琪激光设备制造有限公司,1000,0002845331,60,6.2,在线,448.8,0,0,448.8,0
2016/5/23,武汉天琪激光设备制造有限公司,1000,0002845680,1200,6.2,在线,1500,0,540,756,204
2016/5/24,武汉天琪激光设备制造有限公司,1000,0002845331,60,6.2,在线,465,0,0,465,0
2016/5/24,武汉天琪激光设备制造有限公司,1000,0002845680,1200,6.2,在线,1512,0,432,804,276
2016/5/25,武汉天琪激光设备制造有限公司,1000,0002845331,60,6.2,在线,438.6,0,0,438.6,0
2016/5/25,武汉天琪激光设备制造有限公司,1000,0002845680,1200,6.2,在线,1524,0,468,792,264
2016/5/26,武汉天琪激光设备制造有限公司,1000,0002845331,60,6.2,在线,456.6,0,0,456.6,0
2016/5/26,武汉天琪激光设备制造有限公司,1000,0002845680,1200,6.2,在线,1368,0,420,744,204
2016/5/27,武汉天琪激光设备制造有限公司,1000,0002845331,60,6.2,在线,451.8,0,0,451.8,0
2016/5/27,武汉天琪激光设备制造有限公司,1000,0002845680,1200,6.2,在线,1452,0,444,804,204
2016/5/28,武汉天琪激光设备制造有限公司,1000,0002845331,60,6.2,在线,358.8,0,0,358.8,0
2016/5/28,武汉天琪激光设备制造有限公司,1000,0002845680,1200,6.2,在线,1104,0,336,564,204
2016/5/29,武汉天琪激光设备制造有限公司,1000,0002845331,60,6.2,在线,307.2,0,0,307.2,0
2016/5/29,武汉天琪激光设备制造有限公司,1000,0002845680,1200,6.2,在线,660,0,192,276,192
2016/5/30,武汉天琪激光设备制造有限公司,1000,0002845331,60,6.2,在线,420,0,0,420,0
2016/5/30,武汉天琪激光设备制造有限公司,1000,0002845680,1200,6.2,在线,1488,0,504,840,156
2016/5/31,武汉天琪激光设备制造有限公司,1000,0002845331,60,6.2,在线,465.6,0,0,465.6,0
2016/5/31,武汉天琪激光设备制造有限公司,1000,0002845680,1200,6.2,在线,1596,0,480,828,264
2016/6/1,武汉天琪激光设备制造有限公司,1000,0002845331,60,6.2,在线,486.6,0,0,486.6,0
2016/6/1,武汉天琪激光设备制造有限公司,1000,0002845680,1200,6.2,在线,1356,0,324,744,300
2016/6/2,武汉天琪激光设备制造有限公司,1000,0002845331,60,6.2,在线,477,0,0,477,0
2016/6/2,武汉天琪激光设备制造有限公司,1000,0002845680,1200,6.2,在线,1440,0,444,756,240
2016/6/3,武汉天琪激光设备制造有限公司,1000,0002845331,60,6.2,在线,488.4,0,0,488.4,0
2016/6/3,武汉天琪激光设备制造有限公司,1000,0002845680,1200,6.2,在线,1548,0,468,828,240
2016/6/4,武汉天琪激光设备制造有限公司,1000,0002845331,60,6.2,在线,441.6,0,0,441.6,0
2016/6/4,武汉天琪激光设备制造有限公司,1000,0002845680,1200,6.2,在线,1500,0,456,804,252
2016/6/5,武汉天琪激光设备制造有限公司,1000,0002845331,60,6.2,在线,299.4,0,0,299.4,0
2016/6/5,武汉天琪激光设备制造有限公司,1000,0002845680,1200,6.2,在线,852,0,252,372,228
2016/6/6,武汉天琪激光设备制造有限公司,1000,0002845331,60,6.2,在线,451.8,0,0,451.8,0
2016/6/6,武汉天琪激光设备制造有限公司,1000,0002845680,1200,6.2,在线,1524,0,456,840,228
2016/6/7,武汉天琪激光设备制造有限公司,1000,0002845331,60,6.2,在线,483,0,0,483,0
2016/6/7,武汉天琪激光设备制造有限公司,1000,0002845680,1200,6.2,在线,1500,0,432,816,252
2016/6/8,武汉天琪激光设备制造有限公司,1000,0002845331,60,6.2,在线,418.8,0,0,418.8,0
2016/6/8,武汉天琪激光设备制造有限公司,1000,0002845680,1200,6.2,在线,1224,0,324,648,252
2016/6/9,武汉天琪激光设备制造有限公司,1000,0002845331,60,6.2,在线,259.8,0,0,259.8,0
2016/6/9,武汉天琪激光设备制造有限公司,1000,0002845680,1200,6.2,在线,504,0,132,192,168
2016/6/10,武汉天琪激光设备制造有限公司,1000,0002845331,60,6.2,在线,267,0,0,267,0
2016/6/10,武汉天琪激光设备制造有限公司,1000,0002845680,1200,6.2,在线,600,0,204,264,144
2016/6/11,武汉天琪激光设备制造有限公司,1000,0002845331,60,6.2,在线,350.4,0,0,350.4,0
2016/6/11,武汉天琪激光设备制造有限公司,1000,0002845680,1200,6.2,在线,852,0,228,420,204
2016/6/12,武汉天琪激光设备制造有限公司,1000,0002845331,60,6.2,在线,503.4,0,0,503.4,0
2016/6/12,武汉天琪激光设备制造有限公司,1000,0002845680,1200,6.2,在线,1536,0,468,876,192
2016/6/13,武汉天琪激光设备制造有限公司,1000,0002845331,60,6.2,在线,542.4,0,0,542.4,0
2016/6/13,武汉天琪激光设备制造有限公司,1000,0002845680,1200,6.2,在线,1752,0,540,924,288
2016/6/14,武汉天琪激光设备制造有限公司,1000,0002845331,60,6.2,在线,600,0,0,600,0
2016/6/14,武汉天琪激光设备制造有限公司,1000,0002845680,1200,6.2,在线,1908,0,612,1032,276
2016/6/15,武汉天琪激光设备制造有限公司,1000,0002845331,60,6.2,在线,596.4,0,0,596.4,0
2016/6/15,武汉天琪激光设备制造有限公司,1000,0002845680,1200,6.2,在线,1776,0,468,924,372
2016/6/16,武汉天琪激光设备制造有限公司,1000,0002845331,60,6.2,在线,513,0,0,513,0
2016/6/16,武汉天琪激光设备制造有限公司,1000,0002845680,1200,6.2,在线,1668,0,516,900,264
2016/6/17,武汉天琪激光设备制造有限公司,1000,0002845331,60,6.2,在线,521.4,0,0,521.4,0
2016/6/17,武汉天琪激光设备制造有限公司,1000,0002845680,1200,6.2,在线,1848,0,588,960,288
2016/6/18,武汉天琪激光设备制造有限公司,1000,0002845331,60,6.2,在线,544.2,0,0,544.2,0
2016/6/18,武汉天琪激光设备制造有限公司,1000,0002845680,1200,6.2,在线,1608,0,444,888,264
2016/6/19,武汉天琪激光设备制造有限公司,1000,0002845331,60,6.2,在线,402.6,0,0,402.6,0
2016/6/19,武汉天琪激光设备制造有限公司,1000,0002845680,1200,6.2,在线,696,0,144,276,276
2016/6/20,武汉天琪激光设备制造有限公司,1000,0002845331,60,6.2,在线,491.4,0,0,491.4,0
2016/6/20,武汉天琪激光设备制造有限公司,1000,0002845680,1200,6.2,在线,1356,0,456,780,144
2016/6/21,武汉天琪激光设备制造有限公司,1000,0002845331,60,6.2,在线,604.8,0,0,604.8,0
2016/6/21,武汉天琪激光设备制造有限公司,1000,0002845680,1200,6.2,在线,1656,0,528,924,204
2016/6/22,武汉天琪激光设备制造有限公司,1000,0002845331,60,6.2,在线,824.4,0,0,824.4,0
2016/6/22,武汉天琪激光设备制造有限公司,1000,0002845680,1200,6.2,在线,2196,0,720,1236,216
2016/6/23,武汉天琪激光设备制造有限公司,1000,0002845331,60,6.2,在线,957,0,0,957,0
2016/6/23,武汉天琪激光设备制造有限公司,1000,0002845680,1200,6.2,在线,2436,0,768,1272,408
2016/6/24,武汉天琪激光设备制造有限公司,1000,0002845331,60,6.2,在线,615,0,0,615,0
2016/6/24,武汉天琪激光设备制造有限公司,1000,0002845680,1200,6.2,在线,1692,0,456,828,420
2016/6/25,武汉天琪激光设备制造有限公司,1000,0002845331,60,6.2,在线,323.4,0,0,323.4,0
2016/6/25,武汉天琪激光设备制造有限公司,1000,0002845680,1200,6.2,在线,1140,0,288,636,204
2016/6/26,武汉天琪激光设备制造有限公司,1000,0002845331,60,6.2,在线,244.8,0,0,244.8,0
2016/6/26,武汉天琪激光设备制造有限公司,1000,0002845680,1200,6.2,在线,684,0,204,300,180
2016/6/27,武汉天琪激光设备制造有限公司,1000,0002845331,60,6.2,在线,395.4,0,0,395.4,0
2016/6/27,武汉天琪激光设备制造有限公司,1000,0002845680,1200,6.2,在线,1308,0,384,744,180
2016/6/28,武汉天琪激光设备制造有限公司,1000,0002845331,60,6.2,在线,529.2,0,0,529.2,0
2016/6/28,武汉天琪激光设备制造有限公司,1000,0002845680,1200,6.2,在线,1572,0,492,876,192
2016/6/29,武汉天琪激光设备制造有限公司,1000,0002845331,60,6.2,在线,564.6,0,0,564.6,0
2016/6/29,武汉天琪激光设备制造有限公司,1000,0002845680,1200,6.2,在线,1680,0,552,936,204
2016/6/30,武汉天琪激光设备制造有限公司,1000,0002845331,60,6.2,在线,653.4,0,0,653.4,0
2016/6/30,武汉天琪激光设备制造有限公司,1000,0002845680,1200,6.2,在线,1836,0,576,996,264
2016/7/1,武汉天琪激光设备制造有限公司,1000,0002845331,60,6.2,在线,565.2,0,0,565.2,0
2016/7/1,武汉天琪激光设备制造有限公司,1000,0002845680,1200,6.2,在线,1464,0,444,732,288
2016/7/2,武汉天琪激光设备制造有限公司,1000,0002845331,60,6.2,在线,524.4,0,0,524.4,0
2016/7/2,武汉天琪激光设备制造有限公司,1000,0002845680,1200,6.2,在线,1248,0,348,708,192
2016/7/3,武汉天琪激光设备制造有限公司,1000,0002845331,60,6.2,在线,363,0,0,363,0
2016/7/3,武汉天琪激光设备制造有限公司,1000,0002845680,1200,6.2,在线,672,0,192,288,180
2016/7/4,武汉天琪激光设备制造有限公司,1000,0002845331,60,6.2,在线,543,0,0,543,0
2016/7/4,武汉天琪激光设备制造有限公司,1000,0002845680,1200,6.2,在线,1464,0,444,816,216
2016/7/5,武汉天琪激光设备制造有限公司,1000,0002845331,60,6.2,在线,607.2,0,0,607.2,0
2016/7/5,武汉天琪激光设备制造有限公司,1000,0002845680,1200,6.2,在线,1608,0,480,912,216
2016/7/6,武汉天琪激光设备制造有限公司,1000,0002845331,60,6.2,在线,482.4,0,0,482.4,0
2016/7/6,武汉天琪激光设备制造有限公司,1000,0002845680,1200,6.2,在线,1416,0,468,756,180
2016/7/7,武汉天琪激光设备制造有限公司,1000,0002845331,60,6.2,在线,557.4,0,0,557.4,0
2016/7/7,武汉天琪激光设备制造有限公司,1000,0002845680,1200,6.2,在线,1704,0,576,924,216
2016/7/8,武汉天琪激光设备制造有限公司,1000,0002845331,60,6.2,在线,625.2,0,0,625.2,0
2016/7/8,武汉天琪激光设备制造有限公司,1000,0002845680,1200,6.2,在线,1860,0,576,1008,276
2016/7/9,武汉天琪激光设备制造有限公司,1000,0002845331,60,6.2,在线,437.4,0,0,437.4,0
2016/7/9,武汉天琪激光设备制造有限公司,1000,0002845680,1200,6.2,在线,1512,0,420,756,324
2016/7/10,武汉天琪激光设备制造有限公司,1000,0002845331,60,6.2,在线,475.2,0,0,475.2,0
2016/7/10,武汉天琪激光设备制造有限公司,1000,0002845680,1200,6.2,在线,1212,0,372,540,312
2016/7/11,武汉天琪激光设备制造有限公司,1000,0002845331,60,6.2,在线,891,0,0,891,0
2016/7/11,武汉天琪激光设备制造有限公司,1000,0002845680,1200,6.2,在线,2232,0,672,1128,432
2016/7/12,武汉天琪激光设备制造有限公司,1000,0002845331,60,6.2,在线,1050.6,0,0,1050.6,0
2016/7/12,武汉天琪激光设备制造有限公司,1000,0002845680,1200,6.2,在线,2616,0,876,1308,432
2016/7/13,武汉天琪激光设备制造有限公司,1000,0002845331,60,6.2,在线,996,0,0,996,0
2016/7/13,武汉天琪激光设备制造有限公司,1000,0002845680,1200,6.2,在线,2304,0,648,1128,528
2016/7/14,武汉天琪激光设备制造有限公司,1000,0002845331,60,6.2,在线,997.8,0,0,997.8,0
2016/7/14,武汉天琪激光设备制造有限公司,1000,0002845680,1200,6.2,在线,2364,0,756,1188,432
2016/7/15,武汉天琪激光设备制造有限公司,1000,0002845331,60,6.2,在线,848.4,0,0,848.4,0
2016/7/15,武汉天琪激光设备制造有限公司,1000,0002845680,1200,6.2,在线,2052,0,576,1020,444
2016/7/16,武汉天琪激光设备制造有限公司,1000,0002845331,60,6.2,在线,754.2,0,0,754.2,0
2016/7/16,武汉天琪激光设备制造有限公司,1000,0002845680,1200,6.2,在线,1896,0,528,1068,300
2016/7/17,武汉天琪激光设备制造有限公司,1000,0002845331,60,6.2,在线,588,0,0,588,0
2016/7/17,武汉天琪激光设备制造有限公司,1000,0002845680,1200,6.2,在线,1440,0,384,624,444
2016/7/18,武汉天琪激光设备制造有限公司,1000,0002845331,60,6.2,在线,939.6,0,0,939.6,0
2016/7/18,武汉天琪激光设备制造有限公司,1000,0002845680,1200,6.2,在线,2112,0,612,1128,360
2016/7/19,武汉天琪激光设备制造有限公司,1000,0002845331,60,6.2,在线,898.2,0,0,898.2,0
2016/7/19,武汉天琪激光设备制造有限公司,1000,0002845680,1200,6.2,在线,2052,0,600,1068,384
2016/7/20,武汉天琪激光设备制造有限公司,1000,0002845331,60,6.2,在线,935.4,0,0,935.4,0
2016/7/20,武汉天琪激光设备制造有限公司,1000,0002845680,1200,6.2,在线,2220,0,660,1140,408
2016/7/21,武汉天琪激光设备制造有限公司,1000,0002845331,60,6.2,在线,949.2,0,0,949.2,0
2016/7/21,武汉天琪激光设备制造有限公司,1000,0002845680,1200,6.2,在线,2316,0,744,1260,324
2016/7/22,武汉天琪激光设备制造有限公司,1000,0002845331,60,6.2,在线,1042.2,0,0,1042.2,0
2016/7/22,武汉天琪激光设备制造有限公司,1000,0002845680,1200,6.2,在线,2340,0,660,1224,468
2016/7/23,武汉天琪激光设备制造有限公司,1000,0002845331,60,6.2,在线,487.2,0,0,487.2,0
2016/7/23,武汉天琪激光设备制造有限公司,1000,0002845680,1200,6.2,在线,888,0,264,180,420
2016/7/24,武汉天琪激光设备制造有限公司,1000,0002845331,60,6.2,在线,922.8,0,0,922.8,0
2016/7/24,武汉天琪激光设备制造有限公司,1000,0002845680,1200,6.2,在线,2304,0,744,1152,420
2016/7/25,武汉天琪激光设备制造有限公司,1000,0002845331,60,6.2,在线,1345.8,0,0,1345.8,0
2016/7/25,武汉天琪激光设备制造有限公司,1000,0002845680,1200,6.2,在线,2736,0,840,1416,480
2016/7/26,武汉天琪激光设备制造有限公司,1000,0002845331,60,6.2,在线,1489.8,0,0,1489.8,0
2016/7/26,武汉天琪激光设备制造有限公司,1000,0002845680,1200,6.2,在线,3096,0,948,1584,564
2016/7/27,武汉天琪激光设备制造有限公司,1000,0002845331,60,6.2,在线,1482.6,0,0,1482.6,0
2016/7/27,武汉天琪激光设备制造有限公司,1000,0002845680,1200,6.2,在线,3012,0,876,1524,612
2016/7/28,武汉天琪激光设备制造有限公司,1000,0002845331,60,6.2,在线,1517.4,0,0,1517.4,0
2016/7/28,武汉天琪激光设备制造有限公司,1000,0002845680,1200,6.2,在线,3168,0,876,1608,672
2016/7/29,武汉天琪激光设备制造有限公司,1000,0002845331,60,6.2,在线,1470,0,0,1470,0
2016/7/29,武汉天琪激光设备制造有限公司,1000,0002845680,1200,6.2,在线,3024,0,828,1572,636
2016/7/30,武汉天琪激光设备制造有限公司,1000,0002845331,60,6.2,在线,1308,0,0,1308,0
2016/7/30,武汉天琪激光设备制造有限公司,1000,0002845680,1200,6.2,在线,2760,0,696,1440,612
2016/7/31,武汉天琪激光设备制造有限公司,1000,0002845331,60,6.2,在线,922.2,0,0,922.2,0
2016/7/31,武汉天琪激光设备制造有限公司,1000,0002845680,1200,6.2,在线,1788,0,468,756,588
2016/8/1,武汉天琪激光设备制造有限公司,1000,0002845331,60,6.2,在线,1360.2,0,0,1360.2,0
2016/8/1,武汉天琪激光设备制造有限公司,1000,0002845680,1200,6.2,在线,2784,0,804,1488,480
2016/8/2,武汉天琪激光设备制造有限公司,1000,0002845331,60,6.2,在线,1352.4,0,0,1352.4,0
2016/8/2,武汉天琪激光设备制造有限公司,1000,0002845680,1200,6.2,在线,2604,0,660,1284,660
2016/8/3,武汉天琪激光设备制造有限公司,1000,0002845331,60,6.2,在线,1141.2,0,0,1141.2,0
2016/8/3,武汉天琪激光设备制造有限公司,1000,0002845680,1200,6.2,在线,2436,0,732,1248,456
2016/8/4,武汉天琪激光设备制造有限公司,1000,0002845331,60,6.2,在线,1000.8,0,0,1000.8,0
2016/8/4,武汉天琪激光设备制造有限公司,1000,0002845680,1200,6.2,在线,2184,0,648,1092,444
2016/8/5,武汉天琪激光设备制造有限公司,1000,0002845331,60,6.2,在线,965.4,0,0,965.4,0
2016/8/5,武汉天琪激光设备制造有限公司,1000,0002845680,1200,6.2,在线,2280,0,684,1224,372
2016/8/6,武汉天琪激光设备制造有限公司,1000,0002845331,60,6.2,在线,714.6,0,0,714.6,0
2016/8/6,武汉天琪激光设备制造有限公司,1000,0002845680,1200,6.2,在线,1632,0,456,768,408
2016/8/7,武汉天琪激光设备制造有限公司,1000,0002845331,60,6.2,在线,588,0,0,588,0
2016/8/7,武汉天琪激光设备制造有限公司,1000,0002845680,1200,6.2,在线,1068,0,312,408,348
2016/8/8,武汉天琪激光设备制造有限公司,1000,0002845331,60,6.2,在线,898.8,0,0,898.8,0
2016/8/8,武汉天琪激光设备制造有限公司,1000,0002845680,1200,6.2,在线,2124,0,624,1164,336
2016/8/9,武汉天琪激光设备制造有限公司,1000,0002845331,60,6.2,在线,1057.2,0,0,1057.2,0
2016/8/9,武汉天琪激光设备制造有限公司,1000,0002845680,1200,6.2,在线,2352,0,732,1236,384
2016/8/10,武汉天琪激光设备制造有限公司,1000,0002845331,60,6.2,在线,1204.8,0,0,1204.8,0
2016/8/10,武汉天琪激光设备制造有限公司,1000,0002845680,1200,6.2,在线,2628,0,768,1392,468
2016/8/11,武汉天琪激光设备制造有限公司,1000,0002845331,60,6.2,在线,1363.2,0,0,1363.2,0
2016/8/11,武汉天琪激光设备制造有限公司,1000,0002845680,1200,6.2,在线,3012,0,900,1596,528
2016/8/12,武汉天琪激光设备制造有限公司,1000,0002845331,60,6.2,在线,1369.8,0,0,1369.8,0
2016/8/12,武汉天琪激光设备制造有限公司,1000,0002845680,1200,6.2,在线,2976,0,876,1500,588
2016/8/13,武汉天琪激光设备制造有限公司,1000,0002845331,60,6.2,在线,1220.4,0,0,1220.4,0
2016/8/13,武汉天琪激光设备制造有限公司,1000,0002845680,1200,6.2,在线,2616,0,660,1344,612
2016/8/14,武汉天琪激光设备制造有限公司,1000,0002845331,60,6.2,在线,900,0,0,900,0
2016/8/14,武汉天琪激光设备制造有限公司,1000,0002845680,1200,6.2,在线,1620,0,444,684,492
2016/8/15,武汉天琪激光设备制造有限公司,1000,0002845331,60,6.2,在线,1414.8,0,0,1414.8,0
2016/8/15,武汉天琪激光设备制造有限公司,1000,0002845680,1200,6.2,在线,2568,0,708,1368,492
2016/8/16,武汉天琪激光设备制造有限公司,1000,0002845331,60,6.2,在线,1515,0,0,1515,0
2016/8/16,武汉天琪激光设备制造有限公司,1000,0002845680,1200,6.2,在线,2652,0,732,1380,552
2016/8/17,武汉天琪激光设备制造有限公司,1000,0002845331,60,6.2,在线,1458,0,0,1458,0
2016/8/17,武汉天琪激光设备制造有限公司,1000,0002845680,1200,6.2,在线,2832,0,828,1428,564
2016/8/18,武汉天琪激光设备制造有限公司,1000,0002845331,60,6.2,在线,1507.8,0,0,1507.8,0
2016/8/18,武汉天琪激光设备制造有限公司,1000,0002845680,1200,6.2,在线,2868,0,816,1488,564
2016/8/19,武汉天琪激光设备制造有限公司,1000,0002845331,60,6.2,在线,1568.4,0,0,1568.4,0
2016/8/19,武汉天琪激光设备制造有限公司,1000,0002845680,1200,6.2,在线,2964,0,840,1512,624
2016/8/20,武汉天琪激光设备制造有限公司,1000,0002845331,60,6.2,在线,1123.2,0,0,1123.2,0
2016/8/20,武汉天琪激光设备制造有限公司,1000,0002845680,1200,6.2,在线,2400,0,612,1176,600
2016/8/21,武汉天琪激光设备制造有限公司,1000,0002845331,60,6.2,在线,969,0,0,969,0
2016/8/21,武汉天琪激光设备制造有限公司,1000,0002845680,1200,6.2,在线,1620,0,432,696,492
2016/8/22,武汉天琪激光设备制造有限公司,1000,0002845331,60,6.2,在线,1366.8,0,0,1366.8,0
2016/8/22,武汉天琪激光设备制造有限公司,1000,0002845680,1200,6.2,在线,2844,0,864,1488,480
2016/8/23,武汉天琪激光设备制造有限公司,1000,0002845331,60,6.2,在线,1381.2,0,0,1381.2,0
2016/8/23,武汉天琪激光设备制造有限公司,1000,0002845680,1200,6.2,在线,2748,0,840,1356,564
2016/8/24,武汉天琪激光设备制造有限公司,1000,0002845331,60,6.2,在线,1475.4,0,0,1475.4,0
2016/8/24,武汉天琪激光设备制造有限公司,1000,0002845680,1200,6.2,在线,3024,0,852,1500,660
2016/8/25,武汉天琪激光设备制造有限公司,1000,0002845331,60,6.2,在线,1488.6,0,0,1488.6,0
2016/8/25,武汉天琪激光设备制造有限公司,1000,0002845680,1200,6.2,在线,2976,0,840,1512,636
2016/8/26,武汉天琪激光设备制造有限公司,1000,0002845331,60,6.2,在线,898.2,0,0,898.2,0
2016/8/26,武汉天琪激光设备制造有限公司,1000,0002845680,1200,6.2,在线,1884,0,456,900,528
2016/8/27,武汉天琪激光设备制造有限公司,1000,0002845331,60,6.2,在线,622.8,0,0,622.8,0
2016/8/27,武汉天琪激光设备制造有限公司,1000,0002845680,1200,6.2,在线,1524,0,408,768,348
2016/8/28,武汉天琪激光设备制造有限公司,1000,0002845331,60,6.2,在线,361.8,0,0,361.8,0
2016/8/28,武汉天琪激光设备制造有限公司,1000,0002845680,1200,6.2,在线,792,0,228,360,204
2016/8/29,武汉天琪激光设备制造有限公司,1000,0002845331,60,6.2,在线,673.8,0,0,673.8,0
2016/8/29,武汉天琪激光设备制造有限公司,1000,0002845680,1200,6.2,在线,1752,0,576,924,252
2016/8/30,武汉天琪激光设备制造有限公司,1000,0002845331,60,6.2,在线,749.4,0,0,749.4,0
2016/8/30,武汉天琪激光设备制造有限公司,1000,0002845680,1200,6.2,在线,2016,0,648,1080,300
2016/8/31,武汉天琪激光设备制造有限公司,1000,0002845331,60,6.2,在线,703.2,0,0,703.2,0
2016/8/31,武汉天琪激光设备制造有限公司,1000,0002845680,1200,6.2,在线,1836,0,624,924,276
2016/9/1,武汉天琪激光设备制造有限公司,1000,0002845331,60,6.2,在线,853.8,0,0,853.8,0
2016/9/1,武汉天琪激光设备制造有限公司,1000,0002845680,1200,6.2,在线,2052,0,672,1056,324
2016/9/2,武汉天琪激光设备制造有限公司,1000,0002845331,60,6.2,在线,894.6,0,0,894.6,0
2016/9/2,武汉天琪激光设备制造有限公司,1000,0002845680,1200,6.2,在线,2052,0,612,1116,336
2016/9/3,武汉天琪激光设备制造有限公司,1000,0002845331,60,6.2,在线,804.6,0,0,804.6,0
2016/9/3,武汉天琪激光设备制造有限公司,1000,0002845680,1200,6.2,在线,1872,0,564,948,348
2016/9/4,武汉天琪激光设备制造有限公司,1000,0002845331,60,6.2,在线,645,0,0,645,0
2016/9/4,武汉天琪激光设备制造有限公司,1000,0002845680,1200,6.2,在线,1152,0,288,444,408
2016/9/5,武汉天琪激光设备制造有限公司,1000,0002845331,60,6.2,在线,792,0,0,792,0
2016/9/5,武汉天琪激光设备制造有限公司,1000,0002845680,1200,6.2,在线,2004,0,648,1104,264
2016/9/6,武汉天琪激光设备制造有限公司,1000,0002845331,60,6.2,在线,798,0,0,798,0
2016/9/6,武汉天琪激光设备制造有限公司,1000,0002845680,1200,6.2,在线,1920,0,624,936,360
2016/9/7,武汉天琪激光设备制造有限公司,1000,0002845331,60,6.2,在线,780.6,0,0,780.6,0
2016/9/7,武汉天琪激光设备制造有限公司,1000,0002845680,1200,6.2,在线,1992,0,636,1020,324
2016/9/8,武汉天琪激光设备制造有限公司,1000,0002845331,60,6.2,在线,836.4,0,0,836.4,0
2016/9/8,武汉天琪激光设备制造有限公司,1000,0002845680,1200,6.2,在线,2052,0,624,1104,348
2016/9/9,武汉天琪激光设备制造有限公司,1000,0002845331,60,6.2,在线,832.2,0,0,832.2,0
2016/9/9,武汉天琪激光设备制造有限公司,1000,0002845680,1200,6.2,在线,1920,0,600,948,360
2016/9/10,武汉天琪激光设备制造有限公司,1000,0002845331,60,6.2,在线,741,0,0,741,0
2016/9/10,武汉天琪激光设备制造有限公司,1000,0002845680,1200,6.2,在线,1740,0,468,948,324
2016/9/11,武汉天琪激光设备制造有限公司,1000,0002845331,60,6.2,在线,672,0,0,672,0
2016/9/11,武汉天琪激光设备制造有限公司,1000,0002845680,1200,6.2,在线,1512,0,408,816,288
2016/9/12,武汉天琪激光设备制造有限公司,1000,0002845331,60,6.2,在线,903,0,0,903,0
2016/9/12,武汉天琪激光设备制造有限公司,1000,0002845680,1200,6.2,在线,1956,0,612,1032,312
2016/9/13,武汉天琪激光设备制造有限公司,1000,0002845331,60,6.2,在线,817.2,0,0,817.2,0
2016/9/13,武汉天琪激光设备制造有限公司,1000,0002845680,1200,6.2,在线,1992,0,600,1068,324
2016/9/14,武汉天琪激光设备制造有限公司,1000,0002845331,60,6.2,在线,735,0,0,735,0
2016/9/14,武汉天琪激光设备制造有限公司,1000,0002845680,1200,6.2,在线,1656,0,420,912,324
2016/9/15,武汉天琪激光设备制造有限公司,1000,0002845331,60,6.2,在线,327,0,0,327,0
2016/9/15,武汉天琪激光设备制造有限公司,1000,0002845680,1200,6.2,在线,540,0,144,216,180
2016/9/16,武汉天琪激光设备制造有限公司,1000,0002845331,60,6.2,在线,381,0,0,381,0
2016/9/16,武汉天琪激光设备制造有限公司,1000,0002845680,1200,6.2,在线,708,0,240,288,192
2016/9/17,武汉天琪激光设备制造有限公司,1000,0002845331,60,6.2,在线,448.2,0,0,448.2,0
2016/9/17,武汉天琪激光设备制造有限公司,1000,0002845680,1200,6.2,在线,1008,0,336,468,204
2016/9/18,武汉天琪激光设备制造有限公司,1000,0002845331,60,6.2,在线,797.4,0,0,797.4,0
2016/9/18,武汉天琪激光设备制造有限公司,1000,0002845680,1200,6.2,在线,1716,0,540,864,300
2016/9/19,武汉天琪激光设备制造有限公司,1000,0002845331,60,6.2,在线,711,0,0,711,0
2016/9/19,武汉天琪激光设备制造有限公司,1000,0002845680,1200,6.2,在线,1884,0,600,972,312
2016/9/20,武汉天琪激光设备制造有限公司,1000,0002845331,60,6.2,在线,722.4,0,0,722.4,0
2016/9/20,武汉天琪激光设备制造有限公司,1000,0002845680,1200,6.2,在线,1764,0,516,936,312
2016/9/21,武汉天琪激光设备制造有限公司,1000,0002845331,60,6.2,在线,676.2,0,0,676.2,0
2016/9/21,武汉天琪激光设备制造有限公司,1000,0002845680,1200,6.2,在线,1704,0,504,888,300
2016/9/22,武汉天琪激光设备制造有限公司,1000,0002845331,60,6.2,在线,680.4,0,0,680.4,0
2016/9/22,武汉天琪激光设备制造有限公司,1000,0002845680,1200,6.2,在线,1668,0,564,888,240
2016/9/23,武汉天琪激光设备制造有限公司,1000,0002845331,60,6.2,在线,749.4,0,0,749.4,0
2016/9/23,武汉天琪激光设备制造有限公司,1000,0002845680,1200,6.2,在线,1908,0,600,984,300
2016/9/24,武汉天琪激光设备制造有限公司,1000,0002845331,60,6.2,在线,715.2,0,0,715.2,0
2016/9/24,武汉天琪激光设备制造有限公司,1000,0002845680,1200,6.2,在线,1944,0,528,1044,384
2016/9/25,武汉天琪激光设备制造有限公司,1000,0002845331,60,6.2,在线,420,0,0,420,0
2016/9/25,武汉天琪激光设备制造有限公司,1000,0002845680,1200,6.2,在线,996,0,264,432,300
2016/9/26,武汉天琪激光设备制造有限公司,1000,0002845331,60,6.2,在线,759,0,0,759,0
2016/9/26,武汉天琪激光设备制造有限公司,1000,0002845680,1200,6.2,在线,1992,0,636,1068,300
2016/9/27,武汉天琪激光设备制造有限公司,1000,0002845331,60,6.2,在线,796.8,0,0,796.8,0
2016/9/27,武汉天琪激光设备制造有限公司,1000,0002845680,1200,6.2,在线,2124,0,612,1080,420
2016/9/28,武汉天琪激光设备制造有限公司,1000,0002845331,60,6.2,在线,715.8,0,0,715.8,0
2016/9/28,武汉天琪激光设备制造有限公司,1000,0002845680,1200,6.2,在线,1836,0,504,912,420
2016/9/29,武汉天琪激光设备制造有限公司,1000,0002845331,60,6.2,在线,714.6,0,0,714.6,0
2016/9/29,武汉天琪激光设备制造有限公司,1000,0002845680,1200,6.2,在线,1812,0,576,924,312
2016/9/30,武汉天琪激光设备制造有限公司,1000,0002845331,60,6.2,在线,529.8,0,0,529.8,0
2016/9/30,武汉天琪激光设备制造有限公司,1000,0002845680,1200,6.2,在线,1200,0,300,576,324
2016/10/1,武汉天琪激光设备制造有限公司,1000,0002845331,60,6.2,在线,242.4,0,0,242.4,0
2016/10/1,武汉天琪激光设备制造有限公司,1000,0002845680,1200,6.2,在线,408,0,96,168,144
2016/10/2,武汉天琪激光设备制造有限公司,1000,0002845331,60,6.2,在线,219.6,0,0,219.6,0
2016/10/2,武汉天琪激光设备制造有限公司,1000,0002845680,1200,6.2,在线,372,0,96,144,132
2016/10/3,武汉天琪激光设备制造有限公司,1000,0002845331,60,6.2,在线,207.6,0,0,207.6,0
2016/10/3,武汉天琪激光设备制造有限公司,1000,0002845680,1200,6.2,在线,360,0,96,156,108
2016/10/4,武汉天琪激光设备制造有限公司,1000,0002845331,60,6.2,在线,191.4,0,0,191.4,0
2016/10/4,武汉天琪激光设备制造有限公司,1000,0002845680,1200,6.2,在线,396,0,96,180,108
2016/10/5,武汉天琪激光设备制造有限公司,1000,0002845331,60,6.2,在线,288,0,0,288,0
2016/10/5,武汉天琪激光设备制造有限公司,1000,0002845680,1200,6.2,在线,564,0,144,288,144
2016/10/6,武汉天琪激光设备制造有限公司,1000,0002845331,60,6.2,在线,438.6,0,0,438.6,0
2016/10/6,武汉天琪激光设备制造有限公司,1000,0002845680,1200,6.2,在线,1032,0,336,540,144
2016/10/7,武汉天琪激光设备制造有限公司,1000,0002845331,60,6.2,在线,523.8,0,0,523.8,0
2016/10/7,武汉天琪激光设备制造有限公司,1000,0002845680,1200,6.2,在线,1284,0,312,732,240
2016/10/8,武汉天琪激光设备制造有限公司,1000,0002845331,60,6.2,在线,630,0,0,630,0
2016/10/8,武汉天琪激光设备制造有限公司,1000,0002845680,1200,6.2,在线,1596,0,480,888,228
2016/10/9,武汉天琪激光设备制造有限公司,1000,0002845331,60,6.2,在线,627,0,0,627,0
2016/10/9,武汉天琪激光设备制造有限公司,1000,0002845680,1200,6.2,在线,1524,0,456,816,252
2016/10/10,武汉天琪激光设备制造有限公司,1000,0002845331,60,6.2,在线,626.4,0,0,626.4,0
2016/10/10,武汉天琪激光设备制造有限公司,1000,0002845680,1200,6.2,在线,1632,0,516,876,252
2016/10/11,武汉天琪激光设备制造有限公司,1000,0002845331,60,6.2,在线,597,0,0,597,0
2016/10/11,武汉天琪激光设备制造有限公司,1000,0002845680,1200,6.2,在线,1644,0,480,864,288
2016/10/12,武汉天琪激光设备制造有限公司,1000,0002845331,60,6.2,在线,628.8,0,0,628.8,0
2016/10/12,武汉天琪激光设备制造有限公司,1000,0002845680,1200,6.2,在线,1692,0,528,900,288
2016/10/13,武汉天琪激光设备制造有限公司,1000,0002845331,60,6.2,在线,632.4,0,0,632.4,0
2016/10/13,武汉天琪激光设备制造有限公司,1000,0002845680,1200,6.2,在线,1572,0,468,804,288
2016/10/14,武汉天琪激光设备制造有限公司,1000,0002845331,60,6.2,在线,599.4,0,0,599.4,0
2016/10/14,武汉天琪激光设备制造有限公司,1000,0002845680,1200,6.2,在线,1536,0,468,816,252
2016/10/15,武汉天琪激光设备制造有限公司,1000,0002845331,60,6.2,在线,601.8,0,0,601.8,0
2016/10/15,武汉天琪激光设备制造有限公司,1000,0002845680,1200,6.2,在线,1416,0,348,732,336
2016/10/16,武汉天琪激光设备制造有限公司,1000,0002845331,60,6.2,在线,403.2,0,0,403.2,0
2016/10/16,武汉天琪激光设备制造有限公司,1000,0002845680,1200,6.2,在线,648,0,180,252,216
2016/10/17,武汉天琪激光设备制造有限公司,1000,0002845331,60,6.2,在线,538.8,0,0,538.8,0
2016/10/17,武汉天琪激光设备制造有限公司,1000,0002845680,1200,6.2,在线,1416,0,444,816,156
2016/10/18,武汉天琪激光设备制造有限公司,1000,0002845331,60,6.2,在线,574.8,0,0,574.8,0
2016/10/18,武汉天琪激光设备制造有限公司,1000,0002845680,1200,6.2,在线,1572,0,480,792,300
2016/10/19,武汉天琪激光设备制造有限公司,1000,0002845331,60,6.2,在线,628.2,0,0,628.2,0
2016/10/19,武汉天琪激光设备制造有限公司,1000,0002845680,1200,6.2,在线,1644,0,504,864,276
2016/10/20,武汉天琪激光设备制造有限公司,1000,0002845331,60,6.2,在线,666.6,0,0,666.6,0
2016/10/20,武汉天琪激光设备制造有限公司,1000,0002845680,1200,6.2,在线,1572,0,432,816,324
2016/10/21,武汉天琪激光设备制造有限公司,1000,0002845331,60,6.2,在线,622.8,0,0,622.8,0
2016/10/21,武汉天琪激光设备制造有限公司,1000,0002845680,1200,6.2,在线,1680,0,480,876,324
2016/10/22,武汉天琪激光设备制造有限公司,1000,0002845331,60,6.2,在线,558.6,0,0,558.6,0
2016/10/22,武汉天琪激光设备制造有限公司,1000,0002845680,1200,6.2,在线,1356,0,372,720,264
2016/10/23,武汉天琪激光设备制造有限公司,1000,0002845331,60,6.2,在线,498.6,0,0,498.6,0
2016/10/23,武汉天琪激光设备制造有限公司,1000,0002845680,1200,6.2,在线,732,0,180,324,228
2016/10/24,武汉天琪激光设备制造有限公司,1000,0002845331,60,6.2,在线,619.8,0,0,619.8,0
2016/10/24,武汉天琪激光设备制造有限公司,1000,0002845680,1200,6.2,在线,1392,0,468,756,168
2016/10/25,武汉天琪激光设备制造有限公司,1000,0002845331,60,6.2,在线,681,0,0,681,0
2016/10/25,武汉天琪激光设备制造有限公司,1000,0002845680,1200,6.2,在线,1608,0,492,852,264
2016/10/26,武汉天琪激光设备制造有限公司,1000,0002845331,60,6.2,在线,756,0,0,756,0
2016/10/26,武汉天琪激光设备制造有限公司,1000,0002845680,1200,6.2,在线,1740,0,540,984,216
2016/10/27,武汉天琪激光设备制造有限公司,1000,0002845331,60,6.2,在线,651,0,0,651,0
2016/10/27,武汉天琪激光设备制造有限公司,1000,0002845680,1200,6.2,在线,1656,0,516,876,252
2016/10/28,武汉天琪激光设备制造有限公司,1000,0002845331,60,6.2,在线,735.6,0,0,735.6,0
2016/10/28,武汉天琪激光设备制造有限公司,1000,0002845680,1200,6.2,在线,1644,0,528,864,264
2016/10/29,武汉天琪激光设备制造有限公司,1000,0002845331,60,6.2,在线,760.2,0,0,760.2,0
2016/10/29,武汉天琪激光设备制造有限公司,1000,0002845680,1200,6.2,在线,1500,0,396,816,288
2016/10/30,武汉天琪激光设备制造有限公司,1000,0002845331,60,6.2,在线,629.4,0,0,629.4,0
2016/10/30,武汉天琪激光设备制造有限公司,1000,0002845680,1200,6.2,在线,900,0,276,384,240
2016/10/31,武汉天琪激光设备制造有限公司,1000,0002845331,60,6.2,在线,717.6,0,0,717.6,0
2016/10/31,武汉天琪激光设备制造有限公司,1000,0002845680,1200,6.2,在线,1548,0,480,840,228
2016/11/1,武汉天琪激光设备制造有限公司,1000,0002845331,60,6.2,在线,827.4,0,0,827.4,0
2016/11/1,武汉天琪激光设备制造有限公司,1000,0002845680,1200,6.2,在线,1812,0,588,852,360
2016/11/2,武汉天琪激光设备制造有限公司,1000,0002845331,60,6.2,在线,883.2,0,0,883.2,0
2016/11/2,武汉天琪激光设备制造有限公司,1000,0002845680,1200,6.2,在线,2076,0,636,1056,408
2016/11/3,武汉天琪激光设备制造有限公司,1000,0002845331,60,6.2,在线,882.6,0,0,882.6,0
2016/11/3,武汉天琪激光设备制造有限公司,1000,0002845680,1200,6.2,在线,1872,0,540,924,396
2016/11/4,武汉天琪激光设备制造有限公司,1000,0002845331,60,6.2,在线,777.6,0,0,777.6,0
2016/11/4,武汉天琪激光设备制造有限公司,1000,0002845680,1200,6.2,在线,1860,0,576,900,384
2016/11/5,武汉天琪激光设备制造有限公司,1000,0002845331,60,6.2,在线,637.8,0,0,637.8,0
2016/11/5,武汉天琪激光设备制造有限公司,1000,0002845680,1200,6.2,在线,1248,0,384,516,360
2016/11/6,武汉天琪激光设备制造有限公司,1000,0002845331,60,6.2,在线,470.4,0,0,470.4,0
2016/11/6,武汉天琪激光设备制造有限公司,1000,0002845680,1200,6.2,在线,804,0,216,324,252
2016/11/7,武汉天琪激光设备制造有限公司,1000,0002845331,60,6.2,在线,680.4,0,0,680.4,0
2016/11/7,武汉天琪激光设备制造有限公司,1000,0002845680,1200,6.2,在线,1644,0,516,888,240
2016/11/8,武汉天琪激光设备制造有限公司,1000,0002845331,60,6.2,在线,819,0,0,819,0
2016/11/8,武汉天琪激光设备制造有限公司,1000,0002845680,1200,6.2,在线,1788,0,576,924,288
2016/11/9,武汉天琪激光设备制造有限公司,1000,0002845331,60,6.2,在线,862.2,0,0,862.2,0
2016/11/9,武汉天琪激光设备制造有限公司,1000,0002845680,1200,6.2,在线,1860,0,564,960,336
2016/11/10,武汉天琪激光设备制造有限公司,1000,0002845331,60,6.2,在线,841.2,0,0,841.2,0
2016/11/10,武汉天琪激光设备制造有限公司,1000,0002845680,1200,6.2,在线,1968,0,624,936,408
2016/11/11,武汉天琪激光设备制造有限公司,1000,0002845331,60,6.2,在线,810.6,0,0,810.6,0
2016/11/11,武汉天琪激光设备制造有限公司,1000,0002845680,1200,6.2,在线,2004,0,588,972,444
2016/11/12,武汉天琪激光设备制造有限公司,1000,0002845331,60,6.2,在线,686.4,0,0,686.4,0
2016/11/12,武汉天琪激光设备制造有限公司,1000,0002845680,1200,6.2,在线,1752,0,468,864,420
2016/11/13,武汉天琪激光设备制造有限公司,1000,0002845331,60,6.2,在线,544.8,0,0,544.8,0
2016/11/13,武汉天琪激光设备制造有限公司,1000,0002845680,1200,6.2,在线,948,0,288,396,264
2016/11/14,武汉天琪激光设备制造有限公司,1000,0002845331,60,6.2,在线,678.6,0,0,678.6,0
2016/11/14,武汉天琪激光设备制造有限公司,1000,0002845680,1200,6.2,在线,1800,0,600,924,276
2016/11/15,武汉天琪激光设备制造有限公司,1000,0002845331,60,6.2,在线,708,0,0,708,0
2016/11/15,武汉天琪激光设备制造有限公司,1000,0002845680,1200,6.2,在线,1992,0,612,972,408
2016/11/16,武汉天琪激光设备制造有限公司,1000,0002845331,60,6.2,在线,726.6,0,0,726.6,0
2016/11/16,武汉天琪激光设备制造有限公司,1000,0002845680,1200,6.2,在线,1884,0,576,960,360
2016/11/17,武汉天琪激光设备制造有限公司,1000,0002845331,60,6.2,在线,722.4,0,0,722.4,0
2016/11/17,武汉天琪激光设备制造有限公司,1000,0002845680,1200,6.2,在线,1776,0,516,900,336
2016/11/18,武汉天琪激光设备制造有限公司,1000,0002845331,60,6.2,在线,712.2,0,0,712.2,0
2016/11/18,武汉天琪激光设备制造有限公司,1000,0002845680,1200,6.2,在线,1764,0,516,912,348
2016/11/19,武汉天琪激光设备制造有限公司,1000,0002845331,60,6.2,在线,614.4,0,0,614.4,0
2016/11/19,武汉天琪激光设备制造有限公司,1000,0002845680,1200,6.2,在线,1524,0,396,768,348
2016/11/20,武汉天琪激光设备制造有限公司,1000,0002845331,60,6.2,在线,443.4,0,0,443.4,0
2016/11/20,武汉天琪激光设备制造有限公司,1000,0002845680,1200,6.2,在线,828,0,228,372,252
2016/11/21,武汉天琪激光设备制造有限公司,1000,0002845331,60,6.2,在线,652.8,0,0,652.8,0
2016/11/21,武汉天琪激光设备制造有限公司,1000,0002845680,1200,6.2,在线,1716,0,540,936,228
2016/11/22,武汉天琪激光设备制造有限公司,1000,0002845331,60,6.2,在线,993,0,0,993,0
2016/11/22,武汉天琪激光设备制造有限公司,1000,0002845680,1200,6.2,在线,2160,0,696,1092,372
2016/11/23,武汉天琪激光设备制造有限公司,1000,0002845331,60,6.2,在线,1464,0,0,1464,0
2016/11/23,武汉天琪激光设备制造有限公司,1000,0002845680,1200,6.2,在线,2868,0,912,1404,552
2016/11/24,武汉天琪激光设备制造有限公司,1000,0002845331,60,6.2,在线,1434,0,0,1434,0
2016/11/24,武汉天琪激光设备制造有限公司,1000,0002845680,1200,6.2,在线,2916,0,828,1356,732
2016/11/25,武汉天琪激光设备制造有限公司,1000,0002845331,60,6.2,在线,1499.4,0,0,1499.4,0
2016/11/25,武汉天琪激光设备制造有限公司,1000,0002845680,1200,6.2,在线,2892,0,876,1332,684
2016/11/26,武汉天琪激光设备制造有限公司,1000,0002845331,60,6.2,在线,1135.2,0,0,1135.2,0
2016/11/26,武汉天琪激光设备制造有限公司,1000,0002845680,1200,6.2,在线,2208,0,600,1020,600
2016/11/27,武汉天琪激光设备制造有限公司,1000,0002845331,60,6.2,在线,862.2,0,0,862.2,0
2016/11/27,武汉天琪激光设备制造有限公司,1000,0002845680,1200,6.2,在线,1356,0,360,516,468
2016/11/28,武汉天琪激光设备制造有限公司,1000,0002845331,60,6.2,在线,999.6,0,0,999.6,0
2016/11/28,武汉天琪激光设备制造有限公司,1000,0002845680,1200,6.2,在线,2064,0,672,996,384
2016/11/29,武汉天琪激光设备制造有限公司,1000,0002845331,60,6.2,在线,1080,0,0,1080,0
2016/11/29,武汉天琪激光设备制造有限公司,1000,0002845680,1200,6.2,在线,2388,0,720,1164,516
