数据日期,用户名称,运行容量,计量方式,电能表号,综合倍率,当日最大需量,发生时间,表位数,在线情况
2015-03-29,武汉天琪激光设备制造有限公司,1000,高供高计,0002845680,1200,0,12:00,6.2,在线
2015-03-30,武汉天琪激光设备制造有限公司,1000,高供高计,0002845680,1200,0.1163,3:14,6.2,在线
2015-03-31,武汉天琪激光设备制造有限公司,1000,高供高计,0002845680,1200,0.1163,3:14,6.2,在线
2015-04-01,武汉天琪激光设备制造有限公司,1000,高供高计,0002845680,1200,0.1163,3:14,6.2,在线
2015-04-02,武汉天琪激光设备制造有限公司,1000,高供高计,0002845680,1200,0.1192,11:41,6.2,在线
2015-04-03,武汉天琪激光设备制造有限公司,1000,高供高计,0002845680,1200,0.1192,11:41,6.2,在线
2015-04-04,武汉天琪激光设备制造有限公司,1000,高供高计,0002845680,1200,0.1192,11:41,6.2,在线
2015-04-05,武汉天琪激光设备制造有限公司,1000,高供高计,0002845680,1200,0.1192,11:41,6.2,在线
2015-04-06,武汉天琪激光设备制造有限公司,1000,高供高计,0002845680,1200,0.1192,11:41,6.2,在线
2015-04-07,武汉天琪激光设备制造有限公司,1000,高供高计,0002845680,1200,0.1192,11:41,6.2,在线
2015-04-08,武汉天琪激光设备制造有限公司,1000,高供高计,0002845680,1200,0.1194,3:53,6.2,在线
2015-04-09,武汉天琪激光设备制造有限公司,1000,高供高计,0002845680,1200,0.1194,3:53,6.2,在线
2015-04-10,武汉天琪激光设备制造有限公司,1000,高供高计,0002845680,1200,0.1194,3:53,6.2,在线
2015-04-11,武汉天琪激光设备制造有限公司,1000,高供高计,0002845680,1200,0.1194,3:53,6.2,在线
2015-04-12,武汉天琪激光设备制造有限公司,1000,高供高计,0002845680,1200,0.1194,3:53,6.2,在线
2015-04-13,武汉天琪激光设备制造有限公司,1000,高供高计,0002845680,1200,0.1194,3:53,6.2,在线
2015-04-14,武汉天琪激光设备制造有限公司,1000,高供高计,0002845680,1200,0.1194,3:53,6.2,在线
2015-04-15,武汉天琪激光设备制造有限公司,1000,高供高计,0002845680,1200,0.1194,3:53,6.2,在线
2015-04-16,武汉天琪激光设备制造有限公司,1000,高供高计,0002845680,1200,0.1194,3:53,6.2,在线
2015-04-17,武汉天琪激光设备制造有限公司,1000,高供高计,0002845680,1200,0.1194,3:53,6.2,在线
2015-04-18,武汉天琪激光设备制造有限公司,1000,高供高计,0002845680,1200,0.1194,3:53,6.2,在线
2015-04-19,武汉天琪激光设备制造有限公司,1000,高供高计,0002845680,1200,0.1194,3:53,6.2,在线
2015-04-20,武汉天琪激光设备制造有限公司,1000,高供高计,0002845680,1200,0.1194,3:53,6.2,在线
2015-04-21,武汉天琪激光设备制造有限公司,1000,高供高计,0002845680,1200,0.1243,10:32,6.2,在线
2015-04-22,武汉天琪激光设备制造有限公司,1000,高供高计,0002845680,1200,0.1243,10:32,6.2,在线
2015-04-23,武汉天琪激光设备制造有限公司,1000,高供高计,0002845680,1200,0.1243,10:32,6.2,在线
2015-04-24,武汉天琪激光设备制造有限公司,1000,高供高计,0002845680,1200,0.1133,9:26,6.2,在线
2015-04-25,武汉天琪激光设备制造有限公司,1000,高供高计,0002845680,1200,0.1133,9:26,6.2,在线
2015-04-26,武汉天琪激光设备制造有限公司,1000,高供高计,0002845680,1200,0.1133,9:26,6.2,在线
2015-04-27,武汉天琪激光设备制造有限公司,1000,高供高计,0002845680,1200,0.1133,9:26,6.2,在线
2015-04-28,武汉天琪激光设备制造有限公司,1000,高供高计,0002845680,1200,0.1133,9:26,6.2,在线
2015-04-29,武汉天琪激光设备制造有限公司,1000,高供高计,0002845680,1200,0.1133,9:26,6.2,在线
2015-04-30,武汉天琪激光设备制造有限公司,1000,高供高计,0002845680,1200,0.1133,9:26,6.2,在线
2015-05-01,武汉天琪激光设备制造有限公司,1000,高供高计,0002845680,1200,0.1133,9:26,6.2,在线
2015-05-02,武汉天琪激光设备制造有限公司,1000,高供高计,0002845680,1200,0.1133,9:26,6.2,在线
2015-05-03,武汉天琪激光设备制造有限公司,1000,高供高计,0002845680,1200,0.1133,9:26,6.2,在线
2015-05-04,武汉天琪激光设备制造有限公司,1000,高供高计,0002845680,1200,0.1133,9:26,6.2,在线
2015-05-05,武汉天琪激光设备制造有限公司,1000,高供高计,0002845680,1200,0.1133,9:26,6.2,在线
2015-05-06,武汉天琪激光设备制造有限公司,1000,高供高计,0002845680,1200,0.1133,9:26,6.2,在线
2015-05-07,武汉天琪激光设备制造有限公司,1000,高供高计,0002845680,1200,0.1133,9:26,6.2,在线
2015-05-08,武汉天琪激光设备制造有限公司,1000,高供高计,0002845680,1200,0.1133,9:26,6.2,在线
2015-05-09,武汉天琪激光设备制造有限公司,1000,高供高计,0002845680,1200,0.1133,9:26,6.2,在线
2015-05-10,武汉天琪激光设备制造有限公司,1000,高供高计,0002845680,1200,0.1133,9:26,6.2,在线
2015-05-11,武汉天琪激光设备制造有限公司,1000,高供高计,0002845680,1200,0.1133,9:26,6.2,在线
2015-05-12,武汉天琪激光设备制造有限公司,1000,高供高计,0002845680,1200,0.1133,9:26,6.2,在线
2015-05-13,武汉天琪激光设备制造有限公司,1000,高供高计,0002845680,1200,0.1133,9:26,6.2,在线
2015-05-14,武汉天琪激光设备制造有限公司,1000,高供高计,0002845680,1200,0.1133,9:26,6.2,在线
2015-05-15,武汉天琪激光设备制造有限公司,1000,高供高计,0002845680,1200,0.1133,9:26,6.2,在线
2015-05-16,武汉天琪激光设备制造有限公司,1000,高供高计,0002845680,1200,0.1133,9:26,6.2,在线
2015-05-17,武汉天琪激光设备制造有限公司,1000,高供高计,0002845680,1200,0.1133,9:26,6.2,在线
2015-05-18,武汉天琪激光设备制造有限公司,1000,高供高计,0002845680,1200,0.1133,9:26,6.2,在线
2015-05-19,武汉天琪激光设备制造有限公司,1000,高供高计,0002845680,1200,0.1133,9:26,6.2,在线
2015-05-20,武汉天琪激光设备制造有限公司,1000,高供高计,0002845680,1200,0.1133,9:26,6.2,在线
2015-05-21,武汉天琪激光设备制造有限公司,1000,高供高计,0002845680,1200,0.1133,9:26,6.2,在线
2015-05-22,武汉天琪激光设备制造有限公司,1000,高供高计,0002845680,1200,0.1133,9:26,6.2,在线
2015-05-23,武汉天琪激光设备制造有限公司,1000,高供高计,0002845680,1200,0.1133,9:26,6.2,在线
2015-05-24,武汉天琪激光设备制造有限公司,1000,高供高计,0002845680,1200,0.0459,10:39,6.2,在线
2015-05-25,武汉天琪激光设备制造有限公司,1000,高供高计,0002845680,1200,0.0857,3:06,6.2,在线
2015-05-26,武汉天琪激光设备制造有限公司,1000,高供高计,0002845680,1200,0.1221,2:40,6.2,在线
2015-05-27,武汉天琪激光设备制造有限公司,1000,高供高计,0002845680,1200,0.1221,2:40,6.2,在线
2015-05-28,武汉天琪激光设备制造有限公司,1000,高供高计,0002845680,1200,0.1221,2:40,6.2,在线
2015-05-29,武汉天琪激光设备制造有限公司,1000,高供高计,0002845680,1200,0.1221,2:40,6.2,在线
2015-05-30,武汉天琪激光设备制造有限公司,1000,高供高计,0002845680,1200,0.1221,2:40,6.2,在线
2015-05-31,武汉天琪激光设备制造有限公司,1000,高供高计,0002845680,1200,0.1221,2:40,6.2,在线
2015-06-01,武汉天琪激光设备制造有限公司,1000,高供高计,0002845680,1200,0.1221,2:40,6.2,在线
2015-06-02,武汉天琪激光设备制造有限公司,1000,高供高计,0002845680,1200,0.1221,2:40,6.2,在线
2015-06-03,武汉天琪激光设备制造有限公司,1000,高供高计,0002845680,1200,0.1221,2:40,6.2,在线
2015-06-04,武汉天琪激光设备制造有限公司,1000,高供高计,0002845680,1200,0.1221,2:40,6.2,在线
2015-06-05,武汉天琪激光设备制造有限公司,1000,高供高计,0002845680,1200,0.1221,2:40,6.2,在线
2015-06-06,武汉天琪激光设备制造有限公司,1000,高供高计,0002845680,1200,0.1221,2:40,6.2,在线
2015-06-07,武汉天琪激光设备制造有限公司,1000,高供高计,0002845680,1200,0.1221,2:40,6.2,在线
2015-06-08,武汉天琪激光设备制造有限公司,1000,高供高计,0002845680,1200,0.1221,2:40,6.2,在线
2015-06-09,武汉天琪激光设备制造有限公司,1000,高供高计,0002845680,1200,0.1221,2:40,6.2,在线
2015-06-10,武汉天琪激光设备制造有限公司,1000,高供高计,0002845680,1200,0.1221,2:40,6.2,在线
2015-06-11,武汉天琪激光设备制造有限公司,1000,高供高计,0002845680,1200,0.1221,2:40,6.2,在线
2015-06-12,武汉天琪激光设备制造有限公司,1000,高供高计,0002845680,1200,0.1221,2:40,6.2,在线
2015-06-13,武汉天琪激光设备制造有限公司,1000,高供高计,0002845680,1200,0.1221,2:40,6.2,在线
2015-06-14,武汉天琪激光设备制造有限公司,1000,高供高计,0002845680,1200,0.1221,2:40,6.2,在线
2015-06-15,武汉天琪激光设备制造有限公司,1000,高供高计,0002845680,1200,0.1221,2:40,6.2,在线
2015-06-16,武汉天琪激光设备制造有限公司,1000,高供高计,0002845680,1200,0.1221,2:40,6.2,在线
2015-06-17,武汉天琪激光设备制造有限公司,1000,高供高计,0002845680,1200,0.1221,2:40,6.2,在线
2015-06-18,武汉天琪激光设备制造有限公司,1000,高供高计,0002845680,1200,0.1221,2:40,6.2,在线
2015-06-19,武汉天琪激光设备制造有限公司,1000,高供高计,0002845680,1200,0.1221,2:40,6.2,在线
2015-06-20,武汉天琪激光设备制造有限公司,1000,高供高计,0002845680,1200,0.1221,2:40,6.2,在线
2015-06-21,武汉天琪激光设备制造有限公司,1000,高供高计,0002845680,1200,0.1221,2:40,6.2,在线
2015-06-22,武汉天琪激光设备制造有限公司,1000,高供高计,0002845680,1200,0.1221,2:40,6.2,在线
2015-06-23,武汉天琪激光设备制造有限公司,1000,高供高计,0002845680,1200,0.1221,2:40,6.2,在线
2015-06-24,武汉天琪激光设备制造有限公司,1000,高供高计,0002845680,1200,0.1061,3:45,6.2,在线
2015-06-25,武汉天琪激光设备制造有限公司,1000,高供高计,0002845680,1200,0.1116,1:23,6.2,在线
2015-06-26,武汉天琪激光设备制造有限公司,1000,高供高计,0002845680,1200,0.1174,2:52,6.2,在线
2015-06-27,武汉天琪激光设备制造有限公司,1000,高供高计,0002845680,1200,0.1174,2:52,6.2,在线
2015-06-28,武汉天琪激光设备制造有限公司,1000,高供高计,0002845680,1200,0.1174,2:52,6.2,在线
2015-06-29,武汉天琪激光设备制造有限公司,1000,高供高计,0002845680,1200,0.1193,3:40,6.2,在线
2015-06-30,武汉天琪激光设备制造有限公司,1000,高供高计,0002845680,1200,0.1193,3:40,6.2,在线
2015-07-01,武汉天琪激光设备制造有限公司,1000,高供高计,0002845680,1200,0.1193,3:40,6.2,在线
2015-07-02,武汉天琪激光设备制造有限公司,1000,高供高计,0002845680,1200,0.1193,3:40,6.2,在线
2015-07-03,武汉天琪激光设备制造有限公司,1000,高供高计,0002845680,1200,0.1193,3:40,6.2,在线
2015-07-04,武汉天琪激光设备制造有限公司,1000,高供高计,0002845680,1200,0.1193,3:40,6.2,在线
2015-07-05,武汉天琪激光设备制造有限公司,1000,高供高计,0002845680,1200,0.1193,3:40,6.2,在线
2015-07-06,武汉天琪激光设备制造有限公司,1000,高供高计,0002845680,1200,0.1193,3:40,6.2,在线
2015-07-07,武汉天琪激光设备制造有限公司,1000,高供高计,0002845680,1200,0.1193,3:40,6.2,在线
2015-07-08,武汉天琪激光设备制造有限公司,1000,高供高计,0002845680,1200,0.1193,3:40,6.2,在线
2015-07-09,武汉天琪激光设备制造有限公司,1000,高供高计,0002845680,1200,0.1193,3:40,6.2,在线
2015-07-10,武汉天琪激光设备制造有限公司,1000,高供高计,0002845680,1200,0.1193,3:40,6.2,在线
2015-07-11,武汉天琪激光设备制造有限公司,1000,高供高计,0002845680,1200,0.1193,3:40,6.2,在线
2015-07-12,武汉天琪激光设备制造有限公司,1000,高供高计,0002845680,1200,0.1193,3:40,6.2,在线
2015-07-13,武汉天琪激光设备制造有限公司,1000,高供高计,0002845680,1200,0.1193,3:40,6.2,在线
2015-07-14,武汉天琪激光设备制造有限公司,1000,高供高计,0002845680,1200,0.1194,4:26,6.2,在线
2015-07-15,武汉天琪激光设备制造有限公司,1000,高供高计,0002845680,1200,0.124,9:26,6.2,在线
2015-07-16,武汉天琪激光设备制造有限公司,1000,高供高计,0002845680,1200,0.124,9:26,6.2,在线
2015-07-17,武汉天琪激光设备制造有限公司,1000,高供高计,0002845680,1200,0.124,9:26,6.2,在线
2015-07-18,武汉天琪激光设备制造有限公司,1000,高供高计,0002845680,1200,0.124,9:26,6.2,在线
2015-07-19,武汉天琪激光设备制造有限公司,1000,高供高计,0002845680,1200,0.124,9:26,6.2,在线
2015-07-20,武汉天琪激光设备制造有限公司,1000,高供高计,0002845680,1200,0.124,9:26,6.2,在线
2015-07-21,武汉天琪激光设备制造有限公司,1000,高供高计,0002845680,1200,0.124,9:26,6.2,在线
2015-07-22,武汉天琪激光设备制造有限公司,1000,高供高计,0002845680,1200,0.124,9:26,6.2,在线
2015-07-23,武汉天琪激光设备制造有限公司,1000,高供高计,0002845680,1200,0.124,9:26,6.2,在线
2015-07-24,武汉天琪激光设备制造有限公司,1000,高供高计,0002845680,1200,0.0977,3:54,6.2,在线
2015-07-25,武汉天琪激光设备制造有限公司,1000,高供高计,0002845680,1200,0.1065,10:21,6.2,在线
2015-07-26,武汉天琪激光设备制造有限公司,1000,高供高计,0002845680,1200,0.1065,10:21,6.2,在线
2015-07-27,武汉天琪激光设备制造有限公司,1000,高供高计,0002845680,1200,0.1065,10:21,6.2,在线
2015-07-28,武汉天琪激光设备制造有限公司,1000,高供高计,0002845680,1200,0.1206,2:54,6.2,在线
2015-07-29,武汉天琪激光设备制造有限公司,1000,高供高计,0002845680,1200,0.1206,2:54,6.2,在线
2015-07-30,武汉天琪激光设备制造有限公司,1000,高供高计,0002845680,1200,0.1206,2:54,6.2,在线
2015-07-31,武汉天琪激光设备制造有限公司,1000,高供高计,0002845680,1200,0.1206,2:54,6.2,在线
2015-08-01,武汉天琪激光设备制造有限公司,1000,高供高计,0002845680,1200,0.1206,2:54,6.2,在线
2015-08-02,武汉天琪激光设备制造有限公司,1000,高供高计,0002845680,1200,0.1206,2:54,6.2,在线
2015-08-03,武汉天琪激光设备制造有限公司,1000,高供高计,0002845680,1200,0.1206,2:54,6.2,在线
2015-08-04,武汉天琪激光设备制造有限公司,1000,高供高计,0002845680,1200,0.1206,2:54,6.2,在线
2015-08-05,武汉天琪激光设备制造有限公司,1000,高供高计,0002845680,1200,0.1249,3:37,6.2,在线
2015-08-06,武汉天琪激光设备制造有限公司,1000,高供高计,0002845680,1200,0.1249,3:37,6.2,在线
2015-08-07,武汉天琪激光设备制造有限公司,1000,高供高计,0002845680,1200,0.1373,3:09,6.2,在线
2015-08-08,武汉天琪激光设备制造有限公司,1000,高供高计,0002845680,1200,0.1373,3:09,6.2,在线
2015-08-09,武汉天琪激光设备制造有限公司,1000,高供高计,0002845680,1200,0.1373,3:09,6.2,在线
2015-08-10,武汉天琪激光设备制造有限公司,1000,高供高计,0002845680,1200,0.1373,3:09,6.2,在线
2015-08-11,武汉天琪激光设备制造有限公司,1000,高供高计,0002845680,1200,0.1373,3:09,6.2,在线
2015-08-12,武汉天琪激光设备制造有限公司,1000,高供高计,0002845680,1200,0.1373,3:09,6.2,在线
2015-08-13,武汉天琪激光设备制造有限公司,1000,高供高计,0002845680,1200,0.1373,3:09,6.2,在线
2015-08-14,武汉天琪激光设备制造有限公司,1000,高供高计,0002845680,1200,0.1373,3:09,6.2,在线
2015-08-15,武汉天琪激光设备制造有限公司,1000,高供高计,0002845680,1200,0.1373,3:09,6.2,在线
2015-08-16,武汉天琪激光设备制造有限公司,1000,高供高计,0002845680,1200,0.1373,3:09,6.2,在线
2015-08-17,武汉天琪激光设备制造有限公司,1000,高供高计,0002845680,1200,0.1373,3:09,6.2,在线
2015-08-18,武汉天琪激光设备制造有限公司,1000,高供高计,0002845680,1200,0.1373,3:09,6.2,在线
2015-08-19,武汉天琪激光设备制造有限公司,1000,高供高计,0002845680,1200,0.1373,3:09,6.2,在线
2015-08-20,武汉天琪激光设备制造有限公司,1000,高供高计,0002845680,1200,0.1373,3:09,6.2,在线
2015-08-21,武汉天琪激光设备制造有限公司,1000,高供高计,0002845680,1200,0.1373,3:09,6.2,在线
2015-08-22,武汉天琪激光设备制造有限公司,1000,高供高计,0002845680,1200,0.1373,3:09,6.2,在线
2015-08-23,武汉天琪激光设备制造有限公司,1000,高供高计,0002845680,1200,0.1373,3:09,6.2,在线
2015-08-24,武汉天琪激光设备制造有限公司,1000,高供高计,0002845680,1200,0.103,10:13,6.2,在线
2015-08-25,武汉天琪激光设备制造有限公司,1000,高供高计,0002845680,1200,0.1194,10:59,6.2,在线
2015-08-26,武汉天琪激光设备制造有限公司,1000,高供高计,0002845680,1200,0.1194,10:59,6.2,在线
2015-08-27,武汉天琪激光设备制造有限公司,1000,高供高计,0002845680,1200,0.1194,10:59,6.2,在线
2015-08-28,武汉天琪激光设备制造有限公司,1000,高供高计,0002845680,1200,0.1194,10:59,6.2,在线
2015-08-29,武汉天琪激光设备制造有限公司,1000,高供高计,0002845680,1200,0.1194,10:59,6.2,在线
2015-08-30,武汉天琪激光设备制造有限公司,1000,高供高计,0002845680,1200,0.1194,10:59,6.2,在线
2015-08-31,武汉天琪激光设备制造有限公司,1000,高供高计,0002845680,1200,0.1194,10:59,6.2,在线
2015-09-01,武汉天琪激光设备制造有限公司,1000,高供高计,0002845680,1200,0.1203,4:03,6.2,在线
2015-09-02,武汉天琪激光设备制造有限公司,1000,高供高计,0002845680,1200,0.1346,3:28,6.2,在线
2015-09-03,武汉天琪激光设备制造有限公司,1000,高供高计,0002845680,1200,0.1346,3:28,6.2,在线
2015-09-04,武汉天琪激光设备制造有限公司,1000,高供高计,0002845680,1200,0.1346,3:28,6.2,在线
2015-09-05,武汉天琪激光设备制造有限公司,1000,高供高计,0002845680,1200,0.1346,3:28,6.2,在线
2015-09-06,武汉天琪激光设备制造有限公司,1000,高供高计,0002845680,1200,0.1346,3:28,6.2,在线
2015-09-07,武汉天琪激光设备制造有限公司,1000,高供高计,0002845680,1200,0.1346,3:28,6.2,在线
2015-09-08,武汉天琪激光设备制造有限公司,1000,高供高计,0002845680,1200,0.1346,3:28,6.2,在线
2015-09-09,武汉天琪激光设备制造有限公司,1000,高供高计,0002845680,1200,0.1346,3:28,6.2,在线
2015-09-10,武汉天琪激光设备制造有限公司,1000,高供高计,0002845680,1200,0.1346,3:28,6.2,在线
2015-09-11,武汉天琪激光设备制造有限公司,1000,高供高计,0002845680,1200,0.1346,3:28,6.2,在线
2015-09-12,武汉天琪激光设备制造有限公司,1000,高供高计,0002845680,1200,0.1346,3:28,6.2,在线
2015-09-13,武汉天琪激光设备制造有限公司,1000,高供高计,0002845680,1200,0.1346,3:28,6.2,在线
2015-09-14,武汉天琪激光设备制造有限公司,1000,高供高计,0002845680,1200,0.1346,3:28,6.2,在线
2015-09-15,武汉天琪激光设备制造有限公司,1000,高供高计,0002845680,1200,0.1346,3:28,6.2,在线
2015-09-16,武汉天琪激光设备制造有限公司,1000,高供高计,0002845680,1200,0.1346,3:28,6.2,在线
2015-09-17,武汉天琪激光设备制造有限公司,1000,高供高计,0002845680,1200,0.1346,3:28,6.2,在线
2015-09-18,武汉天琪激光设备制造有限公司,1000,高供高计,0002845680,1200,0.1346,3:28,6.2,在线
2015-09-19,武汉天琪激光设备制造有限公司,1000,高供高计,0002845680,1200,0.1346,3:28,6.2,在线
2015-09-20,武汉天琪激光设备制造有限公司,1000,高供高计,0002845680,1200,0.1346,3:28,6.2,在线
2015-09-21,武汉天琪激光设备制造有限公司,1000,高供高计,0002845680,1200,0.1346,3:28,6.2,在线
2015-09-22,武汉天琪激光设备制造有限公司,1000,高供高计,0002845680,1200,0.1346,3:28,6.2,在线
2015-09-23,武汉天琪激光设备制造有限公司,1000,高供高计,0002845680,1200,0.1346,3:28,6.2,在线
2015-09-24,武汉天琪激光设备制造有限公司,1000,高供高计,0002845680,1200,0.1061,3:08,6.2,在线
2015-09-25,武汉天琪激光设备制造有限公司,1000,高供高计,0002845680,1200,0.1061,3:08,6.2,在线
2015-09-26,武汉天琪激光设备制造有限公司,1000,高供高计,0002845680,1200,0.1061,3:08,6.2,在线
2015-09-27,武汉天琪激光设备制造有限公司,1000,高供高计,0002845680,1200,0.1061,3:08,6.2,在线
2015-09-28,武汉天琪激光设备制造有限公司,1000,高供高计,0002845680,1200,0.1061,3:08,6.2,在线
2015-09-29,武汉天琪激光设备制造有限公司,1000,高供高计,0002845680,1200,0.1061,3:08,6.2,在线
2015-09-30,武汉天琪激光设备制造有限公司,1000,高供高计,0002845680,1200,0.1061,3:08,6.2,在线
2015-10-01,武汉天琪激光设备制造有限公司,1000,高供高计,0002845680,1200,0.1061,3:08,6.2,在线
2015-10-02,武汉天琪激光设备制造有限公司,1000,高供高计,0002845680,1200,0.1061,3:08,6.2,在线
2015-10-03,武汉天琪激光设备制造有限公司,1000,高供高计,0002845680,1200,0.1061,3:08,6.2,在线
2015-10-04,武汉天琪激光设备制造有限公司,1000,高供高计,0002845680,1200,0.1061,3:08,6.2,在线
2015-10-05,武汉天琪激光设备制造有限公司,1000,高供高计,0002845680,1200,0.1061,3:08,6.2,在线
2015-10-06,武汉天琪激光设备制造有限公司,1000,高供高计,0002845680,1200,0.1061,3:08,6.2,在线
2015-10-07,武汉天琪激光设备制造有限公司,1000,高供高计,0002845680,1200,0.1061,3:08,6.2,在线
2015-10-08,武汉天琪激光设备制造有限公司,1000,高供高计,0002845680,1200,0.1061,3:08,6.2,在线
2015-10-09,武汉天琪激光设备制造有限公司,1000,高供高计,0002845680,1200,0.1061,3:08,6.2,在线
2015-10-10,武汉天琪激光设备制造有限公司,1000,高供高计,0002845680,1200,0.1061,3:08,6.2,在线
2015-10-11,武汉天琪激光设备制造有限公司,1000,高供高计,0002845680,1200,0.1061,3:08,6.2,在线
2015-10-12,武汉天琪激光设备制造有限公司,1000,高供高计,0002845680,1200,0.109,3:24,6.2,在线
2015-10-13,武汉天琪激光设备制造有限公司,1000,高供高计,0002845680,1200,0.1105,9:47,6.2,在线
2015-10-14,武汉天琪激光设备制造有限公司,1000,高供高计,0002845680,1200,0.1105,9:47,6.2,在线
2015-10-15,武汉天琪激光设备制造有限公司,1000,高供高计,0002845680,1200,0.1105,9:47,6.2,在线
2015-10-16,武汉天琪激光设备制造有限公司,1000,高供高计,0002845680,1200,0.1105,9:47,6.2,在线
2015-10-17,武汉天琪激光设备制造有限公司,1000,高供高计,0002845680,1200,0.1105,9:47,6.2,在线
2015-10-18,武汉天琪激光设备制造有限公司,1000,高供高计,0002845680,1200,0.1105,9:47,6.2,在线
2015-10-19,武汉天琪激光设备制造有限公司,1000,高供高计,0002845680,1200,0.1105,9:47,6.2,在线
2015-10-20,武汉天琪激光设备制造有限公司,1000,高供高计,0002845680,1200,0.1105,9:47,6.2,在线
2015-10-21,武汉天琪激光设备制造有限公司,1000,高供高计,0002845680,1200,0.1105,9:47,6.2,在线
2015-10-22,武汉天琪激光设备制造有限公司,1000,高供高计,0002845680,1200,0.1105,9:47,6.2,在线
2015-10-23,武汉天琪激光设备制造有限公司,1000,高供高计,0002845680,1200,0.1119,2:24,6.2,在线
2015-10-24,武汉天琪激光设备制造有限公司,1000,高供高计,0002845680,1200,0.0927,2:37,6.2,在线
2015-10-25,武汉天琪激光设备制造有限公司,1000,高供高计,0002845680,1200,0.0927,2:37,6.2,在线
2015-10-26,武汉天琪激光设备制造有限公司,1000,高供高计,0002845680,1200,0.1093,9:08,6.2,在线
2015-10-27,武汉天琪激光设备制造有限公司,1000,高供高计,0002845680,1200,0.1163,9:37,6.2,在线
2015-10-28,武汉天琪激光设备制造有限公司,1000,高供高计,0002845680,1200,0.1163,9:37,6.2,在线
2015-10-29,武汉天琪激光设备制造有限公司,1000,高供高计,0002845680,1200,0.1163,9:37,6.2,在线
2015-10-30,武汉天琪激光设备制造有限公司,1000,高供高计,0002845680,1200,0.1163,9:37,6.2,在线
2015-10-31,武汉天琪激光设备制造有限公司,1000,高供高计,0002845680,1200,0.1163,9:37,6.2,在线
2015-11-01,武汉天琪激光设备制造有限公司,1000,高供高计,0002845680,1200,0.1163,9:37,6.2,在线
2015-11-02,武汉天琪激光设备制造有限公司,1000,高供高计,0002845680,1200,0.1163,9:37,6.2,在线
2015-11-03,武汉天琪激光设备制造有限公司,1000,高供高计,0002845680,1200,0.1163,9:37,6.2,在线
2015-11-04,武汉天琪激光设备制造有限公司,1000,高供高计,0002845680,1200,0.1163,9:37,6.2,在线
2015-11-05,武汉天琪激光设备制造有限公司,1000,高供高计,0002845680,1200,0.1163,9:37,6.2,在线
2015-11-06,武汉天琪激光设备制造有限公司,1000,高供高计,0002845680,1200,0.1163,9:37,6.2,在线
2015-11-07,武汉天琪激光设备制造有限公司,1000,高供高计,0002845680,1200,0.1163,9:37,6.2,在线
2015-11-08,武汉天琪激光设备制造有限公司,1000,高供高计,0002845680,1200,0.1163,9:37,6.2,在线
2015-11-09,武汉天琪激光设备制造有限公司,1000,高供高计,0002845680,1200,0.1163,9:37,6.2,在线
2015-11-10,武汉天琪激光设备制造有限公司,1000,高供高计,0002845680,1200,0.1163,9:37,6.2,在线
2015-11-11,武汉天琪激光设备制造有限公司,1000,高供高计,0002845680,1200,0.1163,9:37,6.2,在线
2015-11-12,武汉天琪激光设备制造有限公司,1000,高供高计,0002845680,1200,0.1163,9:37,6.2,在线
2015-11-13,武汉天琪激光设备制造有限公司,1000,高供高计,0002845680,1200,0.1163,9:37,6.2,在线
2015-11-14,武汉天琪激光设备制造有限公司,1000,高供高计,0002845680,1200,0.1163,9:37,6.2,在线
2015-11-15,武汉天琪激光设备制造有限公司,1000,高供高计,0002845680,1200,0.1163,9:37,6.2,在线
2015-11-16,武汉天琪激光设备制造有限公司,1000,高供高计,0002845680,1200,0.1163,9:37,6.2,在线
2015-11-17,武汉天琪激光设备制造有限公司,1000,高供高计,0002845680,1200,0.1163,9:37,6.2,在线
2015-11-18,武汉天琪激光设备制造有限公司,1000,高供高计,0002845680,1200,0.1163,9:37,6.2,在线
2015-11-19,武汉天琪激光设备制造有限公司,1000,高供高计,0002845680,1200,0.1169,2:11,6.2,在线
2015-11-20,武汉天琪激光设备制造有限公司,1000,高供高计,0002845680,1200,0.1169,2:11,6.2,在线
2015-11-21,武汉天琪激光设备制造有限公司,1000,高供高计,0002845680,1200,0.1169,2:11,6.2,在线
2015-11-22,武汉天琪激光设备制造有限公司,1000,高供高计,0002845680,1200,0.1169,2:11,6.2,在线
2015-11-23,武汉天琪激光设备制造有限公司,1000,高供高计,0002845680,1200,0.1169,2:11,6.2,在线
2015-11-24,武汉天琪激光设备制造有限公司,1000,高供高计,0002845680,1200,0.1086,2:53,6.2,在线
2015-11-25,武汉天琪激光设备制造有限公司,1000,高供高计,0002845680,1200,0.1086,2:53,6.2,在线
2015-11-26,武汉天琪激光设备制造有限公司,1000,高供高计,0002845680,1200,0.1157,10:00,6.2,在线
2015-11-27,武汉天琪激光设备制造有限公司,1000,高供高计,0002845680,1200,0.1271,2:28,6.2,在线
2015-11-28,武汉天琪激光设备制造有限公司,1000,高供高计,0002845680,1200,0.1271,2:28,6.2,在线
2015-11-29,武汉天琪激光设备制造有限公司,1000,高供高计,0002845680,1200,0.1271,2:28,6.2,在线
2015-11-30,武汉天琪激光设备制造有限公司,1000,高供高计,0002845680,1200,0.1271,2:28,6.2,在线
2015-12-01,武汉天琪激光设备制造有限公司,1000,高供高计,0002845680,1200,0.1271,2:28,6.2,在线
2015-12-02,武汉天琪激光设备制造有限公司,1000,高供高计,0002845680,1200,0.1271,2:28,6.2,在线
2015-12-03,武汉天琪激光设备制造有限公司,1000,高供高计,0002845680,1200,0.1271,2:28,6.2,在线
2015-12-04,武汉天琪激光设备制造有限公司,1000,高供高计,0002845680,1200,0.1271,2:28,6.2,在线
2015-12-05,武汉天琪激光设备制造有限公司,1000,高供高计,0002845680,1200,0.1271,2:28,6.2,在线
2015-12-06,武汉天琪激光设备制造有限公司,1000,高供高计,0002845680,1200,0.1271,2:28,6.2,在线
2015-12-07,武汉天琪激光设备制造有限公司,1000,高供高计,0002845680,1200,0.1271,2:28,6.2,在线
2015-12-08,武汉天琪激光设备制造有限公司,1000,高供高计,0002845680,1200,0.1271,2:28,6.2,在线
2015-12-09,武汉天琪激光设备制造有限公司,1000,高供高计,0002845680,1200,0.1271,2:28,6.2,在线
2015-12-10,武汉天琪激光设备制造有限公司,1000,高供高计,0002845680,1200,0.1271,2:28,6.2,在线
2015-12-11,武汉天琪激光设备制造有限公司,1000,高供高计,0002845680,1200,0.1271,2:28,6.2,在线
2015-12-12,武汉天琪激光设备制造有限公司,1000,高供高计,0002845680,1200,0.1271,2:28,6.2,在线
2015-12-13,武汉天琪激光设备制造有限公司,1000,高供高计,0002845680,1200,0.1271,2:28,6.2,在线
2015-12-14,武汉天琪激光设备制造有限公司,1000,高供高计,0002845680,1200,0.1271,2:28,6.2,在线
2015-12-15,武汉天琪激光设备制造有限公司,1000,高供高计,0002845680,1200,0.1346,10:15,6.2,在线
2015-12-16,武汉天琪激光设备制造有限公司,1000,高供高计,0002845680,1200,0.1399,10:01,6.2,在线
2015-12-17,武汉天琪激光设备制造有限公司,1000,高供高计,0002845680,1200,0.1409,10:20,6.2,在线
2015-12-18,武汉天琪激光设备制造有限公司,1000,高供高计,0002845680,1200,0.1676,10:35,6.2,在线
2015-12-19,武汉天琪激光设备制造有限公司,1000,高供高计,0002845680,1200,0.1676,10:35,6.2,在线
2015-12-20,武汉天琪激光设备制造有限公司,1000,高供高计,0002845680,1200,0.1676,10:35,6.2,在线
2015-12-21,武汉天琪激光设备制造有限公司,1000,高供高计,0002845680,1200,0.1676,10:35,6.2,在线
2015-12-22,武汉天琪激光设备制造有限公司,1000,高供高计,0002845680,1200,0.1676,10:35,6.2,在线
2015-12-23,武汉天琪激光设备制造有限公司,1000,高供高计,0002845680,1200,0.1676,10:35,6.2,在线
2015-12-24,武汉天琪激光设备制造有限公司,1000,高供高计,0002845680,1200,0.1456,3:41,6.2,在线
2015-12-25,武汉天琪激光设备制造有限公司,1000,高供高计,0002845680,1200,0.1456,3:41,6.2,在线
2015-12-26,武汉天琪激光设备制造有限公司,1000,高供高计,0002845680,1200,0.1456,3:41,6.2,在线
2015-12-27,武汉天琪激光设备制造有限公司,1000,高供高计,0002845680,1200,0.1456,3:41,6.2,在线
2015-12-28,武汉天琪激光设备制造有限公司,1000,高供高计,0002845680,1200,0.1456,3:41,6.2,在线
2015-12-29,武汉天琪激光设备制造有限公司,1000,高供高计,0002845680,1200,0.1456,3:41,6.2,在线
2015-12-30,武汉天琪激光设备制造有限公司,1000,高供高计,0002845680,1200,0.1582,9:03,6.2,在线
2015-12-31,武汉天琪激光设备制造有限公司,1000,高供高计,0002845680,1200,0.1582,9:03,6.2,在线
2016-01-01,武汉天琪激光设备制造有限公司,1000,高供高计,0002845680,1200,0.1582,9:03,6.2,在线
2016-01-02,武汉天琪激光设备制造有限公司,1000,高供高计,0002845680,1200,0.1582,9:03,6.2,在线
2016-01-03,武汉天琪激光设备制造有限公司,1000,高供高计,0002845680,1200,0.1582,9:03,6.2,在线
2016-01-04,武汉天琪激光设备制造有限公司,1000,高供高计,0002845680,1200,0.1582,9:03,6.2,在线
2016-01-05,武汉天琪激光设备制造有限公司,1000,高供高计,0002845680,1200,0.1582,9:03,6.2,在线
2016-01-06,武汉天琪激光设备制造有限公司,1000,高供高计,0002845680,1200,0.1582,9:03,6.2,在线
2016-01-07,武汉天琪激光设备制造有限公司,1000,高供高计,0002845680,1200,0.164,11:32,6.2,在线
2016-01-08,武汉天琪激光设备制造有限公司,1000,高供高计,0002845680,1200,0.1851,10:07,6.2,在线
2016-01-09,武汉天琪激光设备制造有限公司,1000,高供高计,0002845680,1200,0.1851,10:07,6.2,在线
2016-01-10,武汉天琪激光设备制造有限公司,1000,高供高计,0002845680,1200,0.1851,10:07,6.2,在线
2016-01-11,武汉天琪激光设备制造有限公司,1000,高供高计,0002845680,1200,0.1969,3:51,6.2,在线
2016-01-12,武汉天琪激光设备制造有限公司,1000,高供高计,0002845680,1200,0.1969,3:51,6.2,在线
2016-01-13,武汉天琪激光设备制造有限公司,1000,高供高计,0002845680,1200,0.1969,3:51,6.2,在线
2016-01-14,武汉天琪激光设备制造有限公司,1000,高供高计,0002845680,1200,0.197,10:42,6.2,在线
2016-01-15,武汉天琪激光设备制造有限公司,1000,高供高计,0002845680,1200,0.197,10:42,6.2,在线
2016-01-16,武汉天琪激光设备制造有限公司,1000,高供高计,0002845680,1200,0.197,10:42,6.2,在线
2016-01-17,武汉天琪激光设备制造有限公司,1000,高供高计,0002845680,1200,0.197,10:42,6.2,在线
2016-01-18,武汉天琪激光设备制造有限公司,1000,高供高计,0002845680,1200,0.197,10:42,6.2,在线
2016-01-19,武汉天琪激光设备制造有限公司,1000,高供高计,0002845680,1200,0.197,10:42,6.2,在线
2016-01-20,武汉天琪激光设备制造有限公司,1000,高供高计,0002845680,1200,0.1975,10:37,6.2,在线
2016-01-21,武汉天琪激光设备制造有限公司,1000,高供高计,0002845680,1200,0.1975,10:37,6.2,在线
2016-01-22,武汉天琪激光设备制造有限公司,1000,高供高计,0002845680,1200,0.1989,11:43,6.2,在线
2016-01-23,武汉天琪激光设备制造有限公司,1000,高供高计,0002845680,1200,0.1989,11:43,6.2,在线
2016-01-24,武汉天琪激光设备制造有限公司,1000,高供高计,0002845680,1200,0.0931,10:24,6.2,在线
2016-01-25,武汉天琪激光设备制造有限公司,1000,高供高计,0002845680,1200,0.1932,9:27,6.2,在线
2016-01-26,武汉天琪激光设备制造有限公司,1000,高供高计,0002845680,1200,0.1932,9:27,6.2,在线
2016-01-27,武汉天琪激光设备制造有限公司,1000,高供高计,0002845680,1200,0.1932,9:27,6.2,在线
2016-01-28,武汉天琪激光设备制造有限公司,1000,高供高计,0002845680,1200,0.1932,9:27,6.2,在线
2016-01-29,武汉天琪激光设备制造有限公司,1000,高供高计,0002845680,1200,0.1932,9:27,6.2,在线
2016-01-30,武汉天琪激光设备制造有限公司,1000,高供高计,0002845680,1200,0.1932,9:27,6.2,在线
2016-01-31,武汉天琪激光设备制造有限公司,1000,高供高计,0002845680,1200,0.1932,9:27,6.2,在线
2016-02-01,武汉天琪激光设备制造有限公司,1000,高供高计,0002845680,1200,0.1932,9:27,6.2,在线
2016-02-02,武汉天琪激光设备制造有限公司,1000,高供高计,0002845680,1200,0.1932,9:27,6.2,在线
2016-02-03,武汉天琪激光设备制造有限公司,1000,高供高计,0002845680,1200,0.1932,9:27,6.2,在线
2016-02-04,武汉天琪激光设备制造有限公司,1000,高供高计,0002845680,1200,0.1932,9:27,6.2,在线
2016-02-05,武汉天琪激光设备制造有限公司,1000,高供高计,0002845680,1200,0.1932,9:27,6.2,在线
2016-02-06,武汉天琪激光设备制造有限公司,1000,高供高计,0002845680,1200,0.1932,9:27,6.2,在线
2016-02-07,武汉天琪激光设备制造有限公司,1000,高供高计,0002845680,1200,0.1932,9:27,6.2,在线
2016-02-08,武汉天琪激光设备制造有限公司,1000,高供高计,0002845680,1200,0.1932,9:27,6.2,在线
2016-02-09,武汉天琪激光设备制造有限公司,1000,高供高计,0002845680,1200,0.1932,9:27,6.2,在线
2016-02-10,武汉天琪激光设备制造有限公司,1000,高供高计,0002845680,1200,0.1932,9:27,6.2,在线
2016-02-11,武汉天琪激光设备制造有限公司,1000,高供高计,0002845680,1200,0.1932,9:27,6.2,在线
2016-02-12,武汉天琪激光设备制造有限公司,1000,高供高计,0002845680,1200,0.1932,9:27,6.2,在线
2016-02-13,武汉天琪激光设备制造有限公司,1000,高供高计,0002845680,1200,0.1932,9:27,6.2,在线
2016-02-14,武汉天琪激光设备制造有限公司,1000,高供高计,0002845680,1200,0.1932,9:27,6.2,在线
2016-02-15,武汉天琪激光设备制造有限公司,1000,高供高计,0002845680,1200,0.1932,9:27,6.2,在线
2016-02-16,武汉天琪激光设备制造有限公司,1000,高供高计,0002845680,1200,0.1932,9:27,6.2,在线
2016-02-17,武汉天琪激光设备制造有限公司,1000,高供高计,0002845680,1200,0.1932,9:27,6.2,在线
2016-02-18,武汉天琪激光设备制造有限公司,1000,高供高计,0002845680,1200,0.1932,9:27,6.2,在线
2016-02-19,武汉天琪激光设备制造有限公司,1000,高供高计,0002845680,1200,0.1932,9:27,6.2,在线
2016-02-20,武汉天琪激光设备制造有限公司,1000,高供高计,0002845680,1200,0.1932,9:27,6.2,在线
2016-02-21,武汉天琪激光设备制造有限公司,1000,高供高计,0002845680,1200,0.1932,9:27,6.2,在线
2016-02-22,武汉天琪激光设备制造有限公司,1000,高供高计,0002845680,1200,0.1932,9:27,6.2,在线
2016-02-23,武汉天琪激光设备制造有限公司,1000,高供高计,0002845680,1200,0.1932,9:27,6.2,在线
2016-02-24,武汉天琪激光设备制造有限公司,1000,高供高计,0002845680,1200,0.1308,10:46,6.2,在线
2016-02-25,武汉天琪激光设备制造有限公司,1000,高供高计,0002845680,1200,0.1311,3:49,6.2,在线
2016-02-26,武汉天琪激光设备制造有限公司,1000,高供高计,0002845680,1200,0.1311,3:49,6.2,在线
2016-02-27,武汉天琪激光设备制造有限公司,1000,高供高计,0002845680,1200,0.1311,3:49,6.2,在线
2016-02-28,武汉天琪激光设备制造有限公司,1000,高供高计,0002845680,1200,0.1311,3:49,6.2,在线
2016-02-29,武汉天琪激光设备制造有限公司,1000,高供高计,0002845680,1200,0.1311,3:49,6.2,在线
2016-03-01,武汉天琪激光设备制造有限公司,1000,高供高计,0002845680,1200,0.1311,3:49,6.2,在线
2016-03-02,武汉天琪激光设备制造有限公司,1000,高供高计,0002845680,1200,0.1317,3:41,6.2,在线
2016-03-03,武汉天琪激光设备制造有限公司,1000,高供高计,0002845680,1200,0.1317,3:41,6.2,在线
2016-03-04,武汉天琪激光设备制造有限公司,1000,高供高计,0002845680,1200,0.1331,9:06,6.2,在线
2016-03-05,武汉天琪激光设备制造有限公司,1000,高供高计,0002845680,1200,0.1331,9:06,6.2,在线
2016-03-06,武汉天琪激光设备制造有限公司,1000,高供高计,0002845680,1200,0.1331,9:06,6.2,在线
2016-03-07,武汉天琪激光设备制造有限公司,1000,高供高计,0002845680,1200,0.1376,3:20,6.2,在线
2016-03-08,武汉天琪激光设备制造有限公司,1000,高供高计,0002845680,1200,0.1376,3:20,6.2,在线
2016-03-09,武汉天琪激光设备制造有限公司,1000,高供高计,0002845680,1200,0.1376,3:20,6.2,在线
2016-03-10,武汉天琪激光设备制造有限公司,1000,高供高计,0002845680,1200,0.1549,3:15,6.2,在线
2016-03-11,武汉天琪激光设备制造有限公司,1000,高供高计,0002845680,1200,0.1549,3:15,6.2,在线
2016-03-12,武汉天琪激光设备制造有限公司,1000,高供高计,0002845680,1200,0.1549,3:15,6.2,在线
2016-03-13,武汉天琪激光设备制造有限公司,1000,高供高计,0002845680,1200,0.1549,3:15,6.2,在线
2016-03-14,武汉天琪激光设备制造有限公司,1000,高供高计,0002845680,1200,0.1549,3:15,6.2,在线
2016-03-15,武汉天琪激光设备制造有限公司,1000,高供高计,0002845680,1200,0.1549,3:15,6.2,在线
2016-03-16,武汉天琪激光设备制造有限公司,1000,高供高计,0002845680,1200,0.1549,3:15,6.2,在线
2016-03-17,武汉天琪激光设备制造有限公司,1000,高供高计,0002845680,1200,0.1549,3:15,6.2,在线
2016-03-18,武汉天琪激光设备制造有限公司,1000,高供高计,0002845680,1200,0.1549,3:15,6.2,在线
2016-03-19,武汉天琪激光设备制造有限公司,1000,高供高计,0002845680,1200,0.1549,3:15,6.2,在线
2016-03-20,武汉天琪激光设备制造有限公司,1000,高供高计,0002845680,1200,0.1549,3:15,6.2,在线
2016-03-21,武汉天琪激光设备制造有限公司,1000,高供高计,0002845680,1200,0.1549,3:15,6.2,在线
2016-03-22,武汉天琪激光设备制造有限公司,1000,高供高计,0002845680,1200,0.1549,3:15,6.2,在线
2016-03-23,武汉天琪激光设备制造有限公司,1000,高供高计,0002845680,1200,0.1549,3:15,6.2,在线
2016-03-24,武汉天琪激光设备制造有限公司,1000,高供高计,0002845680,1200,0.0997,3:48,6.2,在线
2016-03-25,武汉天琪激光设备制造有限公司,1000,高供高计,0002845680,1200,0.1183,3:55,6.2,在线
2016-03-26,武汉天琪激光设备制造有限公司,1000,高供高计,0002845680,1200,0.1202,10:40,6.2,在线
2016-03-27,武汉天琪激光设备制造有限公司,1000,高供高计,0002845680,1200,0.1202,10:40,6.2,在线
2016-03-28,武汉天琪激光设备制造有限公司,1000,高供高计,0002845680,1200,0.1202,10:40,6.2,在线
2016-03-29,武汉天琪激光设备制造有限公司,1000,高供高计,0002845680,1200,0.1202,10:40,6.2,在线
2016-03-30,武汉天琪激光设备制造有限公司,1000,高供高计,0002845680,1200,0.1256,3:52,6.2,在线
2016-03-31,武汉天琪激光设备制造有限公司,1000,高供高计,0002845680,1200,0.1256,3:52,6.2,在线
2016-04-01,武汉天琪激光设备制造有限公司,1000,高供高计,0002845680,1200,0.1256,3:52,6.2,在线
2016-04-02,武汉天琪激光设备制造有限公司,1000,高供高计,0002845680,1200,0.1256,3:52,6.2,在线
2016-04-03,武汉天琪激光设备制造有限公司,1000,高供高计,0002845680,1200,0.1256,3:52,6.2,在线
2016-04-04,武汉天琪激光设备制造有限公司,1000,高供高计,0002845680,1200,0.1256,3:52,6.2,在线
2016-04-05,武汉天琪激光设备制造有限公司,1000,高供高计,0002845680,1200,0.1256,3:52,6.2,在线
2016-04-06,武汉天琪激光设备制造有限公司,1000,高供高计,0002845680,1200,0.1256,3:52,6.2,在线
2016-04-07,武汉天琪激光设备制造有限公司,1000,高供高计,0002845680,1200,0.1256,3:52,6.2,在线
2016-04-08,武汉天琪激光设备制造有限公司,1000,高供高计,0002845680,1200,0.1256,3:52,6.2,在线
2016-04-09,武汉天琪激光设备制造有限公司,1000,高供高计,0002845680,1200,0.1256,3:52,6.2,在线
2016-04-10,武汉天琪激光设备制造有限公司,1000,高供高计,0002845680,1200,0.1256,3:52,6.2,在线
2016-04-11,武汉天琪激光设备制造有限公司,1000,高供高计,0002845680,1200,0.1256,3:52,6.2,在线
2016-04-12,武汉天琪激光设备制造有限公司,1000,高供高计,0002845680,1200,0.1256,3:52,6.2,在线
2016-04-13,武汉天琪激光设备制造有限公司,1000,高供高计,0002845680,1200,0.1256,3:52,6.2,在线
2016-04-14,武汉天琪激光设备制造有限公司,1000,高供高计,0002845680,1200,0.1256,3:52,6.2,在线
2016-04-15,武汉天琪激光设备制造有限公司,1000,高供高计,0002845680,1200,0.1256,3:52,6.2,在线
2016-04-16,武汉天琪激光设备制造有限公司,1000,高供高计,0002845680,1200,0.1256,3:52,6.2,在线
2016-04-17,武汉天琪激光设备制造有限公司,1000,高供高计,0002845680,1200,0.1256,3:52,6.2,在线
2016-04-18,武汉天琪激光设备制造有限公司,1000,高供高计,0002845680,1200,0.1256,3:52,6.2,在线
2016-04-19,武汉天琪激光设备制造有限公司,1000,高供高计,0002845680,1200,0.1256,3:52,6.2,在线
2016-04-20,武汉天琪激光设备制造有限公司,1000,高供高计,0002845680,1200,0.1256,3:52,6.2,在线
2016-04-21,武汉天琪激光设备制造有限公司,1000,高供高计,0002845680,1200,0.1256,3:52,6.2,在线
2016-04-22,武汉天琪激光设备制造有限公司,1000,高供高计,0002845680,1200,0.1256,3:52,6.2,在线
2016-04-23,武汉天琪激光设备制造有限公司,1000,高供高计,0002845680,1200,0.1256,3:52,6.2,在线
2016-04-24,武汉天琪激光设备制造有限公司,1000,高供高计,0002845680,1200,0.0838,4:10,6.2,在线
2016-04-25,武汉天琪激光设备制造有限公司,1000,高供高计,0002845680,1200,0.1013,10:08,6.2,在线
2016-04-26,武汉天琪激光设备制造有限公司,1000,高供高计,0002845680,1200,0.1069,11:22,6.2,在线
2016-04-27,武汉天琪激光设备制造有限公司,1000,高供高计,0002845680,1200,0.1069,11:22,6.2,在线
2016-04-28,武汉天琪激光设备制造有限公司,1000,高供高计,0002845680,1200,0.1082,10:59,6.2,在线
2016-04-29,武汉天琪激光设备制造有限公司,1000,高供高计,0002845680,1200,0.119,3:42,6.2,在线
2016-04-30,武汉天琪激光设备制造有限公司,1000,高供高计,0002845680,1200,0.119,3:42,6.2,在线
2016-05-01,武汉天琪激光设备制造有限公司,1000,高供高计,0002845680,1200,0.119,3:42,6.2,在线
2016-05-02,武汉天琪激光设备制造有限公司,1000,高供高计,0002845680,1200,0.119,3:42,6.2,在线
2016-05-03,武汉天琪激光设备制造有限公司,1000,高供高计,0002845680,1200,0.119,3:42,6.2,在线
2016-05-04,武汉天琪激光设备制造有限公司,1000,高供高计,0002845680,1200,0.119,3:42,6.2,在线
2016-05-05,武汉天琪激光设备制造有限公司,1000,高供高计,0002845680,1200,0.1276,3:00,6.2,在线
2016-05-06,武汉天琪激光设备制造有限公司,1000,高供高计,0002845680,1200,0.1276,3:00,6.2,在线
2016-05-07,武汉天琪激光设备制造有限公司,1000,高供高计,0002845680,1200,0.1276,3:00,6.2,在线
2016-05-08,武汉天琪激光设备制造有限公司,1000,高供高计,0002845680,1200,0.1276,3:00,6.2,在线
2016-05-09,武汉天琪激光设备制造有限公司,1000,高供高计,0002845680,1200,0.1276,3:00,6.2,在线
2016-05-10,武汉天琪激光设备制造有限公司,1000,高供高计,0002845680,1200,0.1276,3:00,6.2,在线
2016-05-11,武汉天琪激光设备制造有限公司,1000,高供高计,0002845680,1200,0.1276,3:00,6.2,在线
2016-05-12,武汉天琪激光设备制造有限公司,1000,高供高计,0002845680,1200,0.1276,3:00,6.2,在线
2016-05-13,武汉天琪激光设备制造有限公司,1000,高供高计,0002845680,1200,0.1276,3:00,6.2,在线
2016-05-14,武汉天琪激光设备制造有限公司,1000,高供高计,0002845680,1200,0.1276,3:00,6.2,在线
2016-05-15,武汉天琪激光设备制造有限公司,1000,高供高计,0002845680,1200,0.1276,3:00,6.2,在线
2016-05-16,武汉天琪激光设备制造有限公司,1000,高供高计,0002845680,1200,0.1276,3:00,6.2,在线
2016-05-17,武汉天琪激光设备制造有限公司,1000,高供高计,0002845680,1200,0.1276,3:00,6.2,在线
2016-05-18,武汉天琪激光设备制造有限公司,1000,高供高计,0002845680,1200,0.1276,3:00,6.2,在线
2016-05-19,武汉天琪激光设备制造有限公司,1000,高供高计,0002845680,1200,0.1276,3:00,6.2,在线
2016-05-20,武汉天琪激光设备制造有限公司,1000,高供高计,0002845680,1200,0.1276,3:00,6.2,在线
2016-05-21,武汉天琪激光设备制造有限公司,1000,高供高计,0002845680,1200,0.1276,3:00,6.2,在线
2016-05-22,武汉天琪激光设备制造有限公司,1000,高供高计,0002845680,1200,0.1276,3:00,6.2,在线
2016-05-23,武汉天琪激光设备制造有限公司,1000,高供高计,0002845680,1200,0.1276,3:00,6.2,在线
2016-05-24,武汉天琪激光设备制造有限公司,1000,高供高计,0002845680,1200,0.1177,3:13,6.2,在线
2016-05-25,武汉天琪激光设备制造有限公司,1000,高供高计,0002845680,1200,0.1245,3:51,6.2,在线
2016-05-26,武汉天琪激光设备制造有限公司,1000,高供高计,0002845680,1200,0.1245,3:51,6.2,在线
2016-05-27,武汉天琪激光设备制造有限公司,1000,高供高计,0002845680,1200,0.1245,3:51,6.2,在线
2016-05-28,武汉天琪激光设备制造有限公司,1000,高供高计,0002845680,1200,0.1245,3:51,6.2,在线
2016-05-29,武汉天琪激光设备制造有限公司,1000,高供高计,0002845680,1200,0.1245,3:51,6.2,在线
2016-05-30,武汉天琪激光设备制造有限公司,1000,高供高计,0002845680,1200,0.1245,3:51,6.2,在线
2016-05-31,武汉天琪激光设备制造有限公司,1000,高供高计,0002845680,1200,0.1245,3:51,6.2,在线
2016-06-01,武汉天琪激光设备制造有限公司,1000,高供高计,0002845680,1200,0.1245,3:51,6.2,在线
2016-06-02,武汉天琪激光设备制造有限公司,1000,高供高计,0002845680,1200,0.1245,3:51,6.2,在线
2016-06-03,武汉天琪激光设备制造有限公司,1000,高供高计,0002845680,1200,0.1245,3:51,6.2,在线
2016-06-04,武汉天琪激光设备制造有限公司,1000,高供高计,0002845680,1200,0.1298,10:26,6.2,在线
2016-06-05,武汉天琪激光设备制造有限公司,1000,高供高计,0002845680,1200,0.1298,10:26,6.2,在线
2016-06-06,武汉天琪激光设备制造有限公司,1000,高供高计,0002845680,1200,0.1298,10:26,6.2,在线
2016-06-07,武汉天琪激光设备制造有限公司,1000,高供高计,0002845680,1200,0.1298,10:26,6.2,在线
2016-06-08,武汉天琪激光设备制造有限公司,1000,高供高计,0002845680,1200,0.1298,10:26,6.2,在线
2016-06-09,武汉天琪激光设备制造有限公司,1000,高供高计,0002845680,1200,0.1298,10:26,6.2,在线
2016-06-10,武汉天琪激光设备制造有限公司,1000,高供高计,0002845680,1200,0.1298,10:26,6.2,在线
2016-06-11,武汉天琪激光设备制造有限公司,1000,高供高计,0002845680,1200,0.1298,10:26,6.2,在线
2016-06-12,武汉天琪激光设备制造有限公司,1000,高供高计,0002845680,1200,0.1298,10:26,6.2,在线
2016-06-13,武汉天琪激光设备制造有限公司,1000,高供高计,0002845680,1200,0.1298,10:26,6.2,在线
2016-06-14,武汉天琪激光设备制造有限公司,1000,高供高计,0002845680,1200,0.135,2:35,6.2,在线
2016-06-15,武汉天琪激光设备制造有限公司,1000,高供高计,0002845680,1200,0.135,2:35,6.2,在线
2016-06-16,武汉天琪激光设备制造有限公司,1000,高供高计,0002845680,1200,0.135,2:35,6.2,在线
2016-06-17,武汉天琪激光设备制造有限公司,1000,高供高计,0002845680,1200,0.1365,1:34,6.2,在线
2016-06-18,武汉天琪激光设备制造有限公司,1000,高供高计,0002845680,1200,0.1365,1:34,6.2,在线
2016-06-19,武汉天琪激光设备制造有限公司,1000,高供高计,0002845680,1200,0.1365,1:34,6.2,在线
2016-06-20,武汉天琪激光设备制造有限公司,1000,高供高计,0002845680,1200,0.1365,1:34,6.2,在线
2016-06-21,武汉天琪激光设备制造有限公司,1000,高供高计,0002845680,1200,0.1365,1:34,6.2,在线
2016-06-22,武汉天琪激光设备制造有限公司,1000,高供高计,0002845680,1200,0.1548,2:42,6.2,在线
2016-06-23,武汉天琪激光设备制造有限公司,1000,高供高计,0002845680,1200,0.1548,2:42,6.2,在线
2016-06-24,武汉天琪激光设备制造有限公司,1000,高供高计,0002845680,1200,0.1234,9:22,6.2,在线
2016-06-25,武汉天琪激光设备制造有限公司,1000,高供高计,0002845680,1200,0.1234,9:22,6.2,在线
2016-06-26,武汉天琪激光设备制造有限公司,1000,高供高计,0002845680,1200,0.1234,9:22,6.2,在线
2016-06-27,武汉天琪激光设备制造有限公司,1000,高供高计,0002845680,1200,0.1234,9:22,6.2,在线
2016-06-28,武汉天琪激光设备制造有限公司,1000,高供高计,0002845680,1200,0.126,4:07,6.2,在线
2016-06-29,武汉天琪激光设备制造有限公司,1000,高供高计,0002845680,1200,0.126,4:07,6.2,在线
2016-06-30,武汉天琪激光设备制造有限公司,1000,高供高计,0002845680,1200,0.1266,10:25,6.2,在线
2016-07-01,武汉天琪激光设备制造有限公司,1000,高供高计,0002845680,1200,0.1266,10:25,6.2,在线
2016-07-02,武汉天琪激光设备制造有限公司,1000,高供高计,0002845680,1200,0.1266,10:25,6.2,在线
2016-07-03,武汉天琪激光设备制造有限公司,1000,高供高计,0002845680,1200,0.1266,10:25,6.2,在线
2016-07-04,武汉天琪激光设备制造有限公司,1000,高供高计,0002845680,1200,0.1266,10:25,6.2,在线
2016-07-05,武汉天琪激光设备制造有限公司,1000,高供高计,0002845680,1200,0.1266,10:25,6.2,在线
2016-07-06,武汉天琪激光设备制造有限公司,1000,高供高计,0002845680,1200,0.1266,10:25,6.2,在线
2016-07-07,武汉天琪激光设备制造有限公司,1000,高供高计,0002845680,1200,0.1266,10:25,6.2,在线
2016-07-08,武汉天琪激光设备制造有限公司,1000,高供高计,0002845680,1200,0.131,11:12,6.2,在线
2016-07-09,武汉天琪激光设备制造有限公司,1000,高供高计,0002845680,1200,0.131,11:12,6.2,在线
2016-07-10,武汉天琪激光设备制造有限公司,1000,高供高计,0002845680,1200,0.131,11:12,6.2,在线
2016-07-11,武汉天琪激光设备制造有限公司,1000,高供高计,0002845680,1200,0.1445,11:07,6.2,在线
2016-07-12,武汉天琪激光设备制造有限公司,1000,高供高计,0002845680,1200,0.1671,10:47,6.2,在线
2016-07-13,武汉天琪激光设备制造有限公司,1000,高供高计,0002845680,1200,0.1671,10:47,6.2,在线
2016-07-14,武汉天琪激光设备制造有限公司,1000,高供高计,0002845680,1200,0.1671,10:47,6.2,在线
2016-07-15,武汉天琪激光设备制造有限公司,1000,高供高计,0002845680,1200,0.1671,10:47,6.2,在线
2016-07-16,武汉天琪激光设备制造有限公司,1000,高供高计,0002845680,1200,0.1671,10:47,6.2,在线
2016-07-17,武汉天琪激光设备制造有限公司,1000,高供高计,0002845680,1200,0.1671,10:47,6.2,在线
2016-07-18,武汉天琪激光设备制造有限公司,1000,高供高计,0002845680,1200,0.1671,10:47,6.2,在线
2016-07-19,武汉天琪激光设备制造有限公司,1000,高供高计,0002845680,1200,0.1671,10:47,6.2,在线
2016-07-20,武汉天琪激光设备制造有限公司,1000,高供高计,0002845680,1200,0.1671,10:47,6.2,在线
2016-07-21,武汉天琪激光设备制造有限公司,1000,高供高计,0002845680,1200,0.1671,10:47,6.2,在线
2016-07-22,武汉天琪激光设备制造有限公司,1000,高供高计,0002845680,1200,0.1671,10:47,6.2,在线
2016-07-23,武汉天琪激光设备制造有限公司,1000,高供高计,0002845680,1200,0.1671,10:47,6.2,在线
2016-07-24,武汉天琪激光设备制造有限公司,1000,高供高计,0002845680,1200,0.1304,3:46,6.2,在线
2016-07-25,武汉天琪激光设备制造有限公司,1000,高供高计,0002845680,1200,0.1623,3:29,6.2,在线
2016-07-26,武汉天琪激光设备制造有限公司,1000,高供高计,0002845680,1200,0.1734,4:03,6.2,在线
2016-07-27,武汉天琪激光设备制造有限公司,1000,高供高计,0002845680,1200,0.1734,4:03,6.2,在线
2016-07-28,武汉天琪激光设备制造有限公司,1000,高供高计,0002845680,1200,0.1806,2:49,6.2,在线
2016-07-29,武汉天琪激光设备制造有限公司,1000,高供高计,0002845680,1200,0.1806,2:49,6.2,在线
2016-07-30,武汉天琪激光设备制造有限公司,1000,高供高计,0002845680,1200,0.1806,2:49,6.2,在线
2016-07-31,武汉天琪激光设备制造有限公司,1000,高供高计,0002845680,1200,0.1806,2:49,6.2,在线
2016-08-01,武汉天琪激光设备制造有限公司,1000,高供高计,0002845680,1200,0.1806,2:49,6.2,在线
2016-08-02,武汉天琪激光设备制造有限公司,1000,高供高计,0002845680,1200,0.1821,9:10,6.2,在线
2016-08-03,武汉天琪激光设备制造有限公司,1000,高供高计,0002845680,1200,0.1821,9:10,6.2,在线
2016-08-04,武汉天琪激光设备制造有限公司,1000,高供高计,0002845680,1200,0.1821,9:10,6.2,在线
2016-08-05,武汉天琪激光设备制造有限公司,1000,高供高计,0002845680,1200,0.1821,9:10,6.2,在线
2016-08-06,武汉天琪激光设备制造有限公司,1000,高供高计,0002845680,1200,0.1821,9:10,6.2,在线
2016-08-07,武汉天琪激光设备制造有限公司,1000,高供高计,0002845680,1200,0.1821,9:10,6.2,在线
2016-08-08,武汉天琪激光设备制造有限公司,1000,高供高计,0002845680,1200,0.1821,9:10,6.2,在线
2016-08-09,武汉天琪激光设备制造有限公司,1000,高供高计,0002845680,1200,0.1821,9:10,6.2,在线
2016-08-10,武汉天琪激光设备制造有限公司,1000,高供高计,0002845680,1200,0.1821,9:10,6.2,在线
2016-08-11,武汉天琪激光设备制造有限公司,1000,高供高计,0002845680,1200,0.1821,9:10,6.2,在线
2016-08-12,武汉天琪激光设备制造有限公司,1000,高供高计,0002845680,1200,0.1821,9:10,6.2,在线
2016-08-13,武汉天琪激光设备制造有限公司,1000,高供高计,0002845680,1200,0.1821,9:10,6.2,在线
2016-08-14,武汉天琪激光设备制造有限公司,1000,高供高计,0002845680,1200,0.1821,9:10,6.2,在线
2016-08-15,武汉天琪激光设备制造有限公司,1000,高供高计,0002845680,1200,0.1821,9:10,6.2,在线
2016-08-16,武汉天琪激光设备制造有限公司,1000,高供高计,0002845680,1200,0.1821,9:10,6.2,在线
2016-08-17,武汉天琪激光设备制造有限公司,1000,高供高计,0002845680,1200,0.1833,2:42,6.2,在线
2016-08-18,武汉天琪激光设备制造有限公司,1000,高供高计,0002845680,1200,0.1833,2:42,6.2,在线
2016-08-19,武汉天琪激光设备制造有限公司,1000,高供高计,0002845680,1200,0.1833,2:42,6.2,在线
2016-08-20,武汉天琪激光设备制造有限公司,1000,高供高计,0002845680,1200,0.1833,2:42,6.2,在线
2016-08-21,武汉天琪激光设备制造有限公司,1000,高供高计,0002845680,1200,0.1833,2:42,6.2,在线
2016-08-22,武汉天琪激光设备制造有限公司,1000,高供高计,0002845680,1200,0.1833,2:42,6.2,在线
2016-08-23,武汉天琪激光设备制造有限公司,1000,高供高计,0002845680,1200,0.1833,2:42,6.2,在线
2016-08-24,武汉天琪激光设备制造有限公司,1000,高供高计,0002845680,1200,0.1598,3:05,6.2,在线
2016-08-25,武汉天琪激光设备制造有限公司,1000,高供高计,0002845680,1200,0.171,10:37,6.2,在线
2016-08-26,武汉天琪激光设备制造有限公司,1000,高供高计,0002845680,1200,0.171,10:37,6.2,在线
2016-08-27,武汉天琪激光设备制造有限公司,1000,高供高计,0002845680,1200,0.171,10:37,6.2,在线
2016-08-28,武汉天琪激光设备制造有限公司,1000,高供高计,0002845680,1200,0.171,10:37,6.2,在线
2016-08-29,武汉天琪激光设备制造有限公司,1000,高供高计,0002845680,1200,0.171,10:37,6.2,在线
2016-08-30,武汉天琪激光设备制造有限公司,1000,高供高计,0002845680,1200,0.171,10:37,6.2,在线
2016-08-31,武汉天琪激光设备制造有限公司,1000,高供高计,0002845680,1200,0.171,10:37,6.2,在线
2016-09-01,武汉天琪激光设备制造有限公司,1000,高供高计,0002845680,1200,0.171,10:37,6.2,在线
2016-09-02,武汉天琪激光设备制造有限公司,1000,高供高计,0002845680,1200,0.171,10:37,6.2,在线
2016-09-03,武汉天琪激光设备制造有限公司,1000,高供高计,0002845680,1200,0.171,10:37,6.2,在线
2016-09-04,武汉天琪激光设备制造有限公司,1000,高供高计,0002845680,1200,0.171,10:37,6.2,在线
2016-09-05,武汉天琪激光设备制造有限公司,1000,高供高计,0002845680,1200,0.171,10:37,6.2,在线
2016-09-06,武汉天琪激光设备制造有限公司,1000,高供高计,0002845680,1200,0.171,10:37,6.2,在线
2016-09-07,武汉天琪激光设备制造有限公司,1000,高供高计,0002845680,1200,0.171,10:37,6.2,在线
2016-09-08,武汉天琪激光设备制造有限公司,1000,高供高计,0002845680,1200,0.171,10:37,6.2,在线
2016-09-09,武汉天琪激光设备制造有限公司,1000,高供高计,0002845680,1200,0.171,10:37,6.2,在线
2016-09-10,武汉天琪激光设备制造有限公司,1000,高供高计,0002845680,1200,0.171,10:37,6.2,在线
2016-09-11,武汉天琪激光设备制造有限公司,1000,高供高计,0002845680,1200,0.171,10:37,6.2,在线
2016-09-12,武汉天琪激光设备制造有限公司,1000,高供高计,0002845680,1200,0.171,10:37,6.2,在线
2016-09-13,武汉天琪激光设备制造有限公司,1000,高供高计,0002845680,1200,0.171,10:37,6.2,在线
2016-09-14,武汉天琪激光设备制造有限公司,1000,高供高计,0002845680,1200,0.171,10:37,6.2,在线
2016-09-15,武汉天琪激光设备制造有限公司,1000,高供高计,0002845680,1200,0.171,10:37,6.2,在线
2016-09-16,武汉天琪激光设备制造有限公司,1000,高供高计,0002845680,1200,0.171,10:37,6.2,在线
2016-09-17,武汉天琪激光设备制造有限公司,1000,高供高计,0002845680,1200,0.171,10:37,6.2,在线
2016-09-18,武汉天琪激光设备制造有限公司,1000,高供高计,0002845680,1200,0.171,10:37,6.2,在线
2016-09-19,武汉天琪激光设备制造有限公司,1000,高供高计,0002845680,1200,0.171,10:37,6.2,在线
2016-09-20,武汉天琪激光设备制造有限公司,1000,高供高计,0002845680,1200,0.171,10:37,6.2,在线
2016-09-21,武汉天琪激光设备制造有限公司,1000,高供高计,0002845680,1200,0.171,10:37,6.2,在线
2016-09-22,武汉天琪激光设备制造有限公司,1000,高供高计,0002845680,1200,0.171,10:37,6.2,在线
2016-09-23,武汉天琪激光设备制造有限公司,1000,高供高计,0002845680,1200,0.171,10:37,6.2,在线
2016-09-24,武汉天琪激光设备制造有限公司,1000,高供高计,0002845680,1200,0.1391,3:06,6.2,在线
2016-09-25,武汉天琪激光设备制造有限公司,1000,高供高计,0002845680,1200,0.1391,3:06,6.2,在线
2016-09-26,武汉天琪激光设备制造有限公司,1000,高供高计,0002845680,1200,0.1391,3:06,6.2,在线
2016-09-27,武汉天琪激光设备制造有限公司,1000,高供高计,0002845680,1200,0.1445,3:17,6.2,在线
2016-09-28,武汉天琪激光设备制造有限公司,1000,高供高计,0002845680,1200,0.1445,3:17,6.2,在线
2016-09-29,武汉天琪激光设备制造有限公司,1000,高供高计,0002845680,1200,0.1445,3:17,6.2,在线
2016-09-30,武汉天琪激光设备制造有限公司,1000,高供高计,0002845680,1200,0.1445,3:17,6.2,在线
2016-10-01,武汉天琪激光设备制造有限公司,1000,高供高计,0002845680,1200,0.1445,3:17,6.2,在线
2016-10-02,武汉天琪激光设备制造有限公司,1000,高供高计,0002845680,1200,0.1445,3:17,6.2,在线
2016-10-03,武汉天琪激光设备制造有限公司,1000,高供高计,0002845680,1200,0.1445,3:17,6.2,在线
2016-10-04,武汉天琪激光设备制造有限公司,1000,高供高计,0002845680,1200,0.1445,3:17,6.2,在线
2016-10-05,武汉天琪激光设备制造有限公司,1000,高供高计,0002845680,1200,0.1445,3:17,6.2,在线
2016-10-06,武汉天琪激光设备制造有限公司,1000,高供高计,0002845680,1200,0.1445,3:17,6.2,在线
2016-10-07,武汉天琪激光设备制造有限公司,1000,高供高计,0002845680,1200,0.1445,3:17,6.2,在线
2016-10-08,武汉天琪激光设备制造有限公司,1000,高供高计,0002845680,1200,0.1445,3:17,6.2,在线
2016-10-09,武汉天琪激光设备制造有限公司,1000,高供高计,0002845680,1200,0.1445,3:17,6.2,在线
2016-10-10,武汉天琪激光设备制造有限公司,1000,高供高计,0002845680,1200,0.1445,3:17,6.2,在线
2016-10-11,武汉天琪激光设备制造有限公司,1000,高供高计,0002845680,1200,0.1445,3:17,6.2,在线
2016-10-12,武汉天琪激光设备制造有限公司,1000,高供高计,0002845680,1200,0.1445,3:17,6.2,在线
2016-10-13,武汉天琪激光设备制造有限公司,1000,高供高计,0002845680,1200,0.1445,3:17,6.2,在线
2016-10-14,武汉天琪激光设备制造有限公司,1000,高供高计,0002845680,1200,0.1445,3:17,6.2,在线
2016-10-15,武汉天琪激光设备制造有限公司,1000,高供高计,0002845680,1200,0.1445,3:17,6.2,在线
2016-10-16,武汉天琪激光设备制造有限公司,1000,高供高计,0002845680,1200,0.1445,3:17,6.2,在线
2016-10-17,武汉天琪激光设备制造有限公司,1000,高供高计,0002845680,1200,0.1445,3:17,6.2,在线
2016-10-18,武汉天琪激光设备制造有限公司,1000,高供高计,0002845680,1200,0.1445,3:17,6.2,在线
2016-10-19,武汉天琪激光设备制造有限公司,1000,高供高计,0002845680,1200,0.1445,3:17,6.2,在线
2016-10-20,武汉天琪激光设备制造有限公司,1000,高供高计,0002845680,1200,0.1445,3:17,6.2,在线
2016-10-21,武汉天琪激光设备制造有限公司,1000,高供高计,0002845680,1200,0.1445,3:17,6.2,在线
2016-10-22,武汉天琪激光设备制造有限公司,1000,高供高计,0002845680,1200,0.1445,3:17,6.2,在线
2016-10-23,武汉天琪激光设备制造有限公司,1000,高供高计,0002845680,1200,0.1445,3:17,6.2,在线
2016-10-24,武汉天琪激光设备制造有限公司,1000,高供高计,0002845680,1200,0.1013,2:52,6.2,在线
2016-10-25,武汉天琪激光设备制造有限公司,1000,高供高计,0002845680,1200,0.1134,3:57,6.2,在线
2016-10-26,武汉天琪激光设备制造有限公司,1000,高供高计,0002845680,1200,0.142,2:29,6.2,在线
2016-10-27,武汉天琪激光设备制造有限公司,1000,高供高计,0002845680,1200,0.142,2:29,6.2,在线
2016-10-28,武汉天琪激光设备制造有限公司,1000,高供高计,0002845680,1200,0.142,2:29,6.2,在线
2016-10-29,武汉天琪激光设备制造有限公司,1000,高供高计,0002845680,1200,0.142,2:29,6.2,在线
2016-10-30,武汉天琪激光设备制造有限公司,1000,高供高计,0002845680,1200,0.142,2:29,6.2,在线
2016-10-31,武汉天琪激光设备制造有限公司,1000,高供高计,0002845680,1200,0.142,2:29,6.2,在线
2016-11-01,武汉天琪激光设备制造有限公司,1000,高供高计,0002845680,1200,0.142,2:29,6.2,在线
2016-11-02,武汉天琪激光设备制造有限公司,1000,高供高计,0002845680,1200,0.1446,3:07,6.2,在线
2016-11-03,武汉天琪激光设备制造有限公司,1000,高供高计,0002845680,1200,0.1446,3:07,6.2,在线
2016-11-04,武汉天琪激光设备制造有限公司,1000,高供高计,0002845680,1200,0.1446,3:07,6.2,在线
2016-11-05,武汉天琪激光设备制造有限公司,1000,高供高计,0002845680,1200,0.1446,3:07,6.2,在线
2016-11-06,武汉天琪激光设备制造有限公司,1000,高供高计,0002845680,1200,0.1446,3:07,6.2,在线
2016-11-07,武汉天琪激光设备制造有限公司,1000,高供高计,0002845680,1200,0.1446,3:07,6.2,在线
2016-11-08,武汉天琪激光设备制造有限公司,1000,高供高计,0002845680,1200,0.1446,3:07,6.2,在线
2016-11-09,武汉天琪激光设备制造有限公司,1000,高供高计,0002845680,1200,0.1446,3:07,6.2,在线
2016-11-10,武汉天琪激光设备制造有限公司,1000,高供高计,0002845680,1200,0.1446,3:07,6.2,在线
2016-11-11,武汉天琪激光设备制造有限公司,1000,高供高计,0002845680,1200,0.1446,3:07,6.2,在线
2016-11-12,武汉天琪激光设备制造有限公司,1000,高供高计,0002845680,1200,0.1446,3:07,6.2,在线
2016-11-13,武汉天琪激光设备制造有限公司,1000,高供高计,0002845680,1200,0.1446,3:07,6.2,在线
2016-11-14,武汉天琪激光设备制造有限公司,1000,高供高计,0002845680,1200,0.1446,3:07,6.2,在线
2016-11-15,武汉天琪激光设备制造有限公司,1000,高供高计,0002845680,1200,0.1446,3:07,6.2,在线
2016-11-16,武汉天琪激光设备制造有限公司,1000,高供高计,0002845680,1200,0.1446,3:07,6.2,在线
2016-11-17,武汉天琪激光设备制造有限公司,1000,高供高计,0002845680,1200,0.1446,3:07,6.2,在线
2016-11-18,武汉天琪激光设备制造有限公司,1000,高供高计,0002845680,1200,0.1446,3:07,6.2,在线
2016-11-19,武汉天琪激光设备制造有限公司,1000,高供高计,0002845680,1200,0.1446,3:07,6.2,在线
2016-11-20,武汉天琪激光设备制造有限公司,1000,高供高计,0002845680,1200,0.1446,3:07,6.2,在线
2016-11-21,武汉天琪激光设备制造有限公司,1000,高供高计,0002845680,1200,0.1446,3:07,6.2,在线
2016-11-22,武汉天琪激光设备制造有限公司,1000,高供高计,0002845680,1200,0.1446,3:07,6.2,在线
2016-11-23,武汉天琪激光设备制造有限公司,1000,高供高计,0002845680,1200,0.1755,10:41,6.2,在线
2016-11-24,武汉天琪激光设备制造有限公司,1000,高供高计,0002845680,1200,0.1678,9:39,6.2,在线
2016-11-25,武汉天琪激光设备制造有限公司,1000,高供高计,0002845680,1200,0.1896,11:15,6.2,在线
2016-11-26,武汉天琪激光设备制造有限公司,1000,高供高计,0002845680,1200,0.1896,11:15,6.2,在线
2016-11-27,武汉天琪激光设备制造有限公司,1000,高供高计,0002845680,1200,0.1896,11:15,6.2,在线
2016-11-28,武汉天琪激光设备制造有限公司,1000,高供高计,0002845680,1200,0.1896,11:15,6.2,在线
2016-11-29,武汉天琪激光设备制造有限公司,1000,高供高计,0002845680,1200,0.1896,11:15,6.2,在线
2015-03-05,武汉天琪激光设备制造有限公司,1000,高供低计,0002845331,60,,,6.2,在线
2015-03-06,武汉天琪激光设备制造有限公司,1000,高供低计,0002845331,60,,,6.2,在线
2015-03-07,武汉天琪激光设备制造有限公司,1000,高供低计,0002845331,60,,,6.2,在线
2015-03-08,武汉天琪激光设备制造有限公司,1000,高供低计,0002845331,60,,,6.2,在线
2015-03-09,武汉天琪激光设备制造有限公司,1000,高供低计,0002845331,60,,,6.2,在线
2015-03-10,武汉天琪激光设备制造有限公司,1000,高供低计,0002845331,60,,,6.2,在线
2015-03-11,武汉天琪激光设备制造有限公司,1000,高供低计,0002845331,60,,,6.2,在线
2015-03-12,武汉天琪激光设备制造有限公司,1000,高供低计,0002845331,60,,,6.2,在线
2015-03-13,武汉天琪激光设备制造有限公司,1000,高供低计,0002845331,60,,,6.2,在线
2015-03-14,武汉天琪激光设备制造有限公司,1000,高供低计,0002845331,60,,,6.2,在线
2015-03-15,武汉天琪激光设备制造有限公司,1000,高供低计,0002845331,60,,,6.2,在线
2015-03-16,武汉天琪激光设备制造有限公司,1000,高供低计,0002845331,60,,,6.2,在线
2015-03-17,武汉天琪激光设备制造有限公司,1000,高供低计,0002845331,60,,,6.2,在线
2015-03-18,武汉天琪激光设备制造有限公司,1000,高供低计,0002845331,60,,,6.2,在线
2015-03-19,武汉天琪激光设备制造有限公司,1000,高供低计,0002845331,60,,,6.2,在线
2015-03-20,武汉天琪激光设备制造有限公司,1000,高供低计,0002845331,60,,,6.2,在线
2015-03-21,武汉天琪激光设备制造有限公司,1000,高供低计,0002845331,60,,,6.2,在线
2015-03-22,武汉天琪激光设备制造有限公司,1000,高供低计,0002845331,60,,,6.2,在线
2015-03-23,武汉天琪激光设备制造有限公司,1000,高供低计,0002845331,60,,,6.2,在线
2015-03-24,武汉天琪激光设备制造有限公司,1000,高供低计,0002845331,60,,,6.2,在线
2015-03-25,武汉天琪激光设备制造有限公司,1000,高供低计,0002845331,60,,,6.2,在线
2015-03-26,武汉天琪激光设备制造有限公司,1000,高供低计,0002845331,60,,,6.2,在线
2015-03-27,武汉天琪激光设备制造有限公司,1000,高供低计,0002845331,60,,,6.2,在线
2015-03-28,武汉天琪激光设备制造有限公司,1000,高供低计,0002845331,60,,,6.2,在线
2015-03-29,武汉天琪激光设备制造有限公司,1000,高供低计,0002845331,60,,,6.2,在线
2015-03-30,武汉天琪激光设备制造有限公司,1000,高供低计,0002845331,60,1.5131,10:36,6.2,在线
2015-03-31,武汉天琪激光设备制造有限公司,1000,高供低计,0002845331,60,1.5131,10:36,6.2,在线
2015-04-01,武汉天琪激光设备制造有限公司,1000,高供低计,0002845331,60,1.0113,3:06,6.2,在线
2015-04-02,武汉天琪激光设备制造有限公司,1000,高供低计,0002845331,60,1.0289,6:07,6.2,在线
2015-04-03,武汉天琪激光设备制造有限公司,1000,高供低计,0002845331,60,1.0289,6:07,6.2,在线
2015-04-04,武汉天琪激光设备制造有限公司,1000,高供低计,0002845331,60,1.0289,6:07,6.2,在线
2015-04-05,武汉天琪激光设备制造有限公司,1000,高供低计,0002845331,60,1.0289,6:07,6.2,在线
2015-04-06,武汉天琪激光设备制造有限公司,1000,高供低计,0002845331,60,1.0289,6:07,6.2,在线
2015-04-07,武汉天琪激光设备制造有限公司,1000,高供低计,0002845331,60,1.1031,10:14,6.2,在线
2015-04-08,武汉天琪激光设备制造有限公司,1000,高供低计,0002845331,60,1.2051,9:43,6.2,在线
2015-04-09,武汉天琪激光设备制造有限公司,1000,高供低计,0002845331,60,1.2051,9:43,6.2,在线
2015-04-10,武汉天琪激光设备制造有限公司,1000,高供低计,0002845331,60,1.2051,9:43,6.2,在线
2015-04-11,武汉天琪激光设备制造有限公司,1000,高供低计,0002845331,60,1.2051,9:43,6.2,在线
2015-04-12,武汉天琪激光设备制造有限公司,1000,高供低计,0002845331,60,1.2051,9:43,6.2,在线
2015-04-13,武汉天琪激光设备制造有限公司,1000,高供低计,0002845331,60,1.2051,9:43,6.2,在线
2015-04-14,武汉天琪激光设备制造有限公司,1000,高供低计,0002845331,60,1.2051,9:43,6.2,在线
2015-04-15,武汉天琪激光设备制造有限公司,1000,高供低计,0002845331,60,1.2051,9:43,6.2,在线
2015-04-16,武汉天琪激光设备制造有限公司,1000,高供低计,0002845331,60,1.2051,9:43,6.2,在线
2015-04-17,武汉天琪激光设备制造有限公司,1000,高供低计,0002845331,60,1.2051,9:43,6.2,在线
2015-04-18,武汉天琪激光设备制造有限公司,1000,高供低计,0002845331,60,1.2051,9:43,6.2,在线
2015-04-19,武汉天琪激光设备制造有限公司,1000,高供低计,0002845331,60,1.2051,9:43,6.2,在线
2015-04-20,武汉天琪激光设备制造有限公司,1000,高供低计,0002845331,60,1.2051,9:43,6.2,在线
2015-04-21,武汉天琪激光设备制造有限公司,1000,高供低计,0002845331,60,1.2051,9:43,6.2,在线
2015-04-22,武汉天琪激光设备制造有限公司,1000,高供低计,0002845331,60,1.2051,9:43,6.2,在线
2015-04-23,武汉天琪激光设备制造有限公司,1000,高供低计,0002845331,60,1.2051,9:43,6.2,在线
2015-04-24,武汉天琪激光设备制造有限公司,1000,高供低计,0002845331,60,1.2051,9:43,6.2,在线
2015-04-25,武汉天琪激光设备制造有限公司,1000,高供低计,0002845331,60,1.2051,9:43,6.2,在线
2015-04-26,武汉天琪激光设备制造有限公司,1000,高供低计,0002845331,60,1.2051,9:43,6.2,在线
2015-04-27,武汉天琪激光设备制造有限公司,1000,高供低计,0002845331,60,1.2051,9:43,6.2,在线
2015-04-28,武汉天琪激光设备制造有限公司,1000,高供低计,0002845331,60,1.2051,9:43,6.2,在线
2015-04-29,武汉天琪激光设备制造有限公司,1000,高供低计,0002845331,60,1.2051,9:43,6.2,在线
2015-04-30,武汉天琪激光设备制造有限公司,1000,高供低计,0002845331,60,1.2051,9:43,6.2,在线
2015-05-01,武汉天琪激光设备制造有限公司,1000,高供低计,0002845331,60,0.494,12:02,6.2,在线
2015-05-02,武汉天琪激光设备制造有限公司,1000,高供低计,0002845331,60,0.5324,7:16,6.2,在线
2015-05-03,武汉天琪激光设备制造有限公司,1000,高供低计,0002845331,60,0.7079,3:16,6.2,在线
2015-05-04,武汉天琪激光设备制造有限公司,1000,高供低计,0002845331,60,0.943,10:09,6.2,在线
2015-05-05,武汉天琪激光设备制造有限公司,1000,高供低计,0002845331,60,0.943,10:09,6.2,在线
2015-05-06,武汉天琪激光设备制造有限公司,1000,高供低计,0002845331,60,0.943,10:09,6.2,在线
2015-05-07,武汉天琪激光设备制造有限公司,1000,高供低计,0002845331,60,0.943,10:09,6.2,在线
2015-05-08,武汉天琪激光设备制造有限公司,1000,高供低计,0002845331,60,0.943,10:09,6.2,在线
2015-05-09,武汉天琪激光设备制造有限公司,1000,高供低计,0002845331,60,0.943,10:09,6.2,在线
2015-05-10,武汉天琪激光设备制造有限公司,1000,高供低计,0002845331,60,0.943,10:09,6.2,在线
2015-05-11,武汉天琪激光设备制造有限公司,1000,高供低计,0002845331,60,0.943,10:09,6.2,在线
2015-05-12,武汉天琪激光设备制造有限公司,1000,高供低计,0002845331,60,1.044,9:31,6.2,在线
2015-05-13,武汉天琪激光设备制造有限公司,1000,高供低计,0002845331,60,1.044,9:31,6.2,在线
2015-05-14,武汉天琪激光设备制造有限公司,1000,高供低计,0002845331,60,1.044,9:31,6.2,在线
2015-05-15,武汉天琪激光设备制造有限公司,1000,高供低计,0002845331,60,1.044,9:31,6.2,在线
2015-05-16,武汉天琪激光设备制造有限公司,1000,高供低计,0002845331,60,1.044,9:31,6.2,在线
2015-05-17,武汉天琪激光设备制造有限公司,1000,高供低计,0002845331,60,1.044,9:31,6.2,在线
2015-05-18,武汉天琪激光设备制造有限公司,1000,高供低计,0002845331,60,1.044,9:31,6.2,在线
2015-05-19,武汉天琪激光设备制造有限公司,1000,高供低计,0002845331,60,1.044,9:31,6.2,在线
2015-05-20,武汉天琪激光设备制造有限公司,1000,高供低计,0002845331,60,1.044,9:31,6.2,在线
2015-05-21,武汉天琪激光设备制造有限公司,1000,高供低计,0002845331,60,1.044,9:31,6.2,在线
2015-05-22,武汉天琪激光设备制造有限公司,1000,高供低计,0002845331,60,1.044,9:31,6.2,在线
2015-05-23,武汉天琪激光设备制造有限公司,1000,高供低计,0002845331,60,1.044,9:31,6.2,在线
2015-05-24,武汉天琪激光设备制造有限公司,1000,高供低计,0002845331,60,1.044,9:31,6.2,在线
2015-05-25,武汉天琪激光设备制造有限公司,1000,高供低计,0002845331,60,1.044,9:31,6.2,在线
2015-05-26,武汉天琪激光设备制造有限公司,1000,高供低计,0002845331,60,1.044,9:31,6.2,在线
2015-05-27,武汉天琪激光设备制造有限公司,1000,高供低计,0002845331,60,1.044,9:31,6.2,在线
2015-05-28,武汉天琪激光设备制造有限公司,1000,高供低计,0002845331,60,1.044,9:31,6.2,在线
2015-05-29,武汉天琪激光设备制造有限公司,1000,高供低计,0002845331,60,1.044,9:31,6.2,在线
2015-05-30,武汉天琪激光设备制造有限公司,1000,高供低计,0002845331,60,1.044,9:31,6.2,在线
2015-05-31,武汉天琪激光设备制造有限公司,1000,高供低计,0002845331,60,1.044,9:31,6.2,在线
2015-06-01,武汉天琪激光设备制造有限公司,1000,高供低计,0002845331,60,0.9221,9:05,6.2,在线
2015-06-02,武汉天琪激光设备制造有限公司,1000,高供低计,0002845331,60,0.9221,9:05,6.2,在线
2015-06-03,武汉天琪激光设备制造有限公司,1000,高供低计,0002845331,60,0.9574,3:30,6.2,在线
2015-06-04,武汉天琪激光设备制造有限公司,1000,高供低计,0002845331,60,0.9574,3:30,6.2,在线
2015-06-05,武汉天琪激光设备制造有限公司,1000,高供低计,0002845331,60,0.9574,3:30,6.2,在线
2015-06-06,武汉天琪激光设备制造有限公司,1000,高供低计,0002845331,60,0.9574,3:30,6.2,在线
2015-06-07,武汉天琪激光设备制造有限公司,1000,高供低计,0002845331,60,0.9574,3:30,6.2,在线
2015-06-08,武汉天琪激光设备制造有限公司,1000,高供低计,0002845331,60,0.9574,3:30,6.2,在线
2015-06-09,武汉天琪激光设备制造有限公司,1000,高供低计,0002845331,60,0.9574,3:30,6.2,在线
2015-06-10,武汉天琪激光设备制造有限公司,1000,高供低计,0002845331,60,0.9574,3:30,6.2,在线
2015-06-11,武汉天琪激光设备制造有限公司,1000,高供低计,0002845331,60,0.9574,3:30,6.2,在线
2015-06-12,武汉天琪激光设备制造有限公司,1000,高供低计,0002845331,60,0.9574,3:30,6.2,在线
2015-06-13,武汉天琪激光设备制造有限公司,1000,高供低计,0002845331,60,0.9574,3:30,6.2,在线
2015-06-14,武汉天琪激光设备制造有限公司,1000,高供低计,0002845331,60,0.9574,3:30,6.2,在线
2015-06-15,武汉天琪激光设备制造有限公司,1000,高供低计,0002845331,60,1.0595,8:53,6.2,在线
2015-06-16,武汉天琪激光设备制造有限公司,1000,高供低计,0002845331,60,1.0595,8:53,6.2,在线
2015-06-17,武汉天琪激光设备制造有限公司,1000,高供低计,0002845331,60,1.0595,8:53,6.2,在线
2015-06-18,武汉天琪激光设备制造有限公司,1000,高供低计,0002845331,60,1.0595,8:53,6.2,在线
2015-06-19,武汉天琪激光设备制造有限公司,1000,高供低计,0002845331,60,1.0595,8:53,6.2,在线
2015-06-20,武汉天琪激光设备制造有限公司,1000,高供低计,0002845331,60,1.0595,8:53,6.2,在线
2015-06-21,武汉天琪激光设备制造有限公司,1000,高供低计,0002845331,60,1.0595,8:53,6.2,在线
2015-06-22,武汉天琪激光设备制造有限公司,1000,高供低计,0002845331,60,1.0595,8:53,6.2,在线
2015-06-23,武汉天琪激光设备制造有限公司,1000,高供低计,0002845331,60,1.0595,8:53,6.2,在线
2015-06-24,武汉天琪激光设备制造有限公司,1000,高供低计,0002845331,60,1.0595,8:53,6.2,在线
2015-06-25,武汉天琪激光设备制造有限公司,1000,高供低计,0002845331,60,1.0595,8:53,6.2,在线
2015-06-26,武汉天琪激光设备制造有限公司,1000,高供低计,0002845331,60,1.0649,2:55,6.2,在线
2015-06-27,武汉天琪激光设备制造有限公司,1000,高供低计,0002845331,60,1.0649,2:55,6.2,在线
2015-06-28,武汉天琪激光设备制造有限公司,1000,高供低计,0002845331,60,1.0649,2:55,6.2,在线
2015-06-29,武汉天琪激光设备制造有限公司,1000,高供低计,0002845331,60,1.246,3:43,6.2,在线
2015-06-30,武汉天琪激光设备制造有限公司,1000,高供低计,0002845331,60,1.246,3:43,6.2,在线
2015-07-01,武汉天琪激光设备制造有限公司,1000,高供低计,0002845331,60,0.6806,6:50,6.2,在线
2015-07-02,武汉天琪激光设备制造有限公司,1000,高供低计,0002845331,60,0.9638,6:14,6.2,在线
2015-07-03,武汉天琪激光设备制造有限公司,1000,高供低计,0002845331,60,1.1341,10:19,6.2,在线
2015-07-04,武汉天琪激光设备制造有限公司,1000,高供低计,0002845331,60,1.1341,10:19,6.2,在线
2015-07-05,武汉天琪激光设备制造有限公司,1000,高供低计,0002845331,60,1.1341,10:19,6.2,在线
2015-07-06,武汉天琪激光设备制造有限公司,1000,高供低计,0002845331,60,1.1341,10:19,6.2,在线
2015-07-07,武汉天琪激光设备制造有限公司,1000,高供低计,0002845331,60,1.1341,10:19,6.2,在线
2015-07-08,武汉天琪激光设备制造有限公司,1000,高供低计,0002845331,60,1.1341,10:19,6.2,在线
2015-07-09,武汉天琪激光设备制造有限公司,1000,高供低计,0002845331,60,1.1341,10:19,6.2,在线
2015-07-10,武汉天琪激光设备制造有限公司,1000,高供低计,0002845331,60,1.1341,10:19,6.2,在线
2015-07-11,武汉天琪激光设备制造有限公司,1000,高供低计,0002845331,60,1.1341,10:19,6.2,在线
2015-07-12,武汉天琪激光设备制造有限公司,1000,高供低计,0002845331,60,1.1341,10:19,6.2,在线
2015-07-13,武汉天琪激光设备制造有限公司,1000,高供低计,0002845331,60,1.2179,8:50,6.2,在线
2015-07-14,武汉天琪激光设备制造有限公司,1000,高供低计,0002845331,60,1.2179,8:50,6.2,在线
2015-07-15,武汉天琪激光设备制造有限公司,1000,高供低计,0002845331,60,1.2179,8:50,6.2,在线
2015-07-16,武汉天琪激光设备制造有限公司,1000,高供低计,0002845331,60,1.2179,8:50,6.2,在线
2015-07-17,武汉天琪激光设备制造有限公司,1000,高供低计,0002845331,60,1.2179,8:50,6.2,在线
2015-07-18,武汉天琪激光设备制造有限公司,1000,高供低计,0002845331,60,1.2179,8:50,6.2,在线
2015-07-19,武汉天琪激光设备制造有限公司,1000,高供低计,0002845331,60,1.2179,8:50,6.2,在线
2015-07-20,武汉天琪激光设备制造有限公司,1000,高供低计,0002845331,60,1.2179,8:50,6.2,在线
2015-07-21,武汉天琪激光设备制造有限公司,1000,高供低计,0002845331,60,1.2179,8:50,6.2,在线
2015-07-22,武汉天琪激光设备制造有限公司,1000,高供低计,0002845331,60,1.2179,8:50,6.2,在线
2015-07-23,武汉天琪激光设备制造有限公司,1000,高供低计,0002845331,60,1.2179,8:50,6.2,在线
2015-07-24,武汉天琪激光设备制造有限公司,1000,高供低计,0002845331,60,1.2179,8:50,6.2,在线
2015-07-25,武汉天琪激光设备制造有限公司,1000,高供低计,0002845331,60,1.2179,8:50,6.2,在线
2015-07-26,武汉天琪激光设备制造有限公司,1000,高供低计,0002845331,60,1.2179,8:50,6.2,在线
2015-07-27,武汉天琪激光设备制造有限公司,1000,高供低计,0002845331,60,1.2179,8:50,6.2,在线
2015-07-28,武汉天琪激光设备制造有限公司,1000,高供低计,0002845331,60,1.2179,8:50,6.2,在线
2015-07-29,武汉天琪激光设备制造有限公司,1000,高供低计,0002845331,60,1.2179,8:50,6.2,在线
2015-07-30,武汉天琪激光设备制造有限公司,1000,高供低计,0002845331,60,1.2179,8:50,6.2,在线
2015-07-31,武汉天琪激光设备制造有限公司,1000,高供低计,0002845331,60,1.2179,8:50,6.2,在线
2015-08-01,武汉天琪激光设备制造有限公司,1000,高供低计,0002845331,60,0.851,9:32,6.2,在线
2015-08-02,武汉天琪激光设备制造有限公司,1000,高供低计,0002845331,60,1.1293,10:37,6.2,在线
2015-08-03,武汉天琪激光设备制造有限公司,1000,高供低计,0002845331,60,1.1293,10:37,6.2,在线
2015-08-04,武汉天琪激光设备制造有限公司,1000,高供低计,0002845331,60,1.5331,12:39,6.2,在线
2015-08-05,武汉天琪激光设备制造有限公司,1000,高供低计,0002845331,60,1.5331,12:39,6.2,在线
2015-08-06,武汉天琪激光设备制造有限公司,1000,高供低计,0002845331,60,1.5331,12:39,6.2,在线
2015-08-07,武汉天琪激光设备制造有限公司,1000,高供低计,0002845331,60,1.5331,12:39,6.2,在线
2015-08-08,武汉天琪激光设备制造有限公司,1000,高供低计,0002845331,60,1.5331,12:39,6.2,在线
2015-08-09,武汉天琪激光设备制造有限公司,1000,高供低计,0002845331,60,1.5331,12:39,6.2,在线
2015-08-10,武汉天琪激光设备制造有限公司,1000,高供低计,0002845331,60,1.5331,12:39,6.2,在线
2015-08-11,武汉天琪激光设备制造有限公司,1000,高供低计,0002845331,60,1.5331,12:39,6.2,在线
2015-08-12,武汉天琪激光设备制造有限公司,1000,高供低计,0002845331,60,1.5331,12:39,6.2,在线
2015-08-13,武汉天琪激光设备制造有限公司,1000,高供低计,0002845331,60,1.5331,12:39,6.2,在线
2015-08-14,武汉天琪激光设备制造有限公司,1000,高供低计,0002845331,60,1.5331,12:39,6.2,在线
2015-08-15,武汉天琪激光设备制造有限公司,1000,高供低计,0002845331,60,1.5331,12:39,6.2,在线
2015-08-16,武汉天琪激光设备制造有限公司,1000,高供低计,0002845331,60,1.5331,12:39,6.2,在线
2015-08-17,武汉天琪激光设备制造有限公司,1000,高供低计,0002845331,60,1.5331,12:39,6.2,在线
2015-08-18,武汉天琪激光设备制造有限公司,1000,高供低计,0002845331,60,1.5331,12:39,6.2,在线
2015-08-19,武汉天琪激光设备制造有限公司,1000,高供低计,0002845331,60,1.5331,12:39,6.2,在线
2015-08-20,武汉天琪激光设备制造有限公司,1000,高供低计,0002845331,60,1.5331,12:39,6.2,在线
2015-08-21,武汉天琪激光设备制造有限公司,1000,高供低计,0002845331,60,1.5331,12:39,6.2,在线
2015-08-22,武汉天琪激光设备制造有限公司,1000,高供低计,0002845331,60,1.5331,12:39,6.2,在线
2015-08-23,武汉天琪激光设备制造有限公司,1000,高供低计,0002845331,60,1.5331,12:39,6.2,在线
2015-08-24,武汉天琪激光设备制造有限公司,1000,高供低计,0002845331,60,1.5331,12:39,6.2,在线
2015-08-25,武汉天琪激光设备制造有限公司,1000,高供低计,0002845331,60,1.5331,12:39,6.2,在线
2015-08-26,武汉天琪激光设备制造有限公司,1000,高供低计,0002845331,60,1.5331,12:39,6.2,在线
2015-08-27,武汉天琪激光设备制造有限公司,1000,高供低计,0002845331,60,1.5331,12:39,6.2,在线
2015-08-28,武汉天琪激光设备制造有限公司,1000,高供低计,0002845331,60,1.5331,12:39,6.2,在线
2015-08-29,武汉天琪激光设备制造有限公司,1000,高供低计,0002845331,60,1.5331,12:39,6.2,在线
2015-08-30,武汉天琪激光设备制造有限公司,1000,高供低计,0002845331,60,1.5331,12:39,6.2,在线
2015-08-31,武汉天琪激光设备制造有限公司,1000,高供低计,0002845331,60,1.5331,12:39,6.2,在线
2015-09-01,武汉天琪激光设备制造有限公司,1000,高供低计,0002845331,60,0.7887,4:03,6.2,在线
2015-09-02,武汉天琪激光设备制造有限公司,1000,高供低计,0002845331,60,1.1026,9:03,6.2,在线
2015-09-03,武汉天琪激光设备制造有限公司,1000,高供低计,0002845331,60,1.1026,9:03,6.2,在线
2015-09-04,武汉天琪激光设备制造有限公司,1000,高供低计,0002845331,60,1.1026,9:03,6.2,在线
2015-09-05,武汉天琪激光设备制造有限公司,1000,高供低计,0002845331,60,1.1026,9:03,6.2,在线
2015-09-06,武汉天琪激光设备制造有限公司,1000,高供低计,0002845331,60,1.1026,9:03,6.2,在线
2015-09-07,武汉天琪激光设备制造有限公司,1000,高供低计,0002845331,60,1.1026,9:03,6.2,在线
2015-09-08,武汉天琪激光设备制造有限公司,1000,高供低计,0002845331,60,1.1026,9:03,6.2,在线
2015-09-09,武汉天琪激光设备制造有限公司,1000,高供低计,0002845331,60,1.1026,9:03,6.2,在线
2015-09-10,武汉天琪激光设备制造有限公司,1000,高供低计,0002845331,60,1.1026,9:03,6.2,在线
2015-09-11,武汉天琪激光设备制造有限公司,1000,高供低计,0002845331,60,1.1026,9:03,6.2,在线
2015-09-12,武汉天琪激光设备制造有限公司,1000,高供低计,0002845331,60,1.1026,9:03,6.2,在线
2015-09-13,武汉天琪激光设备制造有限公司,1000,高供低计,0002845331,60,1.1026,9:03,6.2,在线
2015-09-14,武汉天琪激光设备制造有限公司,1000,高供低计,0002845331,60,1.1026,9:03,6.2,在线
2015-09-15,武汉天琪激光设备制造有限公司,1000,高供低计,0002845331,60,1.1026,9:03,6.2,在线
2015-09-16,武汉天琪激光设备制造有限公司,1000,高供低计,0002845331,60,1.1026,9:03,6.2,在线
2015-09-17,武汉天琪激光设备制造有限公司,1000,高供低计,0002845331,60,1.1026,9:03,6.2,在线
2015-09-18,武汉天琪激光设备制造有限公司,1000,高供低计,0002845331,60,1.1026,9:03,6.2,在线
2015-09-19,武汉天琪激光设备制造有限公司,1000,高供低计,0002845331,60,1.1026,9:03,6.2,在线
2015-09-20,武汉天琪激光设备制造有限公司,1000,高供低计,0002845331,60,1.1026,9:03,6.2,在线
2015-09-21,武汉天琪激光设备制造有限公司,1000,高供低计,0002845331,60,1.1026,9:03,6.2,在线
2015-09-22,武汉天琪激光设备制造有限公司,1000,高供低计,0002845331,60,1.1026,9:03,6.2,在线
2015-09-23,武汉天琪激光设备制造有限公司,1000,高供低计,0002845331,60,1.1026,9:03,6.2,在线
2015-09-24,武汉天琪激光设备制造有限公司,1000,高供低计,0002845331,60,1.1026,9:03,6.2,在线
2015-09-25,武汉天琪激光设备制造有限公司,1000,高供低计,0002845331,60,1.1026,9:03,6.2,在线
2015-09-26,武汉天琪激光设备制造有限公司,1000,高供低计,0002845331,60,1.1026,9:03,6.2,在线
2015-09-27,武汉天琪激光设备制造有限公司,1000,高供低计,0002845331,60,1.1026,9:03,6.2,在线
2015-09-28,武汉天琪激光设备制造有限公司,1000,高供低计,0002845331,60,1.1026,9:03,6.2,在线
2015-09-29,武汉天琪激光设备制造有限公司,1000,高供低计,0002845331,60,1.1026,9:03,6.2,在线
2015-09-30,武汉天琪激光设备制造有限公司,1000,高供低计,0002845331,60,1.1026,9:03,6.2,在线
2015-10-01,武汉天琪激光设备制造有限公司,1000,高供低计,0002845331,60,0.5632,12:29,6.2,在线
2015-10-02,武汉天琪激光设备制造有限公司,1000,高供低计,0002845331,60,0.5632,12:29,6.2,在线
2015-10-03,武汉天琪激光设备制造有限公司,1000,高供低计,0002845331,60,0.5632,12:29,6.2,在线
2015-10-04,武汉天琪激光设备制造有限公司,1000,高供低计,0002845331,60,0.5632,12:29,6.2,在线
2015-10-05,武汉天琪激光设备制造有限公司,1000,高供低计,0002845331,60,0.5632,12:29,6.2,在线
2015-10-06,武汉天琪激光设备制造有限公司,1000,高供低计,0002845331,60,0.5632,12:29,6.2,在线
2015-10-07,武汉天琪激光设备制造有限公司,1000,高供低计,0002845331,60,0.5632,12:29,6.2,在线
2015-10-08,武汉天琪激光设备制造有限公司,1000,高供低计,0002845331,60,0.7605,10:56,6.2,在线
2015-10-09,武汉天琪激光设备制造有限公司,1000,高供低计,0002845331,60,0.7605,10:56,6.2,在线
2015-10-10,武汉天琪激光设备制造有限公司,1000,高供低计,0002845331,60,0.863,2:33,6.2,在线
2015-10-11,武汉天琪激光设备制造有限公司,1000,高供低计,0002845331,60,0.863,2:33,6.2,在线
2015-10-12,武汉天琪激光设备制造有限公司,1000,高供低计,0002845331,60,0.863,2:33,6.2,在线
2015-10-13,武汉天琪激光设备制造有限公司,1000,高供低计,0002845331,60,0.863,2:33,6.2,在线
2015-10-14,武汉天琪激光设备制造有限公司,1000,高供低计,0002845331,60,0.863,2:33,6.2,在线
2015-10-15,武汉天琪激光设备制造有限公司,1000,高供低计,0002845331,60,0.8697,2:54,6.2,在线
2015-10-16,武汉天琪激光设备制造有限公司,1000,高供低计,0002845331,60,0.9654,10:00,6.2,在线
2015-10-17,武汉天琪激光设备制造有限公司,1000,高供低计,0002845331,60,0.9654,10:00,6.2,在线
2015-10-18,武汉天琪激光设备制造有限公司,1000,高供低计,0002845331,60,0.9654,10:00,6.2,在线
2015-10-19,武汉天琪激光设备制造有限公司,1000,高供低计,0002845331,60,0.9654,10:00,6.2,在线
2015-10-20,武汉天琪激光设备制造有限公司,1000,高供低计,0002845331,60,0.9654,10:00,6.2,在线
2015-10-21,武汉天琪激光设备制造有限公司,1000,高供低计,0002845331,60,0.9654,10:00,6.2,在线
2015-10-22,武汉天琪激光设备制造有限公司,1000,高供低计,0002845331,60,0.9654,10:00,6.2,在线
2015-10-23,武汉天琪激光设备制造有限公司,1000,高供低计,0002845331,60,0.9654,10:00,6.2,在线
2015-10-24,武汉天琪激光设备制造有限公司,1000,高供低计,0002845331,60,0.9654,10:00,6.2,在线
2015-10-25,武汉天琪激光设备制造有限公司,1000,高供低计,0002845331,60,0.9654,10:00,6.2,在线
2015-10-26,武汉天琪激光设备制造有限公司,1000,高供低计,0002845331,60,1.0229,9:06,6.2,在线
2015-10-27,武汉天琪激光设备制造有限公司,1000,高供低计,0002845331,60,1.0229,9:06,6.2,在线
2015-10-28,武汉天琪激光设备制造有限公司,1000,高供低计,0002845331,60,1.0229,9:06,6.2,在线
2015-10-29,武汉天琪激光设备制造有限公司,1000,高供低计,0002845331,60,1.0229,9:06,6.2,在线
2015-10-30,武汉天琪激光设备制造有限公司,1000,高供低计,0002845331,60,1.0229,9:06,6.2,在线
2015-10-31,武汉天琪激光设备制造有限公司,1000,高供低计,0002845331,60,1.0229,9:06,6.2,在线
2015-11-01,武汉天琪激光设备制造有限公司,1000,高供低计,0002845331,60,0.659,7:41,6.2,在线
2015-11-02,武汉天琪激光设备制造有限公司,1000,高供低计,0002845331,60,0.7788,6:25,6.2,在线
2015-11-03,武汉天琪激光设备制造有限公司,1000,高供低计,0002845331,60,0.9986,9:13,6.2,在线
2015-11-04,武汉天琪激光设备制造有限公司,1000,高供低计,0002845331,60,0.9986,9:13,6.2,在线
2015-11-05,武汉天琪激光设备制造有限公司,1000,高供低计,0002845331,60,0.9986,9:13,6.2,在线
2015-11-06,武汉天琪激光设备制造有限公司,1000,高供低计,0002845331,60,0.9986,9:13,6.2,在线
2015-11-07,武汉天琪激光设备制造有限公司,1000,高供低计,0002845331,60,0.9986,9:13,6.2,在线
2015-11-08,武汉天琪激光设备制造有限公司,1000,高供低计,0002845331,60,0.9986,9:13,6.2,在线
2015-11-09,武汉天琪激光设备制造有限公司,1000,高供低计,0002845331,60,0.9986,9:13,6.2,在线
2015-11-10,武汉天琪激光设备制造有限公司,1000,高供低计,0002845331,60,0.9986,9:13,6.2,在线
2015-11-11,武汉天琪激光设备制造有限公司,1000,高供低计,0002845331,60,0.9986,9:13,6.2,在线
2015-11-12,武汉天琪激光设备制造有限公司,1000,高供低计,0002845331,60,0.9986,9:13,6.2,在线
2015-11-13,武汉天琪激光设备制造有限公司,1000,高供低计,0002845331,60,0.9986,9:13,6.2,在线
2015-11-14,武汉天琪激光设备制造有限公司,1000,高供低计,0002845331,60,0.9986,9:13,6.2,在线
2015-11-15,武汉天琪激光设备制造有限公司,1000,高供低计,0002845331,60,0.9986,9:13,6.2,在线
2015-11-16,武汉天琪激光设备制造有限公司,1000,高供低计,0002845331,60,0.9986,9:13,6.2,在线
2015-11-17,武汉天琪激光设备制造有限公司,1000,高供低计,0002845331,60,0.9986,9:13,6.2,在线
2015-11-18,武汉天琪激光设备制造有限公司,1000,高供低计,0002845331,60,0.9986,9:13,6.2,在线
2015-11-19,武汉天琪激光设备制造有限公司,1000,高供低计,0002845331,60,1.0508,9:17,6.2,在线
2015-11-20,武汉天琪激光设备制造有限公司,1000,高供低计,0002845331,60,1.0508,9:17,6.2,在线
2015-11-21,武汉天琪激光设备制造有限公司,1000,高供低计,0002845331,60,1.0508,9:17,6.2,在线
2015-11-22,武汉天琪激光设备制造有限公司,1000,高供低计,0002845331,60,1.0508,9:17,6.2,在线
2015-11-23,武汉天琪激光设备制造有限公司,1000,高供低计,0002845331,60,1.0508,9:17,6.2,在线
2015-11-24,武汉天琪激光设备制造有限公司,1000,高供低计,0002845331,60,1.2509,6:08,6.2,在线
2015-11-25,武汉天琪激光设备制造有限公司,1000,高供低计,0002845331,60,1.2509,6:08,6.2,在线
2015-11-26,武汉天琪激光设备制造有限公司,1000,高供低计,0002845331,60,1.2917,9:26,6.2,在线
2015-11-27,武汉天琪激光设备制造有限公司,1000,高供低计,0002845331,60,1.3068,3:06,6.2,在线
2015-11-28,武汉天琪激光设备制造有限公司,1000,高供低计,0002845331,60,1.3068,3:06,6.2,在线
2015-11-29,武汉天琪激光设备制造有限公司,1000,高供低计,0002845331,60,1.3068,3:06,6.2,在线
2015-11-30,武汉天琪激光设备制造有限公司,1000,高供低计,0002845331,60,1.3068,3:06,6.2,在线
2015-12-01,武汉天琪激光设备制造有限公司,1000,高供低计,0002845331,60,1.3146,9:46,6.2,在线
2015-12-02,武汉天琪激光设备制造有限公司,1000,高供低计,0002845331,60,1.3146,9:46,6.2,在线
2015-12-03,武汉天琪激光设备制造有限公司,1000,高供低计,0002845331,60,1.3146,9:46,6.2,在线
2015-12-04,武汉天琪激光设备制造有限公司,1000,高供低计,0002845331,60,1.3146,9:46,6.2,在线
2015-12-05,武汉天琪激光设备制造有限公司,1000,高供低计,0002845331,60,1.3146,9:46,6.2,在线
2015-12-06,武汉天琪激光设备制造有限公司,1000,高供低计,0002845331,60,1.3146,9:46,6.2,在线
2015-12-07,武汉天琪激光设备制造有限公司,1000,高供低计,0002845331,60,1.3146,9:46,6.2,在线
2015-12-08,武汉天琪激光设备制造有限公司,1000,高供低计,0002845331,60,1.3146,9:46,6.2,在线
2015-12-09,武汉天琪激光设备制造有限公司,1000,高供低计,0002845331,60,1.3146,9:46,6.2,在线
2015-12-10,武汉天琪激光设备制造有限公司,1000,高供低计,0002845331,60,1.3146,9:46,6.2,在线
2015-12-11,武汉天琪激光设备制造有限公司,1000,高供低计,0002845331,60,1.3146,9:46,6.2,在线
2015-12-12,武汉天琪激光设备制造有限公司,1000,高供低计,0002845331,60,1.3146,9:46,6.2,在线
2015-12-13,武汉天琪激光设备制造有限公司,1000,高供低计,0002845331,60,1.3146,9:46,6.2,在线
2015-12-14,武汉天琪激光设备制造有限公司,1000,高供低计,0002845331,60,1.5555,3:09,6.2,在线
2015-12-15,武汉天琪激光设备制造有限公司,1000,高供低计,0002845331,60,1.5555,3:09,6.2,在线
2015-12-16,武汉天琪激光设备制造有限公司,1000,高供低计,0002845331,60,1.5555,3:09,6.2,在线
2015-12-17,武汉天琪激光设备制造有限公司,1000,高供低计,0002845331,60,1.5555,3:09,6.2,在线
2015-12-18,武汉天琪激光设备制造有限公司,1000,高供低计,0002845331,60,1.567,10:34,6.2,在线
2015-12-19,武汉天琪激光设备制造有限公司,1000,高供低计,0002845331,60,1.567,10:34,6.2,在线
2015-12-20,武汉天琪激光设备制造有限公司,1000,高供低计,0002845331,60,1.567,10:34,6.2,在线
2015-12-21,武汉天琪激光设备制造有限公司,1000,高供低计,0002845331,60,1.567,10:34,6.2,在线
2015-12-22,武汉天琪激光设备制造有限公司,1000,高供低计,0002845331,60,1.567,10:34,6.2,在线
2015-12-23,武汉天琪激光设备制造有限公司,1000,高供低计,0002845331,60,1.567,10:34,6.2,在线
2015-12-24,武汉天琪激光设备制造有限公司,1000,高供低计,0002845331,60,1.567,10:34,6.2,在线
2015-12-25,武汉天琪激光设备制造有限公司,1000,高供低计,0002845331,60,1.567,10:34,6.2,在线
2015-12-26,武汉天琪激光设备制造有限公司,1000,高供低计,0002845331,60,1.567,10:34,6.2,在线
2015-12-27,武汉天琪激光设备制造有限公司,1000,高供低计,0002845331,60,1.567,10:34,6.2,在线
2015-12-28,武汉天琪激光设备制造有限公司,1000,高供低计,0002845331,60,1.567,10:34,6.2,在线
2015-12-29,武汉天琪激光设备制造有限公司,1000,高供低计,0002845331,60,1.567,10:34,6.2,在线
2015-12-30,武汉天琪激光设备制造有限公司,1000,高供低计,0002845331,60,1.567,10:34,6.2,在线
2015-12-31,武汉天琪激光设备制造有限公司,1000,高供低计,0002845331,60,1.567,10:34,6.2,在线
2016-01-01,武汉天琪激光设备制造有限公司,1000,高供低计,0002845331,60,0.6759,8:50,6.2,在线
2016-01-02,武汉天琪激光设备制造有限公司,1000,高供低计,0002845331,60,0.8012,9:15,6.2,在线
2016-01-03,武汉天琪激光设备制造有限公司,1000,高供低计,0002845331,60,0.8012,9:15,6.2,在线
2016-01-04,武汉天琪激光设备制造有限公司,1000,高供低计,0002845331,60,1.0941,5:43,6.2,在线
2016-01-05,武汉天琪激光设备制造有限公司,1000,高供低计,0002845331,60,1.3017,12:14,6.2,在线
2016-01-06,武汉天琪激光设备制造有限公司,1000,高供低计,0002845331,60,1.3447,8:49,6.2,在线
2016-01-07,武汉天琪激光设备制造有限公司,1000,高供低计,0002845331,60,1.4476,10:49,6.2,在线
2016-01-08,武汉天琪激光设备制造有限公司,1000,高供低计,0002845331,60,1.5521,10:10,6.2,在线
2016-01-09,武汉天琪激光设备制造有限公司,1000,高供低计,0002845331,60,1.5521,10:10,6.2,在线
2016-01-10,武汉天琪激光设备制造有限公司,1000,高供低计,0002845331,60,1.5521,10:10,6.2,在线
2016-01-11,武汉天琪激光设备制造有限公司,1000,高供低计,0002845331,60,1.7017,3:03,6.2,在线
2016-01-12,武汉天琪激光设备制造有限公司,1000,高供低计,0002845331,60,1.7017,3:03,6.2,在线
2016-01-13,武汉天琪激光设备制造有限公司,1000,高供低计,0002845331,60,1.7017,3:03,6.2,在线
2016-01-14,武汉天琪激光设备制造有限公司,1000,高供低计,0002845331,60,1.7017,3:03,6.2,在线
2016-01-15,武汉天琪激光设备制造有限公司,1000,高供低计,0002845331,60,1.7017,3:03,6.2,在线
2016-01-16,武汉天琪激光设备制造有限公司,1000,高供低计,0002845331,60,1.7017,3:03,6.2,在线
2016-01-17,武汉天琪激光设备制造有限公司,1000,高供低计,0002845331,60,1.7017,3:03,6.2,在线
2016-01-18,武汉天琪激光设备制造有限公司,1000,高供低计,0002845331,60,1.7017,3:03,6.2,在线
2016-01-19,武汉天琪激光设备制造有限公司,1000,高供低计,0002845331,60,1.7017,3:03,6.2,在线
2016-01-20,武汉天琪激光设备制造有限公司,1000,高供低计,0002845331,60,1.7017,3:03,6.2,在线
2016-01-21,武汉天琪激光设备制造有限公司,1000,高供低计,0002845331,60,1.8305,9:02,6.2,在线
2016-01-22,武汉天琪激光设备制造有限公司,1000,高供低计,0002845331,60,1.8305,9:02,6.2,在线
2016-01-23,武汉天琪激光设备制造有限公司,1000,高供低计,0002845331,60,1.8305,9:02,6.2,在线
2016-01-24,武汉天琪激光设备制造有限公司,1000,高供低计,0002845331,60,1.8305,9:02,6.2,在线
2016-01-25,武汉天琪激光设备制造有限公司,1000,高供低计,0002845331,60,1.8305,9:02,6.2,在线
2016-01-26,武汉天琪激光设备制造有限公司,1000,高供低计,0002845331,60,1.9445,8:49,6.2,在线
2016-01-27,武汉天琪激光设备制造有限公司,1000,高供低计,0002845331,60,1.9445,8:49,6.2,在线
2016-01-28,武汉天琪激光设备制造有限公司,1000,高供低计,0002845331,60,1.9445,8:49,6.2,在线
2016-01-29,武汉天琪激光设备制造有限公司,1000,高供低计,0002845331,60,1.9445,8:49,6.2,在线
2016-01-30,武汉天琪激光设备制造有限公司,1000,高供低计,0002845331,60,1.9445,8:49,6.2,在线
2016-01-31,武汉天琪激光设备制造有限公司,1000,高供低计,0002845331,60,1.9445,8:49,6.2,在线
2016-02-01,武汉天琪激光设备制造有限公司,1000,高供低计,0002845331,60,1.8759,9:07,6.2,在线
2016-02-02,武汉天琪激光设备制造有限公司,1000,高供低计,0002845331,60,2.099,9:47,6.2,在线
2016-02-03,武汉天琪激光设备制造有限公司,1000,高供低计,0002845331,60,2.099,9:47,6.2,在线
2016-02-04,武汉天琪激光设备制造有限公司,1000,高供低计,0002845331,60,2.099,9:47,6.2,在线
2016-02-05,武汉天琪激光设备制造有限公司,1000,高供低计,0002845331,60,2.099,9:47,6.2,在线
2016-02-06,武汉天琪激光设备制造有限公司,1000,高供低计,0002845331,60,2.099,9:47,6.2,在线
2016-02-07,武汉天琪激光设备制造有限公司,1000,高供低计,0002845331,60,2.099,9:47,6.2,在线
2016-02-08,武汉天琪激光设备制造有限公司,1000,高供低计,0002845331,60,2.099,9:47,6.2,在线
2016-02-09,武汉天琪激光设备制造有限公司,1000,高供低计,0002845331,60,2.099,9:47,6.2,在线
2016-02-10,武汉天琪激光设备制造有限公司,1000,高供低计,0002845331,60,2.099,9:47,6.2,在线
2016-02-11,武汉天琪激光设备制造有限公司,1000,高供低计,0002845331,60,2.099,9:47,6.2,在线
2016-02-12,武汉天琪激光设备制造有限公司,1000,高供低计,0002845331,60,2.099,9:47,6.2,在线
2016-02-13,武汉天琪激光设备制造有限公司,1000,高供低计,0002845331,60,2.099,9:47,6.2,在线
2016-02-14,武汉天琪激光设备制造有限公司,1000,高供低计,0002845331,60,2.099,9:47,6.2,在线
2016-02-15,武汉天琪激光设备制造有限公司,1000,高供低计,0002845331,60,2.099,9:47,6.2,在线
2016-02-16,武汉天琪激光设备制造有限公司,1000,高供低计,0002845331,60,2.099,9:47,6.2,在线
2016-02-17,武汉天琪激光设备制造有限公司,1000,高供低计,0002845331,60,2.099,9:47,6.2,在线
2016-02-18,武汉天琪激光设备制造有限公司,1000,高供低计,0002845331,60,2.099,9:47,6.2,在线
2016-02-19,武汉天琪激光设备制造有限公司,1000,高供低计,0002845331,60,2.099,9:47,6.2,在线
2016-02-20,武汉天琪激光设备制造有限公司,1000,高供低计,0002845331,60,2.099,9:47,6.2,在线
2016-02-21,武汉天琪激光设备制造有限公司,1000,高供低计,0002845331,60,2.099,9:47,6.2,在线
2016-02-22,武汉天琪激光设备制造有限公司,1000,高供低计,0002845331,60,2.099,9:47,6.2,在线
2016-02-23,武汉天琪激光设备制造有限公司,1000,高供低计,0002845331,60,2.099,9:47,6.2,在线
2016-02-24,武汉天琪激光设备制造有限公司,1000,高供低计,0002845331,60,2.099,9:47,6.2,在线
2016-02-25,武汉天琪激光设备制造有限公司,1000,高供低计,0002845331,60,2.099,9:47,6.2,在线
2016-02-26,武汉天琪激光设备制造有限公司,1000,高供低计,0002845331,60,2.099,9:47,6.2,在线
2016-02-27,武汉天琪激光设备制造有限公司,1000,高供低计,0002845331,60,2.099,9:47,6.2,在线
2016-02-28,武汉天琪激光设备制造有限公司,1000,高供低计,0002845331,60,2.099,9:47,6.2,在线
2016-02-29,武汉天琪激光设备制造有限公司,1000,高供低计,0002845331,60,2.099,9:47,6.2,在线
2016-03-01,武汉天琪激光设备制造有限公司,1000,高供低计,0002845331,60,1.0673,9:30,6.2,在线
2016-03-02,武汉天琪激光设备制造有限公司,1000,高供低计,0002845331,60,1.076,10:30,6.2,在线
2016-03-03,武汉天琪激光设备制造有限公司,1000,高供低计,0002845331,60,1.076,10:30,6.2,在线
2016-11-13,武汉天琪激光设备制造有限公司,1000,高供低计,0002845331,60,1.1942,3:07,6.2,在线
2016-03-04,武汉天琪激光设备制造有限公司,1000,高供低计,0002845331,60,1.076,10:30,6.2,在线
2016-03-05,武汉天琪激光设备制造有限公司,1000,高供低计,0002845331,60,1.076,10:30,6.2,在线
2016-03-06,武汉天琪激光设备制造有限公司,1000,高供低计,0002845331,60,1.076,10:30,6.2,在线
2016-03-07,武汉天琪激光设备制造有限公司,1000,高供低计,0002845331,60,1.076,10:30,6.2,在线
2016-03-08,武汉天琪激光设备制造有限公司,1000,高供低计,0002845331,60,1.076,10:30,6.2,在线
2016-03-09,武汉天琪激光设备制造有限公司,1000,高供低计,0002845331,60,1.0856,7:29,6.2,在线
2016-03-10,武汉天琪激光设备制造有限公司,1000,高供低计,0002845331,60,1.3933,9:24,6.2,在线
2016-03-11,武汉天琪激光设备制造有限公司,1000,高供低计,0002845331,60,1.3933,9:24,6.2,在线
2016-03-12,武汉天琪激光设备制造有限公司,1000,高供低计,0002845331,60,1.3933,9:24,6.2,在线
2016-03-13,武汉天琪激光设备制造有限公司,1000,高供低计,0002845331,60,1.3933,9:24,6.2,在线
2016-03-14,武汉天琪激光设备制造有限公司,1000,高供低计,0002845331,60,1.3933,9:24,6.2,在线
2016-03-15,武汉天琪激光设备制造有限公司,1000,高供低计,0002845331,60,1.3933,9:24,6.2,在线
2016-03-16,武汉天琪激光设备制造有限公司,1000,高供低计,0002845331,60,1.3933,9:24,6.2,在线
2016-03-17,武汉天琪激光设备制造有限公司,1000,高供低计,0002845331,60,1.3933,9:24,6.2,在线
2016-03-18,武汉天琪激光设备制造有限公司,1000,高供低计,0002845331,60,1.3933,9:24,6.2,在线
2016-03-19,武汉天琪激光设备制造有限公司,1000,高供低计,0002845331,60,1.3933,9:24,6.2,在线
2016-03-20,武汉天琪激光设备制造有限公司,1000,高供低计,0002845331,60,1.3933,9:24,6.2,在线
2016-03-21,武汉天琪激光设备制造有限公司,1000,高供低计,0002845331,60,1.3933,9:24,6.2,在线
2016-03-22,武汉天琪激光设备制造有限公司,1000,高供低计,0002845331,60,1.3933,9:24,6.2,在线
2016-03-23,武汉天琪激光设备制造有限公司,1000,高供低计,0002845331,60,1.3933,9:24,6.2,在线
2016-03-24,武汉天琪激光设备制造有限公司,1000,高供低计,0002845331,60,1.3933,9:24,6.2,在线
2016-03-25,武汉天琪激光设备制造有限公司,1000,高供低计,0002845331,60,1.3933,9:24,6.2,在线
2016-03-26,武汉天琪激光设备制造有限公司,1000,高供低计,0002845331,60,1.3933,9:24,6.2,在线
2016-03-27,武汉天琪激光设备制造有限公司,1000,高供低计,0002845331,60,1.3933,9:24,6.2,在线
2016-03-28,武汉天琪激光设备制造有限公司,1000,高供低计,0002845331,60,1.3933,9:24,6.2,在线
2016-03-29,武汉天琪激光设备制造有限公司,1000,高供低计,0002845331,60,1.3933,9:24,6.2,在线
2016-03-30,武汉天琪激光设备制造有限公司,1000,高供低计,0002845331,60,1.3933,9:24,6.2,在线
2016-03-31,武汉天琪激光设备制造有限公司,1000,高供低计,0002845331,60,1.3933,9:24,6.2,在线
2016-04-01,武汉天琪激光设备制造有限公司,1000,高供低计,0002845331,60,0.8975,10:29,6.2,在线
2016-04-02,武汉天琪激光设备制造有限公司,1000,高供低计,0002845331,60,0.8975,10:29,6.2,在线
2016-04-03,武汉天琪激光设备制造有限公司,1000,高供低计,0002845331,60,0.8975,10:29,6.2,在线
2016-04-04,武汉天琪激光设备制造有限公司,1000,高供低计,0002845331,60,0.8975,10:29,6.2,在线
2016-04-05,武汉天琪激光设备制造有限公司,1000,高供低计,0002845331,60,1.0502,10:18,6.2,在线
2016-04-06,武汉天琪激光设备制造有限公司,1000,高供低计,0002845331,60,1.0502,10:18,6.2,在线
2016-04-07,武汉天琪激光设备制造有限公司,1000,高供低计,0002845331,60,1.0502,10:18,6.2,在线
2016-04-08,武汉天琪激光设备制造有限公司,1000,高供低计,0002845331,60,1.0502,10:18,6.2,在线
2016-04-09,武汉天琪激光设备制造有限公司,1000,高供低计,0002845331,60,1.0502,10:18,6.2,在线
2016-04-10,武汉天琪激光设备制造有限公司,1000,高供低计,0002845331,60,1.0502,10:18,6.2,在线
2016-04-11,武汉天琪激光设备制造有限公司,1000,高供低计,0002845331,60,1.0502,10:18,6.2,在线
2016-04-12,武汉天琪激光设备制造有限公司,1000,高供低计,0002845331,60,1.0502,10:18,6.2,在线
2016-04-13,武汉天琪激光设备制造有限公司,1000,高供低计,0002845331,60,1.0502,10:18,6.2,在线
2016-04-14,武汉天琪激光设备制造有限公司,1000,高供低计,0002845331,60,1.0502,10:18,6.2,在线
2016-04-15,武汉天琪激光设备制造有限公司,1000,高供低计,0002845331,60,1.0502,10:18,6.2,在线
2016-04-16,武汉天琪激光设备制造有限公司,1000,高供低计,0002845331,60,1.0502,10:18,6.2,在线
2016-04-17,武汉天琪激光设备制造有限公司,1000,高供低计,0002845331,60,1.0502,10:18,6.2,在线
2016-04-18,武汉天琪激光设备制造有限公司,1000,高供低计,0002845331,60,1.0502,10:18,6.2,在线
2016-04-19,武汉天琪激光设备制造有限公司,1000,高供低计,0002845331,60,1.0502,10:18,6.2,在线
2016-04-20,武汉天琪激光设备制造有限公司,1000,高供低计,0002845331,60,1.0502,10:18,6.2,在线
2016-04-21,武汉天琪激光设备制造有限公司,1000,高供低计,0002845331,60,1.0502,10:18,6.2,在线
2016-04-22,武汉天琪激光设备制造有限公司,1000,高供低计,0002845331,60,1.0502,10:18,6.2,在线
2016-04-23,武汉天琪激光设备制造有限公司,1000,高供低计,0002845331,60,1.0502,10:18,6.2,在线
2016-04-24,武汉天琪激光设备制造有限公司,1000,高供低计,0002845331,60,1.0502,10:18,6.2,在线
2016-04-25,武汉天琪激光设备制造有限公司,1000,高供低计,0002845331,60,1.0502,10:18,6.2,在线
2016-04-26,武汉天琪激光设备制造有限公司,1000,高供低计,0002845331,60,1.0502,10:18,6.2,在线
2016-04-27,武汉天琪激光设备制造有限公司,1000,高供低计,0002845331,60,1.0502,10:18,6.2,在线
2016-04-28,武汉天琪激光设备制造有限公司,1000,高供低计,0002845331,60,1.0502,10:18,6.2,在线
2016-04-29,武汉天琪激光设备制造有限公司,1000,高供低计,0002845331,60,1.0502,10:18,6.2,在线
2016-04-30,武汉天琪激光设备制造有限公司,1000,高供低计,0002845331,60,1.0502,10:18,6.2,在线
2016-05-01,武汉天琪激光设备制造有限公司,1000,高供低计,0002845331,60,0.6155,10:42,6.2,在线
2016-05-02,武汉天琪激光设备制造有限公司,1000,高供低计,0002845331,60,0.6708,8:27,6.2,在线
2016-05-03,武汉天琪激光设备制造有限公司,1000,高供低计,0002845331,60,0.7386,1:56,6.2,在线
2016-05-04,武汉天琪激光设备制造有限公司,1000,高供低计,0002845331,60,0.8707,2:40,6.2,在线
2016-05-05,武汉天琪激光设备制造有限公司,1000,高供低计,0002845331,60,0.92,3:01,6.2,在线
2016-05-06,武汉天琪激光设备制造有限公司,1000,高供低计,0002845331,60,0.92,3:01,6.2,在线
2016-05-07,武汉天琪激光设备制造有限公司,1000,高供低计,0002845331,60,0.92,3:01,6.2,在线
2016-05-08,武汉天琪激光设备制造有限公司,1000,高供低计,0002845331,60,0.92,3:01,6.2,在线
2016-05-09,武汉天琪激光设备制造有限公司,1000,高供低计,0002845331,60,0.92,3:01,6.2,在线
2016-05-10,武汉天琪激光设备制造有限公司,1000,高供低计,0002845331,60,0.92,3:01,6.2,在线
2016-05-11,武汉天琪激光设备制造有限公司,1000,高供低计,0002845331,60,0.92,3:01,6.2,在线
2016-05-12,武汉天琪激光设备制造有限公司,1000,高供低计,0002845331,60,0.92,3:01,6.2,在线
2016-05-13,武汉天琪激光设备制造有限公司,1000,高供低计,0002845331,60,0.9264,2:53,6.2,在线
2016-05-14,武汉天琪激光设备制造有限公司,1000,高供低计,0002845331,60,0.9264,2:53,6.2,在线
2016-05-15,武汉天琪激光设备制造有限公司,1000,高供低计,0002845331,60,0.9264,2:53,6.2,在线
2016-05-16,武汉天琪激光设备制造有限公司,1000,高供低计,0002845331,60,0.9264,2:53,6.2,在线
2016-05-17,武汉天琪激光设备制造有限公司,1000,高供低计,0002845331,60,0.9264,2:53,6.2,在线
2016-05-18,武汉天琪激光设备制造有限公司,1000,高供低计,0002845331,60,0.9264,2:53,6.2,在线
2016-05-19,武汉天琪激光设备制造有限公司,1000,高供低计,0002845331,60,1.0377,9:25,6.2,在线
2016-05-20,武汉天琪激光设备制造有限公司,1000,高供低计,0002845331,60,1.0377,9:25,6.2,在线
2016-05-21,武汉天琪激光设备制造有限公司,1000,高供低计,0002845331,60,1.0377,9:25,6.2,在线
2016-05-22,武汉天琪激光设备制造有限公司,1000,高供低计,0002845331,60,1.0377,9:25,6.2,在线
2016-05-23,武汉天琪激光设备制造有限公司,1000,高供低计,0002845331,60,1.0377,9:25,6.2,在线
2016-05-24,武汉天琪激光设备制造有限公司,1000,高供低计,0002845331,60,1.0377,9:25,6.2,在线
2016-05-25,武汉天琪激光设备制造有限公司,1000,高供低计,0002845331,60,1.0377,9:25,6.2,在线
2016-05-26,武汉天琪激光设备制造有限公司,1000,高供低计,0002845331,60,1.0377,9:25,6.2,在线
2016-05-27,武汉天琪激光设备制造有限公司,1000,高供低计,0002845331,60,1.0377,9:25,6.2,在线
2016-05-28,武汉天琪激光设备制造有限公司,1000,高供低计,0002845331,60,1.0377,9:25,6.2,在线
2016-05-29,武汉天琪激光设备制造有限公司,1000,高供低计,0002845331,60,1.0377,9:25,6.2,在线
2016-05-30,武汉天琪激光设备制造有限公司,1000,高供低计,0002845331,60,1.0377,9:25,6.2,在线
2016-05-31,武汉天琪激光设备制造有限公司,1000,高供低计,0002845331,60,1.0377,9:25,6.2,在线
2016-06-01,武汉天琪激光设备制造有限公司,1000,高供低计,0002845331,60,0.9391,4:05,6.2,在线
2016-06-02,武汉天琪激光设备制造有限公司,1000,高供低计,0002845331,60,0.9391,4:05,6.2,在线
2016-06-03,武汉天琪激光设备制造有限公司,1000,高供低计,0002845331,60,0.9885,9:51,6.2,在线
2016-06-04,武汉天琪激光设备制造有限公司,1000,高供低计,0002845331,60,0.9885,9:51,6.2,在线
2016-06-05,武汉天琪激光设备制造有限公司,1000,高供低计,0002845331,60,0.9885,9:51,6.2,在线
2016-06-06,武汉天琪激光设备制造有限公司,1000,高供低计,0002845331,60,0.9885,9:51,6.2,在线
2016-06-07,武汉天琪激光设备制造有限公司,1000,高供低计,0002845331,60,1.0311,10:03,6.2,在线
2016-06-08,武汉天琪激光设备制造有限公司,1000,高供低计,0002845331,60,1.0311,10:03,6.2,在线
2016-06-09,武汉天琪激光设备制造有限公司,1000,高供低计,0002845331,60,1.0311,10:03,6.2,在线
2016-06-10,武汉天琪激光设备制造有限公司,1000,高供低计,0002845331,60,1.0311,10:03,6.2,在线
2016-06-11,武汉天琪激光设备制造有限公司,1000,高供低计,0002845331,60,1.0311,10:03,6.2,在线
2016-06-12,武汉天琪激光设备制造有限公司,1000,高供低计,0002845331,60,1.0311,10:03,6.2,在线
2016-06-13,武汉天琪激光设备制造有限公司,1000,高供低计,0002845331,60,1.0311,10:03,6.2,在线
2016-06-14,武汉天琪激光设备制造有限公司,1000,高供低计,0002845331,60,1.0311,10:03,6.2,在线
2016-06-15,武汉天琪激光设备制造有限公司,1000,高供低计,0002845331,60,1.0311,10:03,6.2,在线
2016-06-16,武汉天琪激光设备制造有限公司,1000,高供低计,0002845331,60,1.0311,10:03,6.2,在线
2016-06-17,武汉天琪激光设备制造有限公司,1000,高供低计,0002845331,60,1.0311,10:03,6.2,在线
2016-06-18,武汉天琪激光设备制造有限公司,1000,高供低计,0002845331,60,1.0311,10:03,6.2,在线
2016-06-19,武汉天琪激光设备制造有限公司,1000,高供低计,0002845331,60,1.0311,10:03,6.2,在线
2016-06-20,武汉天琪激光设备制造有限公司,1000,高供低计,0002845331,60,1.0311,10:03,6.2,在线
2016-06-21,武汉天琪激光设备制造有限公司,1000,高供低计,0002845331,60,1.0311,10:03,6.2,在线
2016-06-22,武汉天琪激光设备制造有限公司,1000,高供低计,0002845331,60,1.2,12:27,6.2,在线
2016-06-23,武汉天琪激光设备制造有限公司,1000,高供低计,0002845331,60,1.203,2:46,6.2,在线
2016-06-24,武汉天琪激光设备制造有限公司,1000,高供低计,0002845331,60,1.2099,9:21,6.2,在线
2016-06-25,武汉天琪激光设备制造有限公司,1000,高供低计,0002845331,60,1.2099,9:21,6.2,在线
2016-06-26,武汉天琪激光设备制造有限公司,1000,高供低计,0002845331,60,1.2099,9:21,6.2,在线
2016-06-27,武汉天琪激光设备制造有限公司,1000,高供低计,0002845331,60,1.2099,9:21,6.2,在线
2016-06-28,武汉天琪激光设备制造有限公司,1000,高供低计,0002845331,60,1.2099,9:21,6.2,在线
2016-06-29,武汉天琪激光设备制造有限公司,1000,高供低计,0002845331,60,1.2099,9:21,6.2,在线
2016-06-30,武汉天琪激光设备制造有限公司,1000,高供低计,0002845331,60,1.2099,9:21,6.2,在线
2016-07-01,武汉天琪激光设备制造有限公司,1000,高供低计,0002845331,60,0.8084,12:49,6.2,在线
2016-07-02,武汉天琪激光设备制造有限公司,1000,高供低计,0002845331,60,0.9476,9:06,6.2,在线
2016-07-03,武汉天琪激光设备制造有限公司,1000,高供低计,0002845331,60,0.9476,9:06,6.2,在线
2016-07-04,武汉天琪激光设备制造有限公司,1000,高供低计,0002845331,60,0.9476,9:06,6.2,在线
2016-07-05,武汉天琪激光设备制造有限公司,1000,高供低计,0002845331,60,0.9476,9:06,6.2,在线
2016-07-06,武汉天琪激光设备制造有限公司,1000,高供低计,0002845331,60,0.9476,9:06,6.2,在线
2016-07-07,武汉天琪激光设备制造有限公司,1000,高供低计,0002845331,60,0.9476,9:06,6.2,在线
2016-07-08,武汉天琪激光设备制造有限公司,1000,高供低计,0002845331,60,0.9476,9:06,6.2,在线
2016-07-09,武汉天琪激光设备制造有限公司,1000,高供低计,0002845331,60,0.9476,9:06,6.2,在线
2016-07-10,武汉天琪激光设备制造有限公司,1000,高供低计,0002845331,60,0.9476,9:06,6.2,在线
2016-07-11,武汉天琪激光设备制造有限公司,1000,高供低计,0002845331,60,1.0002,6:06,6.2,在线
2016-07-12,武汉天琪激光设备制造有限公司,1000,高供低计,0002845331,60,1.3562,10:23,6.2,在线
2016-07-13,武汉天琪激光设备制造有限公司,1000,高供低计,0002845331,60,1.3562,10:23,6.2,在线
2016-07-14,武汉天琪激光设备制造有限公司,1000,高供低计,0002845331,60,1.3562,10:23,6.2,在线
2016-07-15,武汉天琪激光设备制造有限公司,1000,高供低计,0002845331,60,1.3562,10:23,6.2,在线
2016-07-16,武汉天琪激光设备制造有限公司,1000,高供低计,0002845331,60,1.3562,10:23,6.2,在线
2016-07-17,武汉天琪激光设备制造有限公司,1000,高供低计,0002845331,60,1.3562,10:23,6.2,在线
2016-07-18,武汉天琪激光设备制造有限公司,1000,高供低计,0002845331,60,1.3562,10:23,6.2,在线
2016-07-19,武汉天琪激光设备制造有限公司,1000,高供低计,0002845331,60,1.3562,10:23,6.2,在线
2016-07-20,武汉天琪激光设备制造有限公司,1000,高供低计,0002845331,60,1.3562,10:23,6.2,在线
2016-07-21,武汉天琪激光设备制造有限公司,1000,高供低计,0002845331,60,1.3562,10:23,6.2,在线
2016-07-22,武汉天琪激光设备制造有限公司,1000,高供低计,0002845331,60,1.3562,10:23,6.2,在线
2016-07-23,武汉天琪激光设备制造有限公司,1000,高供低计,0002845331,60,1.3562,10:23,6.2,在线
2016-07-24,武汉天琪激光设备制造有限公司,1000,高供低计,0002845331,60,1.3562,10:23,6.2,在线
2016-07-25,武汉天琪激光设备制造有限公司,1000,高供低计,0002845331,60,1.8349,12:54,6.2,在线
2016-07-26,武汉天琪激光设备制造有限公司,1000,高供低计,0002845331,60,1.8349,12:54,6.2,在线
2016-07-27,武汉天琪激光设备制造有限公司,1000,高供低计,0002845331,60,1.8349,12:54,6.2,在线
2016-07-28,武汉天琪激光设备制造有限公司,1000,高供低计,0002845331,60,1.8349,12:54,6.2,在线
2016-07-29,武汉天琪激光设备制造有限公司,1000,高供低计,0002845331,60,1.8349,12:54,6.2,在线
2016-07-30,武汉天琪激光设备制造有限公司,1000,高供低计,0002845331,60,1.8349,12:54,6.2,在线
2016-07-31,武汉天琪激光设备制造有限公司,1000,高供低计,0002845331,60,1.8349,12:54,6.2,在线
2016-08-01,武汉天琪激光设备制造有限公司,1000,高供低计,0002845331,60,1.5447,12:41,6.2,在线
2016-08-02,武汉天琪激光设备制造有限公司,1000,高供低计,0002845331,60,1.6073,1:01,6.2,在线
2016-08-03,武汉天琪激光设备制造有限公司,1000,高供低计,0002845331,60,1.6073,1:01,6.2,在线
2016-08-04,武汉天琪激光设备制造有限公司,1000,高供低计,0002845331,60,1.6073,1:01,6.2,在线
2016-08-05,武汉天琪激光设备制造有限公司,1000,高供低计,0002845331,60,1.6073,1:01,6.2,在线
2016-08-06,武汉天琪激光设备制造有限公司,1000,高供低计,0002845331,60,1.6073,1:01,6.2,在线
2016-08-07,武汉天琪激光设备制造有限公司,1000,高供低计,0002845331,60,1.6073,1:01,6.2,在线
2016-08-08,武汉天琪激光设备制造有限公司,1000,高供低计,0002845331,60,1.6073,1:01,6.2,在线
2016-08-09,武汉天琪激光设备制造有限公司,1000,高供低计,0002845331,60,1.6073,1:01,6.2,在线
2016-08-10,武汉天琪激光设备制造有限公司,1000,高供低计,0002845331,60,1.6073,1:01,6.2,在线
2016-08-11,武汉天琪激光设备制造有限公司,1000,高供低计,0002845331,60,1.6073,1:01,6.2,在线
2016-08-12,武汉天琪激光设备制造有限公司,1000,高供低计,0002845331,60,1.6073,1:01,6.2,在线
2016-08-13,武汉天琪激光设备制造有限公司,1000,高供低计,0002845331,60,1.6073,1:01,6.2,在线
2016-08-14,武汉天琪激光设备制造有限公司,1000,高供低计,0002845331,60,1.6073,1:01,6.2,在线
2016-08-15,武汉天琪激光设备制造有限公司,1000,高供低计,0002845331,60,1.6073,1:01,6.2,在线
2016-08-16,武汉天琪激光设备制造有限公司,1000,高供低计,0002845331,60,1.7246,9:22,6.2,在线
2016-08-17,武汉天琪激光设备制造有限公司,1000,高供低计,0002845331,60,1.7507,2:47,6.2,在线
2016-08-18,武汉天琪激光设备制造有限公司,1000,高供低计,0002845331,60,1.7507,2:47,6.2,在线
2016-08-19,武汉天琪激光设备制造有限公司,1000,高供低计,0002845331,60,1.7507,2:47,6.2,在线
2016-08-20,武汉天琪激光设备制造有限公司,1000,高供低计,0002845331,60,1.7507,2:47,6.2,在线
2016-08-21,武汉天琪激光设备制造有限公司,1000,高供低计,0002845331,60,1.7507,2:47,6.2,在线
2016-08-22,武汉天琪激光设备制造有限公司,1000,高供低计,0002845331,60,1.7507,2:47,6.2,在线
2016-08-23,武汉天琪激光设备制造有限公司,1000,高供低计,0002845331,60,1.7507,2:47,6.2,在线
2016-08-24,武汉天琪激光设备制造有限公司,1000,高供低计,0002845331,60,1.7507,2:47,6.2,在线
2016-08-25,武汉天琪激光设备制造有限公司,1000,高供低计,0002845331,60,1.7507,2:47,6.2,在线
2016-08-26,武汉天琪激光设备制造有限公司,1000,高供低计,0002845331,60,1.7507,2:47,6.2,在线
2016-08-27,武汉天琪激光设备制造有限公司,1000,高供低计,0002845331,60,1.7507,2:47,6.2,在线
2016-08-28,武汉天琪激光设备制造有限公司,1000,高供低计,0002845331,60,1.7507,2:47,6.2,在线
2016-08-29,武汉天琪激光设备制造有限公司,1000,高供低计,0002845331,60,1.7507,2:47,6.2,在线
2016-08-30,武汉天琪激光设备制造有限公司,1000,高供低计,0002845331,60,1.7507,2:47,6.2,在线
2016-08-31,武汉天琪激光设备制造有限公司,1000,高供低计,0002845331,60,1.7507,2:47,6.2,在线
2016-09-01,武汉天琪激光设备制造有限公司,1000,高供低计,0002845331,60,0.9884,3:47,6.2,在线
2016-09-02,武汉天琪激光设备制造有限公司,1000,高供低计,0002845331,60,1.1337,3:21,6.2,在线
2016-09-03,武汉天琪激光设备制造有限公司,1000,高供低计,0002845331,60,1.1337,3:21,6.2,在线
2016-09-04,武汉天琪激光设备制造有限公司,1000,高供低计,0002845331,60,1.1337,3:21,6.2,在线
2016-09-05,武汉天琪激光设备制造有限公司,1000,高供低计,0002845331,60,1.1337,3:21,6.2,在线
2016-09-06,武汉天琪激光设备制造有限公司,1000,高供低计,0002845331,60,1.1337,3:21,6.2,在线
2016-09-07,武汉天琪激光设备制造有限公司,1000,高供低计,0002845331,60,1.1337,3:21,6.2,在线
2016-09-08,武汉天琪激光设备制造有限公司,1000,高供低计,0002845331,60,1.208,2:58,6.2,在线
2016-09-09,武汉天琪激光设备制造有限公司,1000,高供低计,0002845331,60,1.208,2:58,6.2,在线
2016-09-10,武汉天琪激光设备制造有限公司,1000,高供低计,0002845331,60,1.208,2:58,6.2,在线
2016-09-11,武汉天琪激光设备制造有限公司,1000,高供低计,0002845331,60,1.208,2:58,6.2,在线
2016-09-12,武汉天琪激光设备制造有限公司,1000,高供低计,0002845331,60,1.208,2:58,6.2,在线
2016-09-13,武汉天琪激光设备制造有限公司,1000,高供低计,0002845331,60,1.208,2:58,6.2,在线
2016-09-14,武汉天琪激光设备制造有限公司,1000,高供低计,0002845331,60,1.208,2:58,6.2,在线
2016-09-15,武汉天琪激光设备制造有限公司,1000,高供低计,0002845331,60,1.208,2:58,6.2,在线
2016-09-16,武汉天琪激光设备制造有限公司,1000,高供低计,0002845331,60,1.208,2:58,6.2,在线
2016-09-17,武汉天琪激光设备制造有限公司,1000,高供低计,0002845331,60,1.208,2:58,6.2,在线
2016-09-18,武汉天琪激光设备制造有限公司,1000,高供低计,0002845331,60,1.208,2:58,6.2,在线
2016-09-19,武汉天琪激光设备制造有限公司,1000,高供低计,0002845331,60,1.208,2:58,6.2,在线
2016-09-20,武汉天琪激光设备制造有限公司,1000,高供低计,0002845331,60,1.208,2:58,6.2,在线
2016-09-21,武汉天琪激光设备制造有限公司,1000,高供低计,0002845331,60,1.208,2:58,6.2,在线
2016-09-22,武汉天琪激光设备制造有限公司,1000,高供低计,0002845331,60,1.208,2:58,6.2,在线
2016-09-23,武汉天琪激光设备制造有限公司,1000,高供低计,0002845331,60,1.208,2:58,6.2,在线
2016-09-24,武汉天琪激光设备制造有限公司,1000,高供低计,0002845331,60,1.208,2:58,6.2,在线
2016-09-25,武汉天琪激光设备制造有限公司,1000,高供低计,0002845331,60,1.208,2:58,6.2,在线
2016-09-26,武汉天琪激光设备制造有限公司,1000,高供低计,0002845331,60,1.208,2:58,6.2,在线
2016-09-27,武汉天琪激光设备制造有限公司,1000,高供低计,0002845331,60,1.208,2:58,6.2,在线
2016-09-28,武汉天琪激光设备制造有限公司,1000,高供低计,0002845331,60,1.208,2:58,6.2,在线
2016-09-29,武汉天琪激光设备制造有限公司,1000,高供低计,0002845331,60,1.208,2:58,6.2,在线
2016-09-30,武汉天琪激光设备制造有限公司,1000,高供低计,0002845331,60,1.208,2:58,6.2,在线
2016-10-01,武汉天琪激光设备制造有限公司,1000,高供低计,0002845331,60,0.5558,10:14,6.2,在线
2016-10-02,武汉天琪激光设备制造有限公司,1000,高供低计,0002845331,60,0.5558,10:14,6.2,在线
2016-10-03,武汉天琪激光设备制造有限公司,1000,高供低计,0002845331,60,0.5558,10:14,6.2,在线
2016-10-04,武汉天琪激光设备制造有限公司,1000,高供低计,0002845331,60,0.5558,10:14,6.2,在线
2016-10-05,武汉天琪激光设备制造有限公司,1000,高供低计,0002845331,60,0.5879,4:21,6.2,在线
2016-10-06,武汉天琪激光设备制造有限公司,1000,高供低计,0002845331,60,0.77,8:57,6.2,在线
2016-10-07,武汉天琪激光设备制造有限公司,1000,高供低计,0002845331,60,0.8194,8:12,6.2,在线
2016-10-08,武汉天琪激光设备制造有限公司,1000,高供低计,0002845331,60,1.1119,10:25,6.2,在线
2016-10-09,武汉天琪激光设备制造有限公司,1000,高供低计,0002845331,60,1.1119,10:25,6.2,在线
2016-10-10,武汉天琪激光设备制造有限公司,1000,高供低计,0002845331,60,1.1119,10:25,6.2,在线
2016-10-11,武汉天琪激光设备制造有限公司,1000,高供低计,0002845331,60,1.1119,10:25,6.2,在线
2016-10-12,武汉天琪激光设备制造有限公司,1000,高供低计,0002845331,60,1.1119,10:25,6.2,在线
2016-10-13,武汉天琪激光设备制造有限公司,1000,高供低计,0002845331,60,1.1119,10:25,6.2,在线
2016-10-14,武汉天琪激光设备制造有限公司,1000,高供低计,0002845331,60,1.1119,10:25,6.2,在线
2016-10-15,武汉天琪激光设备制造有限公司,1000,高供低计,0002845331,60,1.1119,10:25,6.2,在线
2016-10-16,武汉天琪激光设备制造有限公司,1000,高供低计,0002845331,60,1.1119,10:25,6.2,在线
2016-10-17,武汉天琪激光设备制造有限公司,1000,高供低计,0002845331,60,1.1119,10:25,6.2,在线
2016-10-18,武汉天琪激光设备制造有限公司,1000,高供低计,0002845331,60,1.1119,10:25,6.2,在线
2016-10-19,武汉天琪激光设备制造有限公司,1000,高供低计,0002845331,60,1.2067,9:17,6.2,在线
2016-10-20,武汉天琪激光设备制造有限公司,1000,高供低计,0002845331,60,1.2067,9:17,6.2,在线
2016-10-21,武汉天琪激光设备制造有限公司,1000,高供低计,0002845331,60,1.2067,9:17,6.2,在线
2016-10-22,武汉天琪激光设备制造有限公司,1000,高供低计,0002845331,60,1.2067,9:17,6.2,在线
2016-10-23,武汉天琪激光设备制造有限公司,1000,高供低计,0002845331,60,1.2067,9:17,6.2,在线
2016-10-24,武汉天琪激光设备制造有限公司,1000,高供低计,0002845331,60,1.2067,9:17,6.2,在线
2016-10-25,武汉天琪激光设备制造有限公司,1000,高供低计,0002845331,60,1.2067,9:17,6.2,在线
2016-10-26,武汉天琪激光设备制造有限公司,1000,高供低计,0002845331,60,1.2067,9:17,6.2,在线
2016-10-27,武汉天琪激光设备制造有限公司,1000,高供低计,0002845331,60,1.2067,9:17,6.2,在线
2016-10-28,武汉天琪激光设备制造有限公司,1000,高供低计,0002845331,60,1.2067,9:17,6.2,在线
2016-10-29,武汉天琪激光设备制造有限公司,1000,高供低计,0002845331,60,1.2233,9:05,6.2,在线
2016-10-30,武汉天琪激光设备制造有限公司,1000,高供低计,0002845331,60,1.2233,9:05,6.2,在线
2016-10-31,武汉天琪激光设备制造有限公司,1000,高供低计,0002845331,60,1.2233,9:05,6.2,在线
2016-11-01,武汉天琪激光设备制造有限公司,1000,高供低计,0002845331,60,1.1073,3:57,6.2,在线
2016-11-02,武汉天琪激光设备制造有限公司,1000,高供低计,0002845331,60,1.1942,3:07,6.2,在线
2016-11-03,武汉天琪激光设备制造有限公司,1000,高供低计,0002845331,60,1.1942,3:07,6.2,在线
2016-11-04,武汉天琪激光设备制造有限公司,1000,高供低计,0002845331,60,1.1942,3:07,6.2,在线
2016-11-05,武汉天琪激光设备制造有限公司,1000,高供低计,0002845331,60,1.1942,3:07,6.2,在线
2016-11-06,武汉天琪激光设备制造有限公司,1000,高供低计,0002845331,60,1.1942,3:07,6.2,在线
2016-11-07,武汉天琪激光设备制造有限公司,1000,高供低计,0002845331,60,1.1942,3:07,6.2,在线
2016-11-08,武汉天琪激光设备制造有限公司,1000,高供低计,0002845331,60,1.1942,3:07,6.2,在线
2016-11-09,武汉天琪激光设备制造有限公司,1000,高供低计,0002845331,60,1.1942,3:07,6.2,在线
2016-11-10,武汉天琪激光设备制造有限公司,1000,高供低计,0002845331,60,1.1942,3:07,6.2,在线
2016-11-11,武汉天琪激光设备制造有限公司,1000,高供低计,0002845331,60,1.1942,3:07,6.2,在线
2016-11-12,武汉天琪激光设备制造有限公司,1000,高供低计,0002845331,60,1.1942,3:07,6.2,在线
2016-11-29,武汉天琪激光设备制造有限公司,1000,高供低计,0002845331,60,1.6934,4:06,6.2,在线
2016-11-14,武汉天琪激光设备制造有限公司,1000,高供低计,0002845331,60,1.1942,3:07,6.2,在线
2016-11-15,武汉天琪激光设备制造有限公司,1000,高供低计,0002845331,60,1.1942,3:07,6.2,在线
2016-11-16,武汉天琪激光设备制造有限公司,1000,高供低计,0002845331,60,1.1942,3:07,6.2,在线
2016-11-17,武汉天琪激光设备制造有限公司,1000,高供低计,0002845331,60,1.1942,3:07,6.2,在线
2016-11-18,武汉天琪激光设备制造有限公司,1000,高供低计,0002845331,60,1.1942,3:07,6.2,在线
2016-11-19,武汉天琪激光设备制造有限公司,1000,高供低计,0002845331,60,1.1942,3:07,6.2,在线
2016-11-20,武汉天琪激光设备制造有限公司,1000,高供低计,0002845331,60,1.1942,3:07,6.2,在线
2016-11-21,武汉天琪激光设备制造有限公司,1000,高供低计,0002845331,60,1.1942,3:07,6.2,在线
2016-11-22,武汉天琪激光设备制造有限公司,1000,高供低计,0002845331,60,1.2349,3:38,6.2,在线
2016-11-23,武汉天琪激光设备制造有限公司,1000,高供低计,0002845331,60,1.6123,11:02,6.2,在线
2016-11-24,武汉天琪激光设备制造有限公司,1000,高供低计,0002845331,60,1.6123,11:02,6.2,在线
2016-11-25,武汉天琪激光设备制造有限公司,1000,高供低计,0002845331,60,1.6934,4:06,6.2,在线
2016-11-26,武汉天琪激光设备制造有限公司,1000,高供低计,0002845331,60,1.6934,4:06,6.2,在线
2016-11-27,武汉天琪激光设备制造有限公司,1000,高供低计,0002845331,60,1.6934,4:06,6.2,在线
2016-11-28,武汉天琪激光设备制造有限公司,1000,高供低计,0002845331,60,1.6934,4:06,6.2,在线
