数据日期,用户名称,运行容量,综合倍率,当日最大需量,发生时间,表位数
2014-10-24,华工激光工程有限公司,1250,1500,0.234,3:36,6.2
2014-10-25,华工激光工程有限公司,1250,1500,0.234,3:36,6.2
2014-10-26,华工激光工程有限公司,1250,1500,0.234,3:36,6.2
2014-10-27,华工激光工程有限公司,1250,1500,0.234,3:36,6.2
2014-10-28,华工激光工程有限公司,1250,1500,0.234,3:36,6.2
2014-10-29,华工激光工程有限公司,1250,1500,0.234,3:36,6.2
2014-10-30,华工激光工程有限公司,1250,1500,0.234,3:36,6.2
2014-10-31,华工激光工程有限公司,1250,1500,0.234,3:36,6.2
2014-11-01,华工激光工程有限公司,1250,1500,0.234,3:36,6.2
2014-11-02,华工激光工程有限公司,1250,1500,0.234,3:36,6.2
2014-11-03,华工激光工程有限公司,1250,1500,0.234,3:36,6.2
2014-11-04,华工激光工程有限公司,1250,1500,0.234,3:36,6.2
2014-11-05,华工激光工程有限公司,1250,1500,0.234,3:36,6.2
2014-11-06,华工激光工程有限公司,1250,1500,0.234,3:36,6.2
2014-11-07,华工激光工程有限公司,1250,1500,0.234,3:36,6.2
2014-11-08,华工激光工程有限公司,1250,1500,0.234,3:36,6.2
2014-11-09,华工激光工程有限公司,1250,1500,0.234,3:36,6.2
2014-11-10,华工激光工程有限公司,1250,1500,0.234,3:36,6.2
2014-11-11,华工激光工程有限公司,1250,1500,0.234,3:36,6.2
2014-11-12,华工激光工程有限公司,1250,1500,0.234,3:36,6.2
2014-11-13,华工激光工程有限公司,1250,1500,0.234,3:36,6.2
2014-11-14,华工激光工程有限公司,1250,1500,0.234,3:36,6.2
2014-11-15,华工激光工程有限公司,1250,1500,0.234,3:36,6.2
2014-11-16,华工激光工程有限公司,1250,1500,0.234,3:36,6.2
2014-11-17,华工激光工程有限公司,1250,1500,0.234,3:36,6.2
2014-11-18,华工激光工程有限公司,1250,1500,0.234,3:36,6.2
2014-11-19,华工激光工程有限公司,1250,1500,0.234,3:36,6.2
2014-11-20,华工激光工程有限公司,1250,1500,0.234,3:36,6.2
2014-11-21,华工激光工程有限公司,1250,1500,0.234,3:36,6.2
2014-11-22,华工激光工程有限公司,1250,1500,0.234,3:36,6.2
2014-11-23,华工激光工程有限公司,1250,1500,0.234,3:36,6.2
2014-11-24,华工激光工程有限公司,1250,1500,0.1769,10:09,6.2
2014-11-25,华工激光工程有限公司,1250,1500,0.2036,10:45,6.2
2014-11-26,华工激光工程有限公司,1250,1500,0.2036,10:45,6.2
2014-11-27,华工激光工程有限公司,1250,1500,0.2036,10:45,6.2
2014-11-28,华工激光工程有限公司,1250,1500,0.2036,10:45,6.2
2014-11-29,华工激光工程有限公司,1250,1500,0.2036,10:45,6.2
2014-11-30,华工激光工程有限公司,1250,1500,0.2036,10:45,6.2
2014-12-01,华工激光工程有限公司,1250,1500,0.3065,11:42,6.2
2014-12-02,华工激光工程有限公司,1250,1500,0.3089,11:44,6.2
2014-12-03,华工激光工程有限公司,1250,1500,0.3089,11:44,6.2
2014-12-04,华工激光工程有限公司,1250,1500,0.3089,11:44,6.2
2014-12-05,华工激光工程有限公司,1250,1500,0.3234,8:57,6.2
2014-12-06,华工激光工程有限公司,1250,1500,0.3234,8:57,6.2
2014-12-07,华工激光工程有限公司,1250,1500,0.3234,8:57,6.2
2014-12-08,华工激光工程有限公司,1250,1500,0.3234,8:57,6.2
2014-12-09,华工激光工程有限公司,1250,1500,0.3496,11:49,6.2
2014-12-10,华工激光工程有限公司,1250,1500,0.3496,11:49,6.2
2014-12-11,华工激光工程有限公司,1250,1500,0.3496,11:49,6.2
2014-12-12,华工激光工程有限公司,1250,1500,0.3496,11:49,6.2
2014-12-13,华工激光工程有限公司,1250,1500,0.3496,11:49,6.2
2014-12-14,华工激光工程有限公司,1250,1500,0.3496,11:49,6.2
2014-12-15,华工激光工程有限公司,1250,1500,0.3496,11:49,6.2
2014-12-16,华工激光工程有限公司,1250,1500,0.3726,9:11,6.2
2014-12-17,华工激光工程有限公司,1250,1500,0.3726,9:11,6.2
2014-12-18,华工激光工程有限公司,1250,1500,0.3726,9:11,6.2
2014-12-19,华工激光工程有限公司,1250,1500,0.3726,9:11,6.2
2014-12-20,华工激光工程有限公司,1250,1500,0.3726,9:11,6.2
2014-12-21,华工激光工程有限公司,1250,1500,0.3726,9:11,6.2
2014-12-22,华工激光工程有限公司,1250,1500,,,6.2
2014-12-23,华工激光工程有限公司,1250,1500,,,6.2
2014-12-24,华工激光工程有限公司,1250,1500,0.3396,9:01,6.2
2014-12-25,华工激光工程有限公司,1250,1500,0.3396,9:01,6.2
2014-12-26,华工激光工程有限公司,1250,1500,0.3396,9:01,6.2
2014-12-27,华工激光工程有限公司,1250,1500,0.3396,9:01,6.2
2014-12-28,华工激光工程有限公司,1250,1500,0.3396,9:01,6.2
2014-12-29,华工激光工程有限公司,1250,1500,0.3396,9:01,6.2
2014-12-30,华工激光工程有限公司,1250,1500,0.3396,9:01,6.2
2014-12-31,华工激光工程有限公司,1250,1500,0.3396,9:01,6.2
2015-01-01,华工激光工程有限公司,1250,1500,0.3396,9:01,6.2
2015-01-02,华工激光工程有限公司,1250,1500,0.3396,9:01,6.2
2015-01-03,华工激光工程有限公司,1250,1500,0.3396,9:01,6.2
2015-01-04,华工激光工程有限公司,1250,1500,0.3396,9:01,6.2
2015-01-05,华工激光工程有限公司,1250,1500,0.3396,9:01,6.2
2015-01-06,华工激光工程有限公司,1250,1500,0.3807,1:58,6.2
2015-01-07,华工激光工程有限公司,1250,1500,0.3807,1:58,6.2
2015-01-08,华工激光工程有限公司,1250,1500,0.3807,1:58,6.2
2015-01-09,华工激光工程有限公司,1250,1500,0.3807,1:58,6.2
2015-01-10,华工激光工程有限公司,1250,1500,0.3807,1:58,6.2
2015-01-11,华工激光工程有限公司,1250,1500,0.3807,1:58,6.2
2015-01-12,华工激光工程有限公司,1250,1500,0.3807,1:58,6.2
2015-01-13,华工激光工程有限公司,1250,1500,0.3807,1:58,6.2
2015-01-14,华工激光工程有限公司,1250,1500,0.3807,1:58,6.2
2015-01-15,华工激光工程有限公司,1250,1500,0.3807,1:58,6.2
2015-01-16,华工激光工程有限公司,1250,1500,0.3807,1:58,6.2
2015-01-17,华工激光工程有限公司,1250,1500,0.3807,1:58,6.2
2015-01-18,华工激光工程有限公司,1250,1500,0.3807,1:58,6.2
2015-01-19,华工激光工程有限公司,1250,1500,0.3807,1:58,6.2
2015-01-20,华工激光工程有限公司,1250,1500,0.3807,1:58,6.2
2015-01-21,华工激光工程有限公司,1250,1500,0.3807,1:58,6.2
2015-01-22,华工激光工程有限公司,1250,1500,0.3807,1:58,6.2
2015-01-23,华工激光工程有限公司,1250,1500,0.3807,1:58,6.2
2015-01-24,华工激光工程有限公司,1250,1500,0.0742,3:29,6.2
2015-01-25,华工激光工程有限公司,1250,1500,0.0742,3:29,6.2
2015-01-26,华工激光工程有限公司,1250,1500,0.357,11:15,6.2
2015-01-27,华工激光工程有限公司,1250,1500,0.4383,11:49,6.2
2015-01-28,华工激光工程有限公司,1250,1500,0.4383,11:49,6.2
2015-01-29,华工激光工程有限公司,1250,1500,0.4383,11:49,6.2
2015-01-30,华工激光工程有限公司,1250,1500,0.4532,11:41,6.2
2015-01-31,华工激光工程有限公司,1250,1500,0.4532,11:41,6.2
2015-02-01,华工激光工程有限公司,1250,1500,0.4532,11:41,6.2
2015-02-02,华工激光工程有限公司,1250,1500,0.4532,11:41,6.2
2015-02-03,华工激光工程有限公司,1250,1500,0.4532,11:41,6.2
2015-02-04,华工激光工程有限公司,1250,1500,0.4532,11:41,6.2
2015-02-05,华工激光工程有限公司,1250,1500,0.4532,11:41,6.2
2015-02-06,华工激光工程有限公司,1250,1500,0.4532,11:41,6.2
2015-02-07,华工激光工程有限公司,1250,1500,0.4532,11:41,6.2
2015-02-08,华工激光工程有限公司,1250,1500,0.4532,11:41,6.2
2015-02-09,华工激光工程有限公司,1250,1500,0.4532,11:41,6.2
2015-02-10,华工激光工程有限公司,1250,1500,0.4532,11:41,6.2
2015-02-11,华工激光工程有限公司,1250,1500,0.4532,11:41,6.2
2015-02-12,华工激光工程有限公司,1250,1500,0.4532,11:41,6.2
2015-02-13,华工激光工程有限公司,1250,1500,0.4532,11:41,6.2
2015-02-14,华工激光工程有限公司,1250,1500,0.4532,11:41,6.2
2015-02-15,华工激光工程有限公司,1250,1500,0.4532,11:41,6.2
2015-02-16,华工激光工程有限公司,1250,1500,0.4532,11:41,6.2
2015-02-17,华工激光工程有限公司,1250,1500,0.4532,11:41,6.2
2015-02-18,华工激光工程有限公司,1250,1500,0.4532,11:41,6.2
2015-02-19,华工激光工程有限公司,1250,1500,0.4532,11:41,6.2
2015-02-20,华工激光工程有限公司,1250,1500,0.4532,11:41,6.2
2015-02-21,华工激光工程有限公司,1250,1500,0.4532,11:41,6.2
2015-02-22,华工激光工程有限公司,1250,1500,0.4532,11:41,6.2
2015-02-23,华工激光工程有限公司,1250,1500,0.4532,11:41,6.2
2015-02-24,华工激光工程有限公司,1250,1500,0.0249,9:25,6.2
2015-02-25,华工激光工程有限公司,1250,1500,0.2564,8:53,6.2
2015-02-26,华工激光工程有限公司,1250,1500,0.2734,10:44,6.2
2015-02-27,华工激光工程有限公司,1250,1500,0.3027,8:53,6.2
2015-02-28,华工激光工程有限公司,1250,1500,0.3304,9:01,6.2
2015-03-01,华工激光工程有限公司,1250,1500,0.3304,9:01,6.2
2015-03-02,华工激光工程有限公司,1250,1500,0.3304,9:01,6.2
2015-03-03,华工激光工程有限公司,1250,1500,0.3304,9:01,6.2
2015-03-04,华工激光工程有限公司,1250,1500,0.3304,9:01,6.2
2015-03-05,华工激光工程有限公司,1250,1500,0.3304,9:01,6.2
2015-03-06,华工激光工程有限公司,1250,1500,0.3304,9:01,6.2
2015-03-07,华工激光工程有限公司,1250,1500,0.3304,9:01,6.2
2015-03-08,华工激光工程有限公司,1250,1500,0.3304,9:01,6.2
2015-03-09,华工激光工程有限公司,1250,1500,0.3304,9:01,6.2
2015-03-10,华工激光工程有限公司,1250,1500,0.3304,9:01,6.2
2015-03-11,华工激光工程有限公司,1250,1500,0.3304,9:01,6.2
2015-03-12,华工激光工程有限公司,1250,1500,0.3304,9:01,6.2
2015-03-13,华工激光工程有限公司,1250,1500,0.3304,9:01,6.2
2015-03-14,华工激光工程有限公司,1250,1500,0.3304,9:01,6.2
2015-03-15,华工激光工程有限公司,1250,1500,0.3304,9:01,6.2
2015-03-16,华工激光工程有限公司,1250,1500,0.3304,9:01,6.2
2015-03-17,华工激光工程有限公司,1250,1500,0.3304,9:01,6.2
2015-03-18,华工激光工程有限公司,1250,1500,0.3304,9:01,6.2
2015-03-19,华工激光工程有限公司,1250,1500,0.3304,9:01,6.2
2015-03-20,华工激光工程有限公司,1250,1500,0.3304,9:01,6.2
2015-03-21,华工激光工程有限公司,1250,1500,0.3304,9:01,6.2
2015-03-22,华工激光工程有限公司,1250,1500,0.3304,9:01,6.2
2015-03-23,华工激光工程有限公司,1250,1500,0.3304,9:01,6.2
2015-03-24,华工激光工程有限公司,1250,1500,0.1915,11:43,6.2
2015-03-25,华工激光工程有限公司,1250,1500,0.2212,3:02,6.2
2015-03-26,华工激光工程有限公司,1250,1500,0.2212,3:02,6.2
2015-03-27,华工激光工程有限公司,1250,1500,0.2212,3:02,6.2
2015-03-28,华工激光工程有限公司,1250,1500,0.2212,3:02,6.2
2015-03-29,华工激光工程有限公司,1250,1500,0.2212,3:02,6.2
2015-03-30,华工激光工程有限公司,1250,1500,0.2212,3:02,6.2
2015-03-31,华工激光工程有限公司,1250,1500,0.2739,3:21,6.2
2015-04-01,华工激光工程有限公司,1250,1500,0.292,3:19,6.2
2015-04-02,华工激光工程有限公司,1250,1500,0.292,3:19,6.2
2015-04-03,华工激光工程有限公司,1250,1500,0.292,3:19,6.2
2015-04-04,华工激光工程有限公司,1250,1500,0.292,3:19,6.2
2015-04-05,华工激光工程有限公司,1250,1500,0.292,3:19,6.2
2015-04-06,华工激光工程有限公司,1250,1500,0.292,3:19,6.2
2015-04-07,华工激光工程有限公司,1250,1500,0.292,3:19,6.2
2015-04-08,华工激光工程有限公司,1250,1500,0.292,3:19,6.2
2015-04-09,华工激光工程有限公司,1250,1500,0.292,3:19,6.2
2015-04-10,华工激光工程有限公司,1250,1500,0.292,3:19,6.2
2015-04-11,华工激光工程有限公司,1250,1500,0.292,3:19,6.2
2015-04-12,华工激光工程有限公司,1250,1500,0.292,3:19,6.2
2015-04-13,华工激光工程有限公司,1250,1500,0.292,3:19,6.2
2015-04-14,华工激光工程有限公司,1250,1500,0.292,3:19,6.2
2015-04-15,华工激光工程有限公司,1250,1500,0.292,3:19,6.2
2015-04-16,华工激光工程有限公司,1250,1500,0.292,3:19,6.2
2015-04-17,华工激光工程有限公司,1250,1500,0.292,3:19,6.2
2015-04-18,华工激光工程有限公司,1250,1500,0.292,3:19,6.2
2015-04-19,华工激光工程有限公司,1250,1500,0.292,3:19,6.2
2015-04-20,华工激光工程有限公司,1250,1500,0.292,3:19,6.2
2015-04-21,华工激光工程有限公司,1250,1500,0.292,3:19,6.2
2015-04-22,华工激光工程有限公司,1250,1500,0.292,3:19,6.2
2015-04-23,华工激光工程有限公司,1250,1500,0.292,3:19,6.2
2015-04-24,华工激光工程有限公司,1250,1500,0.2288,11:23,6.2
2015-04-25,华工激光工程有限公司,1250,1500,0.2404,3:36,6.2
2015-04-26,华工激光工程有限公司,1250,1500,0.2404,3:36,6.2
2015-04-27,华工激光工程有限公司,1250,1500,0.3027,11:08,6.2
2015-04-28,华工激光工程有限公司,1250,1500,0.3027,11:08,6.2
2015-04-29,华工激光工程有限公司,1250,1500,0.3155,3:08,6.2
2015-04-30,华工激光工程有限公司,1250,1500,0.3155,3:08,6.2
2015-05-01,华工激光工程有限公司,1250,1500,0.3155,3:08,6.2
2015-05-02,华工激光工程有限公司,1250,1500,0.3155,3:08,6.2
2015-05-03,华工激光工程有限公司,1250,1500,0.3155,3:08,6.2
2015-05-04,华工激光工程有限公司,1250,1500,0.3155,3:08,6.2
2015-05-05,华工激光工程有限公司,1250,1500,0.3155,3:08,6.2
2015-05-06,华工激光工程有限公司,1250,1500,0.3155,3:08,6.2
2015-05-07,华工激光工程有限公司,1250,1500,0.3378,2:46,6.2
2015-05-08,华工激光工程有限公司,1250,1500,0.3378,2:46,6.2
2015-05-09,华工激光工程有限公司,1250,1500,0.3378,2:46,6.2
2015-05-10,华工激光工程有限公司,1250,1500,0.3378,2:46,6.2
2015-05-11,华工激光工程有限公司,1250,1500,0.3378,2:46,6.2
2015-05-12,华工激光工程有限公司,1250,1500,0.3378,2:46,6.2
2015-05-13,华工激光工程有限公司,1250,1500,0.3378,2:46,6.2
2015-05-14,华工激光工程有限公司,1250,1500,0.3405,4:19,6.2
2015-05-15,华工激光工程有限公司,1250,1500,0.3405,4:19,6.2
2015-05-16,华工激光工程有限公司,1250,1500,0.3405,4:19,6.2
2015-05-17,华工激光工程有限公司,1250,1500,0.3405,4:19,6.2
2015-05-18,华工激光工程有限公司,1250,1500,0.3405,4:19,6.2
2015-05-19,华工激光工程有限公司,1250,1500,0.3405,4:19,6.2
2015-05-20,华工激光工程有限公司,1250,1500,0.3411,3:24,6.2
2015-05-21,华工激光工程有限公司,1250,1500,0.3411,3:24,6.2
2015-05-22,华工激光工程有限公司,1250,1500,0.3411,3:24,6.2
2015-05-23,华工激光工程有限公司,1250,1500,0.3411,3:24,6.2
2015-05-24,华工激光工程有限公司,1250,1500,0.0611,2:33,6.2
2015-05-25,华工激光工程有限公司,1250,1500,0.2822,3:16,6.2
2015-05-26,华工激光工程有限公司,1250,1500,0.2904,3:48,6.2
2015-05-27,华工激光工程有限公司,1250,1500,0.2933,10:42,6.2
2015-05-28,华工激光工程有限公司,1250,1500,0.305,3:31,6.2
2015-05-29,华工激光工程有限公司,1250,1500,0.305,3:31,6.2
2015-05-30,华工激光工程有限公司,1250,1500,0.305,3:31,6.2
2015-05-31,华工激光工程有限公司,1250,1500,0.305,3:31,6.2
2015-06-01,华工激光工程有限公司,1250,1500,0.3586,4:27,6.2
2015-06-02,华工激光工程有限公司,1250,1500,0.3586,4:27,6.2
2015-06-03,华工激光工程有限公司,1250,1500,0.3586,4:27,6.2
2015-06-04,华工激光工程有限公司,1250,1500,0.3586,4:27,6.2
2015-06-05,华工激光工程有限公司,1250,1500,0.3586,4:27,6.2
2015-06-06,华工激光工程有限公司,1250,1500,0.3586,4:27,6.2
2015-06-07,华工激光工程有限公司,1250,1500,0.3586,4:27,6.2
2015-06-08,华工激光工程有限公司,1250,1500,0.3586,4:27,6.2
2015-06-09,华工激光工程有限公司,1250,1500,0.3586,4:27,6.2
2015-06-10,华工激光工程有限公司,1250,1500,0.3586,4:27,6.2
2015-06-11,华工激光工程有限公司,1250,1500,0.386,9:59,6.2
2015-06-12,华工激光工程有限公司,1250,1500,0.386,9:59,6.2
2015-06-13,华工激光工程有限公司,1250,1500,0.386,9:59,6.2
2015-06-14,华工激光工程有限公司,1250,1500,0.386,9:59,6.2
2015-06-15,华工激光工程有限公司,1250,1500,0.4195,3:10,6.2
2015-06-16,华工激光工程有限公司,1250,1500,0.4804,3:29,6.2
2015-06-17,华工激光工程有限公司,1250,1500,0.4804,3:29,6.2
2015-06-18,华工激光工程有限公司,1250,1500,0.4804,3:29,6.2
2015-06-19,华工激光工程有限公司,1250,1500,0.4804,3:29,6.2
2015-06-20,华工激光工程有限公司,1250,1500,0.4804,3:29,6.2
2015-06-21,华工激光工程有限公司,1250,1500,0.4804,3:29,6.2
2015-06-22,华工激光工程有限公司,1250,1500,0.4804,3:29,6.2
2015-06-23,华工激光工程有限公司,1250,1500,0.4804,3:29,6.2
2015-06-24,华工激光工程有限公司,1250,1500,0.454,3:15,6.2
2015-06-25,华工激光工程有限公司,1250,1500,0.4965,3:38,6.2
2015-06-26,华工激光工程有限公司,1250,1500,0.4965,3:38,6.2
2015-06-27,华工激光工程有限公司,1250,1500,0.4965,3:38,6.2
2015-06-28,华工激光工程有限公司,1250,1500,0.4965,3:38,6.2
2015-06-29,华工激光工程有限公司,1250,1500,0.5603,3:57,6.2
2015-06-30,华工激光工程有限公司,1250,1500,0.5603,3:57,6.2
2015-07-01,华工激光工程有限公司,1250,1500,0.5603,3:57,6.2
2015-07-02,华工激光工程有限公司,1250,1500,0.5603,3:57,6.2
2015-07-03,华工激光工程有限公司,1250,1500,0.5603,3:57,6.2
2015-07-04,华工激光工程有限公司,1250,1500,0.5603,3:57,6.2
2015-07-05,华工激光工程有限公司,1250,1500,0.5603,3:57,6.2
2015-07-06,华工激光工程有限公司,1250,1500,0.5603,3:57,6.2
2015-07-07,华工激光工程有限公司,1250,1500,0.5603,3:57,6.2
2015-07-08,华工激光工程有限公司,1250,1500,0.5603,3:57,6.2
2015-07-09,华工激光工程有限公司,1250,1500,0.5603,3:57,6.2
2015-07-10,华工激光工程有限公司,1250,1500,0.5603,3:57,6.2
2015-07-11,华工激光工程有限公司,1250,1500,0.5603,3:57,6.2
2015-07-12,华工激光工程有限公司,1250,1500,0.5603,3:57,6.2
2015-07-13,华工激光工程有限公司,1250,1500,0.5603,3:57,6.2
2015-07-14,华工激光工程有限公司,1250,1500,0.5603,3:57,6.2
2015-07-15,华工激光工程有限公司,1250,1500,0.5603,3:57,6.2
2015-07-16,华工激光工程有限公司,1250,1500,0.5603,3:57,6.2
2015-07-17,华工激光工程有限公司,1250,1500,0.5603,3:57,6.2
2015-07-18,华工激光工程有限公司,1250,1500,0.5603,3:57,6.2
2015-07-19,华工激光工程有限公司,1250,1500,0.5603,3:57,6.2
2015-07-20,华工激光工程有限公司,1250,1500,0.5603,3:57,6.2
2015-07-21,华工激光工程有限公司,1250,1500,0.5603,3:57,6.2
2015-07-22,华工激光工程有限公司,1250,1500,0.5603,3:57,6.2
2015-07-23,华工激光工程有限公司,1250,1500,0.5603,3:57,6.2
2015-07-24,华工激光工程有限公司,1250,1500,0.3896,3:54,6.2
2015-07-25,华工激光工程有限公司,1250,1500,0.4264,2:31,6.2
2015-07-26,华工激光工程有限公司,1250,1500,0.4264,2:31,6.2
2015-07-27,华工激光工程有限公司,1250,1500,0.4775,3:18,6.2
2015-07-28,华工激光工程有限公司,1250,1500,0.5299,4:00,6.2
2015-07-29,华工激光工程有限公司,1250,1500,0.5299,4:00,6.2
2015-07-30,华工激光工程有限公司,1250,1500,0.5299,4:00,6.2
2015-07-31,华工激光工程有限公司,1250,1500,0.5299,4:00,6.2
2015-08-01,华工激光工程有限公司,1250,1500,0.5299,4:00,6.2
2015-08-02,华工激光工程有限公司,1250,1500,0.5299,4:00,6.2
2015-08-03,华工激光工程有限公司,1250,1500,0.5429,3:30,6.2
2015-08-04,华工激光工程有限公司,1250,1500,0.5429,3:30,6.2
2015-08-05,华工激光工程有限公司,1250,1500,0.5429,3:30,6.2
2015-08-06,华工激光工程有限公司,1250,1500,0.5429,3:30,6.2
2015-08-07,华工激光工程有限公司,1250,1500,0.5429,3:30,6.2
2015-08-08,华工激光工程有限公司,1250,1500,0.5429,3:30,6.2
2015-08-09,华工激光工程有限公司,1250,1500,0.5429,3:30,6.2
2015-08-10,华工激光工程有限公司,1250,1500,0.5429,3:30,6.2
2015-08-11,华工激光工程有限公司,1250,1500,0.5429,3:30,6.2
2015-08-12,华工激光工程有限公司,1250,1500,0.5429,3:30,6.2
2015-08-13,华工激光工程有限公司,1250,1500,0.5429,3:30,6.2
2015-08-14,华工激光工程有限公司,1250,1500,0.5429,3:30,6.2
2015-08-15,华工激光工程有限公司,1250,1500,0.5429,3:30,6.2
2015-08-16,华工激光工程有限公司,1250,1500,0.5429,3:30,6.2
2015-08-17,华工激光工程有限公司,1250,1500,0.5429,3:30,6.2
2015-08-18,华工激光工程有限公司,1250,1500,0.5429,3:30,6.2
2015-08-19,华工激光工程有限公司,1250,1500,0.5429,3:30,6.2
2015-08-20,华工激光工程有限公司,1250,1500,0.5429,3:30,6.2
2015-08-21,华工激光工程有限公司,1250,1500,0.5429,3:30,6.2
2015-08-22,华工激光工程有限公司,1250,1500,0.5429,3:30,6.2
2015-08-23,华工激光工程有限公司,1250,1500,0.5429,3:30,6.2
2015-08-24,华工激光工程有限公司,1250,1500,0.4653,3:24,6.2
2015-08-25,华工激光工程有限公司,1250,1500,0.4653,3:24,6.2
2015-08-26,华工激光工程有限公司,1250,1500,0.4653,3:24,6.2
2015-08-27,华工激光工程有限公司,1250,1500,0.4653,3:24,6.2
2015-08-28,华工激光工程有限公司,1250,1500,0.4653,3:24,6.2
2015-08-29,华工激光工程有限公司,1250,1500,0.4653,3:24,6.2
2015-08-30,华工激光工程有限公司,1250,1500,0.4653,3:24,6.2
2015-08-31,华工激光工程有限公司,1250,1500,0.4653,3:24,6.2
2015-09-01,华工激光工程有限公司,1250,1500,0.4653,3:24,6.2
2015-09-02,华工激光工程有限公司,1250,1500,0.4653,3:24,6.2
2015-09-03,华工激光工程有限公司,1250,1500,0.4653,3:24,6.2
2015-09-04,华工激光工程有限公司,1250,1500,0.4653,3:24,6.2
2015-09-05,华工激光工程有限公司,1250,1500,0.4653,3:24,6.2
2015-09-06,华工激光工程有限公司,1250,1500,0.4653,3:24,6.2
2015-09-07,华工激光工程有限公司,1250,1500,0.4653,3:24,6.2
2015-09-08,华工激光工程有限公司,1250,1500,0.4653,3:24,6.2
2015-09-09,华工激光工程有限公司,1250,1500,0.4653,3:24,6.2
2015-09-10,华工激光工程有限公司,1250,1500,0.4653,3:24,6.2
2015-09-11,华工激光工程有限公司,1250,1500,0.4653,3:24,6.2
2015-09-12,华工激光工程有限公司,1250,1500,0.4653,3:24,6.2
2015-09-13,华工激光工程有限公司,1250,1500,0.4653,3:24,6.2
2015-09-14,华工激光工程有限公司,1250,1500,0.4653,3:24,6.2
2015-09-15,华工激光工程有限公司,1250,1500,0.4653,3:24,6.2
2015-09-16,华工激光工程有限公司,1250,1500,0.4653,3:24,6.2
2015-09-17,华工激光工程有限公司,1250,1500,0.4653,3:24,6.2
2015-09-18,华工激光工程有限公司,1250,1500,0.4653,3:24,6.2
2015-09-19,华工激光工程有限公司,1250,1500,0.4653,3:24,6.2
2015-09-20,华工激光工程有限公司,1250,1500,0.4653,3:24,6.2
2015-09-21,华工激光工程有限公司,1250,1500,0.4653,3:24,6.2
2015-09-22,华工激光工程有限公司,1250,1500,0.4653,3:24,6.2
2015-09-23,华工激光工程有限公司,1250,1500,0.4653,3:24,6.2
2015-09-24,华工激光工程有限公司,1250,1500,0.2677,10:54,6.2
2015-09-25,华工激光工程有限公司,1250,1500,0.3038,2:31,6.2
2015-09-26,华工激光工程有限公司,1250,1500,0.3038,2:31,6.2
2015-09-27,华工激光工程有限公司,1250,1500,0.3038,2:31,6.2
2015-09-28,华工激光工程有限公司,1250,1500,0.3471,3:05,6.2
2015-09-29,华工激光工程有限公司,1250,1500,0.3471,3:05,6.2
2015-09-30,华工激光工程有限公司,1250,1500,0.3471,3:05,6.2
2015-10-01,华工激光工程有限公司,1250,1500,0.3471,3:05,6.2
2015-10-02,华工激光工程有限公司,1250,1500,0.3471,3:05,6.2
2015-10-03,华工激光工程有限公司,1250,1500,0.3471,3:05,6.2
2015-10-04,华工激光工程有限公司,1250,1500,0.3471,3:05,6.2
2015-10-05,华工激光工程有限公司,1250,1500,0.3471,3:05,6.2
2015-10-06,华工激光工程有限公司,1250,1500,0.3471,3:05,6.2
2015-10-07,华工激光工程有限公司,1250,1500,0.3471,3:05,6.2
2015-10-08,华工激光工程有限公司,1250,1500,0.3471,3:05,6.2
2015-10-09,华工激光工程有限公司,1250,1500,0.3471,3:05,6.2
2015-10-10,华工激光工程有限公司,1250,1500,0.3471,3:05,6.2
2015-10-11,华工激光工程有限公司,1250,1500,0.3471,3:05,6.2
2015-10-12,华工激光工程有限公司,1250,1500,0.3471,3:05,6.2
2015-10-13,华工激光工程有限公司,1250,1500,0.3471,3:05,6.2
2015-10-14,华工激光工程有限公司,1250,1500,0.3471,3:05,6.2
2015-10-15,华工激光工程有限公司,1250,1500,0.3471,3:05,6.2
2015-10-16,华工激光工程有限公司,1250,1500,0.3471,3:05,6.2
2015-10-17,华工激光工程有限公司,1250,1500,0.3471,3:05,6.2
2015-10-18,华工激光工程有限公司,1250,1500,0.3471,3:05,6.2
2015-10-19,华工激光工程有限公司,1250,1500,0.3471,3:05,6.2
2015-10-20,华工激光工程有限公司,1250,1500,0.3471,3:05,6.2
2015-10-21,华工激光工程有限公司,1250,1500,0.3471,3:05,6.2
2015-10-22,华工激光工程有限公司,1250,1500,0.3471,3:05,6.2
2015-10-23,华工激光工程有限公司,1250,1500,0.3471,3:05,6.2
2015-10-24,华工激光工程有限公司,1250,1500,0.1005,4:12,6.2
2015-10-25,华工激光工程有限公司,1250,1500,0.1271,11:01,6.2
2015-10-26,华工激光工程有限公司,1250,1500,0.2176,10:51,6.2
2015-10-27,华工激光工程有限公司,1250,1500,0.2176,10:51,6.2
2015-10-28,华工激光工程有限公司,1250,1500,0.2176,10:51,6.2
2015-10-29,华工激光工程有限公司,1250,1500,0.2176,10:51,6.2
2015-10-30,华工激光工程有限公司,1250,1500,0.2176,10:51,6.2
2015-10-31,华工激光工程有限公司,1250,1500,0.2176,10:51,6.2
2015-11-01,华工激光工程有限公司,1250,1500,0.2176,10:51,6.2
2015-11-02,华工激光工程有限公司,1250,1500,0.2176,10:51,6.2
2015-11-03,华工激光工程有限公司,1250,1500,0.235,9:43,6.2
2015-11-04,华工激光工程有限公司,1250,1500,0.235,9:43,6.2
2015-11-05,华工激光工程有限公司,1250,1500,0.235,9:43,6.2
2015-11-06,华工激光工程有限公司,1250,1500,0.235,9:43,6.2
2015-11-07,华工激光工程有限公司,1250,1500,0.235,9:43,6.2
2015-11-08,华工激光工程有限公司,1250,1500,0.235,9:43,6.2
2015-11-09,华工激光工程有限公司,1250,1500,0.235,9:43,6.2
2015-11-10,华工激光工程有限公司,1250,1500,0.235,9:43,6.2
2015-11-11,华工激光工程有限公司,1250,1500,0.235,9:43,6.2
2015-11-12,华工激光工程有限公司,1250,1500,0.235,9:43,6.2
2015-11-13,华工激光工程有限公司,1250,1500,0.235,9:43,6.2
2015-11-14,华工激光工程有限公司,1250,1500,0.235,9:43,6.2
2015-11-15,华工激光工程有限公司,1250,1500,0.235,9:43,6.2
2015-11-16,华工激光工程有限公司,1250,1500,0.235,9:43,6.2
2015-11-17,华工激光工程有限公司,1250,1500,0.235,9:43,6.2
2015-11-18,华工激光工程有限公司,1250,1500,0.235,9:43,6.2
2015-11-19,华工激光工程有限公司,1250,1500,0.235,9:43,6.2
2015-11-20,华工激光工程有限公司,1250,1500,0.235,9:43,6.2
2015-11-21,华工激光工程有限公司,1250,1500,0.235,9:43,6.2
2015-11-22,华工激光工程有限公司,1250,1500,0.235,9:43,6.2
2015-11-23,华工激光工程有限公司,1250,1500,0.3461,9:50,6.2
2015-11-24,华工激光工程有限公司,1250,1500,0.3796,2:24,6.2
2015-11-25,华工激光工程有限公司,1250,1500,0.3942,10:41,6.2
2015-11-26,华工激光工程有限公司,1250,1500,0.3942,10:41,6.2
2015-11-27,华工激光工程有限公司,1250,1500,0.3942,10:41,6.2
2015-11-28,华工激光工程有限公司,1250,1500,0.3942,10:41,6.2
2015-11-29,华工激光工程有限公司,1250,1500,0.3942,10:41,6.2
2015-11-30,华工激光工程有限公司,1250,1500,0.3942,10:41,6.2
2015-12-01,华工激光工程有限公司,1250,1500,0.3942,10:41,6.2
2015-12-02,华工激光工程有限公司,1250,1500,0.3942,10:41,6.2
2015-12-03,华工激光工程有限公司,1250,1500,0.3942,10:41,6.2
2015-12-04,华工激光工程有限公司,1250,1500,0.3942,10:41,6.2
2015-12-05,华工激光工程有限公司,1250,1500,0.3942,10:41,6.2
2015-12-06,华工激光工程有限公司,1250,1500,0.3942,10:41,6.2
2015-12-07,华工激光工程有限公司,1250,1500,0.3942,10:41,6.2
2015-12-08,华工激光工程有限公司,1250,1500,0.3942,10:41,6.2
2015-12-09,华工激光工程有限公司,1250,1500,0.3942,10:41,6.2
2015-12-10,华工激光工程有限公司,1250,1500,0.3942,10:41,6.2
2015-12-11,华工激光工程有限公司,1250,1500,0.3942,10:41,6.2
2015-12-12,华工激光工程有限公司,1250,1500,0.3942,10:41,6.2
2015-12-13,华工激光工程有限公司,1250,1500,0.3942,10:41,6.2
2015-12-14,华工激光工程有限公司,1250,1500,0.3942,10:41,6.2
2015-12-15,华工激光工程有限公司,1250,1500,0.3942,10:41,6.2
2015-12-16,华工激光工程有限公司,1250,1500,0.3942,10:41,6.2
2015-12-17,华工激光工程有限公司,1250,1500,0.3942,10:41,6.2
2015-12-18,华工激光工程有限公司,1250,1500,0.3942,10:41,6.2
2015-12-19,华工激光工程有限公司,1250,1500,0.3942,10:41,6.2
2015-12-20,华工激光工程有限公司,1250,1500,0.3942,10:41,6.2
2015-12-21,华工激光工程有限公司,1250,1500,0.3942,10:41,6.2
2015-12-22,华工激光工程有限公司,1250,1500,0.3942,10:41,6.2
2015-12-23,华工激光工程有限公司,1250,1500,0.3942,10:41,6.2
2015-12-24,华工激光工程有限公司,1250,1500,0.3353,2:13,6.2
2015-12-25,华工激光工程有限公司,1250,1500,0.3462,9:13,6.2
2015-12-26,华工激光工程有限公司,1250,1500,0.3462,9:13,6.2
2015-12-27,华工激光工程有限公司,1250,1500,0.3462,9:13,6.2
2015-12-28,华工激光工程有限公司,1250,1500,0.3879,10:30,6.2
2015-12-29,华工激光工程有限公司,1250,1500,0.3879,10:30,6.2
2015-12-30,华工激光工程有限公司,1250,1500,0.3879,10:30,6.2
2015-12-31,华工激光工程有限公司,1250,1500,0.3879,10:30,6.2
2016-01-01,华工激光工程有限公司,1250,1500,0.3879,10:30,6.2
2016-01-02,华工激光工程有限公司,1250,1500,0.3879,10:30,6.2
2016-01-03,华工激光工程有限公司,1250,1500,0.3879,10:30,6.2
2016-01-04,华工激光工程有限公司,1250,1500,0.3879,10:30,6.2
2016-01-05,华工激光工程有限公司,1250,1500,0.3879,10:30,6.2
2016-01-06,华工激光工程有限公司,1250,1500,0.3879,10:30,6.2
2016-01-07,华工激光工程有限公司,1250,1500,0.3879,10:30,6.2
2016-01-08,华工激光工程有限公司,1250,1500,0.3879,10:30,6.2
2016-01-09,华工激光工程有限公司,1250,1500,0.3879,10:30,6.2
2016-01-10,华工激光工程有限公司,1250,1500,0.3879,10:30,6.2
2016-01-11,华工激光工程有限公司,1250,1500,0.4632,2:05,6.2
2016-01-12,华工激光工程有限公司,1250,1500,0.4632,2:05,6.2
2016-01-13,华工激光工程有限公司,1250,1500,0.5195,9:17,6.2
2016-01-14,华工激光工程有限公司,1250,1500,0.5195,9:17,6.2
2016-01-15,华工激光工程有限公司,1250,1500,0.5195,9:17,6.2
2016-01-16,华工激光工程有限公司,1250,1500,0.5195,9:17,6.2
2016-01-17,华工激光工程有限公司,1250,1500,0.5195,9:17,6.2
2016-01-18,华工激光工程有限公司,1250,1500,0.5195,9:17,6.2
2016-01-19,华工激光工程有限公司,1250,1500,0.5195,9:17,6.2
2016-01-20,华工激光工程有限公司,1250,1500,0.5195,9:17,6.2
2016-01-21,华工激光工程有限公司,1250,1500,0.5195,9:17,6.2
2016-01-22,华工激光工程有限公司,1250,1500,0.5195,9:17,6.2
2016-01-23,华工激光工程有限公司,1250,1500,0.5195,9:17,6.2
2016-01-24,华工激光工程有限公司,1250,1500,0.1572,9:36,6.2
2016-01-25,华工激光工程有限公司,1250,1500,0.5227,11:42,6.2
2016-01-26,华工激光工程有限公司,1250,1500,0.5227,11:42,6.2
2016-01-27,华工激光工程有限公司,1250,1500,0.5227,11:42,6.2
2016-01-28,华工激光工程有限公司,1250,1500,0.5227,11:42,6.2
2016-01-29,华工激光工程有限公司,1250,1500,0.5227,11:42,6.2
2016-01-30,华工激光工程有限公司,1250,1500,0.5227,11:42,6.2
2016-01-31,华工激光工程有限公司,1250,1500,0.5227,11:42,6.2
2016-02-01,华工激光工程有限公司,1250,1500,0.5227,11:42,6.2
2016-02-02,华工激光工程有限公司,1250,1500,0.5227,11:42,6.2
2016-02-03,华工激光工程有限公司,1250,1500,0.5227,11:42,6.2
2016-02-04,华工激光工程有限公司,1250,1500,0.5227,11:42,6.2
2016-02-05,华工激光工程有限公司,1250,1500,0.5227,11:42,6.2
2016-02-06,华工激光工程有限公司,1250,1500,0.5227,11:42,6.2
2016-02-07,华工激光工程有限公司,1250,1500,0.5227,11:42,6.2
2016-02-08,华工激光工程有限公司,1250,1500,0.5227,11:42,6.2
2016-02-09,华工激光工程有限公司,1250,1500,0.5227,11:42,6.2
2016-02-10,华工激光工程有限公司,1250,1500,0.5227,11:42,6.2
2016-02-11,华工激光工程有限公司,1250,1500,0.5227,11:42,6.2
2016-02-12,华工激光工程有限公司,1250,1500,0.5227,11:42,6.2
2016-02-13,华工激光工程有限公司,1250,1500,0.5227,11:42,6.2
2016-02-14,华工激光工程有限公司,1250,1500,0.5227,11:42,6.2
2016-02-15,华工激光工程有限公司,1250,1500,0.5227,11:42,6.2
2016-02-16,华工激光工程有限公司,1250,1500,0.5227,11:42,6.2
2016-02-17,华工激光工程有限公司,1250,1500,0.5227,11:42,6.2
2016-02-18,华工激光工程有限公司,1250,1500,0.5227,11:42,6.2
2016-02-19,华工激光工程有限公司,1250,1500,0.5227,11:42,6.2
2016-02-20,华工激光工程有限公司,1250,1500,0.5227,11:42,6.2
2016-02-21,华工激光工程有限公司,1250,1500,0.5227,11:42,6.2
2016-02-22,华工激光工程有限公司,1250,1500,0.5227,11:42,6.2
2016-02-23,华工激光工程有限公司,1250,1500,0.5227,11:42,6.2
2016-02-24,华工激光工程有限公司,1250,1500,0.3338,9:51,6.2
2016-02-25,华工激光工程有限公司,1250,1500,0.3338,9:51,6.2
2016-02-26,华工激光工程有限公司,1250,1500,0.3338,9:51,6.2
2016-02-27,华工激光工程有限公司,1250,1500,0.3338,9:51,6.2
2016-02-28,华工激光工程有限公司,1250,1500,0.3338,9:51,6.2
2016-02-29,华工激光工程有限公司,1250,1500,0.3338,9:51,6.2
2016-03-01,华工激光工程有限公司,1250,1500,0.3338,9:51,6.2
2016-03-02,华工激光工程有限公司,1250,1500,0.3338,9:51,6.2
2016-03-03,华工激光工程有限公司,1250,1500,0.3338,9:51,6.2
2016-03-04,华工激光工程有限公司,1250,1500,0.3338,9:51,6.2
2016-03-05,华工激光工程有限公司,1250,1500,0.3338,9:51,6.2
2016-03-06,华工激光工程有限公司,1250,1500,0.3338,9:51,6.2
2016-03-07,华工激光工程有限公司,1250,1500,0.3338,9:51,6.2
2016-03-08,华工激光工程有限公司,1250,1500,0.3338,9:51,6.2
2016-03-09,华工激光工程有限公司,1250,1500,0.3385,11:15,6.2
2016-03-10,华工激光工程有限公司,1250,1500,0.3733,11:02,6.2
2016-03-11,华工激光工程有限公司,1250,1500,0.3733,11:02,6.2
2016-03-12,华工激光工程有限公司,1250,1500,0.3733,11:02,6.2
2016-03-13,华工激光工程有限公司,1250,1500,0.3733,11:02,6.2
2016-03-14,华工激光工程有限公司,1250,1500,0.3733,11:02,6.2
2016-03-15,华工激光工程有限公司,1250,1500,0.3733,11:02,6.2
2016-03-16,华工激光工程有限公司,1250,1500,0.3733,11:02,6.2
2016-03-17,华工激光工程有限公司,1250,1500,0.3733,11:02,6.2
2016-03-18,华工激光工程有限公司,1250,1500,0.3733,11:02,6.2
2016-03-19,华工激光工程有限公司,1250,1500,0.3733,11:02,6.2
2016-03-20,华工激光工程有限公司,1250,1500,0.3733,11:02,6.2
2016-03-21,华工激光工程有限公司,1250,1500,0.3733,11:02,6.2
2016-03-22,华工激光工程有限公司,1250,1500,0.3733,11:02,6.2
2016-03-23,华工激光工程有限公司,1250,1500,0.3733,11:02,6.2
2016-03-24,华工激光工程有限公司,1250,1500,0.2053,11:35,6.2
2016-03-25,华工激光工程有限公司,1250,1500,0.2053,11:35,6.2
2016-03-26,华工激光工程有限公司,1250,1500,0.2176,11:40,6.2
2016-03-27,华工激光工程有限公司,1250,1500,0.2176,11:40,6.2
2016-03-28,华工激光工程有限公司,1250,1500,0.2176,11:40,6.2
2016-03-29,华工激光工程有限公司,1250,1500,0.2176,11:40,6.2
2016-03-30,华工激光工程有限公司,1250,1500,0.2245,2:31,6.2
2016-03-31,华工激光工程有限公司,1250,1500,0.2418,3:05,6.2
2016-04-01,华工激光工程有限公司,1250,1500,0.2418,3:05,6.2
2016-04-02,华工激光工程有限公司,1250,1500,0.2418,3:05,6.2
2016-04-03,华工激光工程有限公司,1250,1500,0.2418,3:05,6.2
2016-04-04,华工激光工程有限公司,1250,1500,0.2418,3:05,6.2
2016-04-05,华工激光工程有限公司,1250,1500,0.2418,3:05,6.2
2016-04-06,华工激光工程有限公司,1250,1500,0.2418,3:05,6.2
2016-04-07,华工激光工程有限公司,1250,1500,0.2418,3:05,6.2
2016-04-08,华工激光工程有限公司,1250,1500,0.2418,3:05,6.2
2016-04-09,华工激光工程有限公司,1250,1500,0.2418,3:05,6.2
2016-04-10,华工激光工程有限公司,1250,1500,0.2418,3:05,6.2
2016-04-11,华工激光工程有限公司,1250,1500,0.2616,11:27,6.2
2016-04-12,华工激光工程有限公司,1250,1500,0.2712,4:24,6.2
2016-04-13,华工激光工程有限公司,1250,1500,0.3009,3:57,6.2
2016-04-14,华工激光工程有限公司,1250,1500,0.3009,3:57,6.2
2016-04-15,华工激光工程有限公司,1250,1500,0.3009,3:57,6.2
2016-04-16,华工激光工程有限公司,1250,1500,0.3009,3:57,6.2
2016-04-17,华工激光工程有限公司,1250,1500,0.3009,3:57,6.2
2016-04-18,华工激光工程有限公司,1250,1500,0.3009,3:57,6.2
2016-04-19,华工激光工程有限公司,1250,1500,0.3009,3:57,6.2
2016-04-20,华工激光工程有限公司,1250,1500,0.3009,3:57,6.2
2016-04-21,华工激光工程有限公司,1250,1500,0.3009,3:57,6.2
2016-04-22,华工激光工程有限公司,1250,1500,0.3009,3:57,6.2
2016-04-23,华工激光工程有限公司,1250,1500,0.3009,3:57,6.2
2016-04-24,华工激光工程有限公司,1250,1500,0.0689,3:58,6.2
2016-04-25,华工激光工程有限公司,1250,1500,0.2364,4:28,6.2
2016-04-26,华工激光工程有限公司,1250,1500,0.2717,4:16,6.2
2016-04-27,华工激光工程有限公司,1250,1500,0.2717,4:16,6.2
2016-04-28,华工激光工程有限公司,1250,1500,0.2717,4:16,6.2
2016-04-29,华工激光工程有限公司,1250,1500,0.2717,4:16,6.2
2016-04-30,华工激光工程有限公司,1250,1500,0.2717,4:16,6.2
2016-05-01,华工激光工程有限公司,1250,1500,0.2717,4:16,6.2
2016-05-02,华工激光工程有限公司,1250,1500,0.2717,4:16,6.2
2016-05-03,华工激光工程有限公司,1250,1500,0.2717,4:16,6.2
2016-05-04,华工激光工程有限公司,1250,1500,0.3492,3:48,6.2
2016-05-05,华工激光工程有限公司,1250,1500,0.3492,3:48,6.2
2016-05-06,华工激光工程有限公司,1250,1500,0.3815,2:54,6.2
2016-05-07,华工激光工程有限公司,1250,1500,0.3815,2:54,6.2
2016-05-08,华工激光工程有限公司,1250,1500,0.3815,2:54,6.2
2016-05-09,华工激光工程有限公司,1250,1500,0.3815,2:54,6.2
2016-05-10,华工激光工程有限公司,1250,1500,0.3815,2:54,6.2
2016-05-11,华工激光工程有限公司,1250,1500,0.3815,2:54,6.2
2016-05-12,华工激光工程有限公司,1250,1500,0.3815,2:54,6.2
2016-05-13,华工激光工程有限公司,1250,1500,0.3815,2:54,6.2
2016-05-14,华工激光工程有限公司,1250,1500,0.3815,2:54,6.2
2016-05-15,华工激光工程有限公司,1250,1500,0.3815,2:54,6.2
2016-05-16,华工激光工程有限公司,1250,1500,0.3815,2:54,6.2
2016-05-17,华工激光工程有限公司,1250,1500,0.3815,2:54,6.2
2016-05-18,华工激光工程有限公司,1250,1500,0.3815,2:54,6.2
2016-05-19,华工激光工程有限公司,1250,1500,0.3815,2:54,6.2
2016-05-20,华工激光工程有限公司,1250,1500,0.3815,2:54,6.2
2016-05-21,华工激光工程有限公司,1250,1500,0.3815,2:54,6.2
2016-05-22,华工激光工程有限公司,1250,1500,0.3815,2:54,6.2
2016-05-23,华工激光工程有限公司,1250,1500,0.3815,2:54,6.2
2016-05-24,华工激光工程有限公司,1250,1500,0.2975,4:13,6.2
2016-05-25,华工激光工程有限公司,1250,1500,0.3021,3:28,6.2
2016-05-26,华工激光工程有限公司,1250,1500,0.3021,3:28,6.2
2016-05-27,华工激光工程有限公司,1250,1500,0.3021,3:28,6.2
2016-05-28,华工激光工程有限公司,1250,1500,0.3021,3:28,6.2
2016-05-29,华工激光工程有限公司,1250,1500,0.3021,3:28,6.2
2016-05-30,华工激光工程有限公司,1250,1500,0.3328,4:25,6.2
2016-05-31,华工激光工程有限公司,1250,1500,0.4187,3:41,6.2
2016-06-01,华工激光工程有限公司,1250,1500,0.4187,3:41,6.2
2016-06-02,华工激光工程有限公司,1250,1500,0.4187,3:41,6.2
2016-06-03,华工激光工程有限公司,1250,1500,0.4187,3:41,6.2
2016-06-04,华工激光工程有限公司,1250,1500,0.4187,3:41,6.2
2016-06-05,华工激光工程有限公司,1250,1500,0.4187,3:41,6.2
2016-06-06,华工激光工程有限公司,1250,1500,0.4187,3:41,6.2
2016-06-07,华工激光工程有限公司,1250,1500,0.4187,3:41,6.2
2016-06-08,华工激光工程有限公司,1250,1500,0.4187,3:41,6.2
2016-06-09,华工激光工程有限公司,1250,1500,0.4187,3:41,6.2
2016-06-10,华工激光工程有限公司,1250,1500,0.4187,3:41,6.2
2016-06-11,华工激光工程有限公司,1250,1500,0.4187,3:41,6.2
2016-06-12,华工激光工程有限公司,1250,1500,0.4187,3:41,6.2
2016-06-13,华工激光工程有限公司,1250,1500,0.4444,3:38,6.2
2016-06-14,华工激光工程有限公司,1250,1500,0.4971,3:16,6.2
2016-06-15,华工激光工程有限公司,1250,1500,0.4971,3:16,6.2
2016-06-16,华工激光工程有限公司,1250,1500,0.4971,3:16,6.2
2016-06-17,华工激光工程有限公司,1250,1500,0.4971,3:16,6.2
2016-06-18,华工激光工程有限公司,1250,1500,0.4971,3:16,6.2
2016-06-19,华工激光工程有限公司,1250,1500,0.4971,3:16,6.2
2016-06-20,华工激光工程有限公司,1250,1500,0.4971,3:16,6.2
2016-06-21,华工激光工程有限公司,1250,1500,0.4971,3:16,6.2
2016-06-22,华工激光工程有限公司,1250,1500,0.4971,3:16,6.2
2016-06-23,华工激光工程有限公司,1250,1500,0.5448,3:23,6.2
2016-06-24,华工激光工程有限公司,1250,1500,0.3763,11:14,6.2
2016-06-25,华工激光工程有限公司,1250,1500,0.3763,11:14,6.2
2016-06-26,华工激光工程有限公司,1250,1500,0.3763,11:14,6.2
2016-06-27,华工激光工程有限公司,1250,1500,0.3763,11:14,6.2
2016-06-28,华工激光工程有限公司,1250,1500,0.3763,11:14,6.2
2016-06-29,华工激光工程有限公司,1250,1500,0.4401,4:21,6.2
2016-06-30,华工激光工程有限公司,1250,1500,0.4523,3:31,6.2
2016-07-01,华工激光工程有限公司,1250,1500,0.4523,3:31,6.2
2016-07-02,华工激光工程有限公司,1250,1500,0.4523,3:31,6.2
2016-07-03,华工激光工程有限公司,1250,1500,0.4523,3:31,6.2
2016-07-04,华工激光工程有限公司,1250,1500,0.4523,3:31,6.2
2016-07-05,华工激光工程有限公司,1250,1500,0.4523,3:31,6.2
2016-07-06,华工激光工程有限公司,1250,1500,0.4523,3:31,6.2
2016-07-07,华工激光工程有限公司,1250,1500,0.4523,3:31,6.2
2016-07-08,华工激光工程有限公司,1250,1500,0.5161,3:53,6.2
2016-07-09,华工激光工程有限公司,1250,1500,0.5228,3:58,6.2
2016-07-10,华工激光工程有限公司,1250,1500,0.5228,3:58,6.2
2016-07-11,华工激光工程有限公司,1250,1500,0.5228,3:58,6.2
2016-07-12,华工激光工程有限公司,1250,1500,0.537,11:26,6.2
2016-07-13,华工激光工程有限公司,1250,1500,0.537,11:26,6.2
2016-07-14,华工激光工程有限公司,1250,1500,0.537,11:26,6.2
2016-07-15,华工激光工程有限公司,1250,1500,0.537,11:26,6.2
2016-07-16,华工激光工程有限公司,1250,1500,0.537,11:26,6.2
2016-07-17,华工激光工程有限公司,1250,1500,0.537,11:26,6.2
2016-07-18,华工激光工程有限公司,1250,1500,0.537,11:26,6.2
2016-07-19,华工激光工程有限公司,1250,1500,0.537,11:26,6.2
2016-07-20,华工激光工程有限公司,1250,1500,0.537,11:26,6.2
2016-07-21,华工激光工程有限公司,1250,1500,0.537,11:26,6.2
2016-07-22,华工激光工程有限公司,1250,1500,0.537,11:26,6.2
2016-07-23,华工激光工程有限公司,1250,1500,0.537,11:26,6.2
2016-07-24,华工激光工程有限公司,1250,1500,0.2391,12:37,6.2
2016-07-25,华工激光工程有限公司,1250,1500,0.631,11:16,6.2
2016-07-26,华工激光工程有限公司,1250,1500,0.631,11:16,6.2
2016-07-27,华工激光工程有限公司,1250,1500,0.6456,3:10,6.2
2016-07-28,华工激光工程有限公司,1250,1500,0.6456,3:10,6.2
2016-07-29,华工激光工程有限公司,1250,1500,0.6456,3:10,6.2
2016-07-30,华工激光工程有限公司,1250,1500,0.6456,3:10,6.2
2016-07-31,华工激光工程有限公司,1250,1500,0.6456,3:10,6.2
2016-08-01,华工激光工程有限公司,1250,1500,0.6456,3:10,6.2
2016-08-02,华工激光工程有限公司,1250,1500,0.6456,3:10,6.2
2016-08-03,华工激光工程有限公司,1250,1500,0.6456,3:10,6.2
2016-08-04,华工激光工程有限公司,1250,1500,0.6456,3:10,6.2
2016-08-05,华工激光工程有限公司,1250,1500,0.6456,3:10,6.2
2016-08-06,华工激光工程有限公司,1250,1500,0.6456,3:10,6.2
2016-08-07,华工激光工程有限公司,1250,1500,0.6456,3:10,6.2
2016-08-08,华工激光工程有限公司,1250,1500,0.6456,3:10,6.2
2016-08-09,华工激光工程有限公司,1250,1500,0.6456,3:10,6.2
2016-08-10,华工激光工程有限公司,1250,1500,0.6456,3:10,6.2
2016-08-11,华工激光工程有限公司,1250,1500,0.6456,3:10,6.2
2016-08-12,华工激光工程有限公司,1250,1500,0.6456,3:10,6.2
2016-08-13,华工激光工程有限公司,1250,1500,0.6456,3:10,6.2
2016-08-14,华工激光工程有限公司,1250,1500,0.6456,3:10,6.2
2016-08-15,华工激光工程有限公司,1250,1500,0.6456,3:10,6.2
2016-08-16,华工激光工程有限公司,1250,1500,0.6456,3:10,6.2
2016-08-17,华工激光工程有限公司,1250,1500,0.6456,3:10,6.2
2016-08-18,华工激光工程有限公司,1250,1500,0.6456,3:10,6.2
2016-08-19,华工激光工程有限公司,1250,1500,0.6456,3:10,6.2
2016-08-20,华工激光工程有限公司,1250,1500,0.6456,3:10,6.2
2016-08-21,华工激光工程有限公司,1250,1500,0.6456,3:10,6.2
2016-08-22,华工激光工程有限公司,1250,1500,0.6456,3:10,6.2
2016-08-23,华工激光工程有限公司,1250,1500,0.6456,3:10,6.2
2016-08-24,华工激光工程有限公司,1250,1500,0.4958,4:23,6.2
2016-08-25,华工激光工程有限公司,1250,1500,0.524,11:04,6.2
2016-08-26,华工激光工程有限公司,1250,1500,0.524,11:04,6.2
2016-08-27,华工激光工程有限公司,1250,1500,0.524,11:04,6.2
2016-08-28,华工激光工程有限公司,1250,1500,0.524,11:04,6.2
2016-08-29,华工激光工程有限公司,1250,1500,0.524,11:04,6.2
2016-08-30,华工激光工程有限公司,1250,1500,0.524,11:04,6.2
2016-08-31,华工激光工程有限公司,1250,1500,0.524,11:04,6.2
2016-09-01,华工激光工程有限公司,1250,1500,0.524,11:04,6.2
2016-09-02,华工激光工程有限公司,1250,1500,0.524,11:04,6.2
2016-09-03,华工激光工程有限公司,1250,1500,0.524,11:04,6.2
2016-09-04,华工激光工程有限公司,1250,1500,0.524,11:04,6.2
2016-09-05,华工激光工程有限公司,1250,1500,0.524,11:04,6.2
2016-09-06,华工激光工程有限公司,1250,1500,0.524,11:04,6.2
2016-09-07,华工激光工程有限公司,1250,1500,0.524,11:04,6.2
2016-09-08,华工激光工程有限公司,1250,1500,0.524,11:04,6.2
2016-09-09,华工激光工程有限公司,1250,1500,0.524,11:04,6.2
2016-09-10,华工激光工程有限公司,1250,1500,0.524,11:04,6.2
2016-09-11,华工激光工程有限公司,1250,1500,0.524,11:04,6.2
2016-09-12,华工激光工程有限公司,1250,1500,0.524,11:04,6.2
2016-09-13,华工激光工程有限公司,1250,1500,0.524,11:04,6.2
2016-09-14,华工激光工程有限公司,1250,1500,0.524,11:04,6.2
2016-09-15,华工激光工程有限公司,1250,1500,0.524,11:04,6.2
2016-09-16,华工激光工程有限公司,1250,1500,0.524,11:04,6.2
2016-09-17,华工激光工程有限公司,1250,1500,0.524,11:04,6.2
2016-09-18,华工激光工程有限公司,1250,1500,0.524,11:04,6.2
2016-09-19,华工激光工程有限公司,1250,1500,0.524,11:04,6.2
2016-09-20,华工激光工程有限公司,1250,1500,0.524,11:04,6.2
2016-09-21,华工激光工程有限公司,1250,1500,0.524,11:04,6.2
2016-09-22,华工激光工程有限公司,1250,1500,0.524,11:04,6.2
2016-09-23,华工激光工程有限公司,1250,1500,0.524,11:04,6.2
2016-09-24,华工激光工程有限公司,1250,1500,0.3215,2:47,6.2
2016-09-25,华工激光工程有限公司,1250,1500,0.3215,2:47,6.2
2016-09-26,华工激光工程有限公司,1250,1500,0.4709,2:32,6.2
2016-09-27,华工激光工程有限公司,1250,1500,0.4709,2:32,6.2
2016-09-28,华工激光工程有限公司,1250,1500,0.4709,2:32,6.2
2016-09-29,华工激光工程有限公司,1250,1500,0.4709,2:32,6.2
2016-09-30,华工激光工程有限公司,1250,1500,0.4709,2:32,6.2
2016-10-01,华工激光工程有限公司,1250,1500,0.4709,2:32,6.2
2016-10-02,华工激光工程有限公司,1250,1500,0.4709,2:32,6.2
2016-10-03,华工激光工程有限公司,1250,1500,0.4709,2:32,6.2
2016-10-04,华工激光工程有限公司,1250,1500,0.4709,2:32,6.2
2016-10-05,华工激光工程有限公司,1250,1500,0.4709,2:32,6.2
2016-10-06,华工激光工程有限公司,1250,1500,0.4709,2:32,6.2
2016-10-07,华工激光工程有限公司,1250,1500,0.4709,2:32,6.2
2016-10-08,华工激光工程有限公司,1250,1500,0.4709,2:32,6.2
2016-10-09,华工激光工程有限公司,1250,1500,0.4709,2:32,6.2
2016-10-10,华工激光工程有限公司,1250,1500,0.4709,2:32,6.2
2016-10-11,华工激光工程有限公司,1250,1500,0.4709,2:32,6.2
2016-10-12,华工激光工程有限公司,1250,1500,0.4709,2:32,6.2
2016-10-13,华工激光工程有限公司,1250,1500,0.4709,2:32,6.2
2016-10-14,华工激光工程有限公司,1250,1500,0.4709,2:32,6.2
2016-10-15,华工激光工程有限公司,1250,1500,0.4709,2:32,6.2
2016-10-16,华工激光工程有限公司,1250,1500,0.4709,2:32,6.2
2016-10-17,华工激光工程有限公司,1250,1500,0.4709,2:32,6.2
,,,,,,
部门：武汉供电公司        人员：稽查室        日期：2016-10-18 13:30:41,,,,,,
