数据日期,用户名称,综合倍率,表位数,总,尖,峰,平,谷
2015/5/13,楚天激光集团股份有限公司,1000,6.2,570,0,220,350,0
2015/5/13,楚天激光集团股份有限公司,100,5.2,76,0,32,44,0
2015/5/13,楚天激光集团股份有限公司,60,5.2,118.2,0,44.4,73.8,0
2015/5/14,楚天激光集团股份有限公司,1000,6.2,940,0,280,520,140
2015/5/14,楚天激光集团股份有限公司,100,5.2,106,0,39,63,4
2015/5/14,楚天激光集团股份有限公司,60,5.2,178.2,0,54,95.4,28.8
2015/5/15,楚天激光集团股份有限公司,1000,6.2,1020,0,300,560,160
2015/5/15,楚天激光集团股份有限公司,100,5.2,128,0,42,62,24
2015/5/15,楚天激光集团股份有限公司,60,5.2,185.4,0,54,103.8,27.6
2015/5/16,楚天激光集团股份有限公司,1000,6.2,1270,0,420,770,90
2015/5/16,楚天激光集团股份有限公司,100,5.2,94,0,37,56,1
2015/5/16,楚天激光集团股份有限公司,60,5.2,91.8,0,29.4,46.2,16.2
2015/5/17,楚天激光集团股份有限公司,1000,6.2,1430,0,330,950,140
2015/5/17,楚天激光集团股份有限公司,100,5.2,92,0,32,55,5
2015/5/17,楚天激光集团股份有限公司,60,5.2,105.6,0,33,60,12.6
2015/5/18,楚天激光集团股份有限公司,1000,6.2,1410,0,390,780,240
2015/5/18,楚天激光集团股份有限公司,100,5.2,95,0,34,56,5
2015/5/18,楚天激光集团股份有限公司,60,5.2,145.8,0,39,85.2,21.6
2015/5/19,楚天激光集团股份有限公司,1000,6.2,940,0,250,530,160
2015/5/19,楚天激光集团股份有限公司,100,5.2,95,0,37,52,6
2015/5/19,楚天激光集团股份有限公司,60,5.2,132,0,36.6,79.2,16.2
2015/5/20,楚天激光集团股份有限公司,1000,6.2,960,0,260,560,130
2015/5/20,楚天激光集团股份有限公司,100,5.2,108,0,42,60,6
2015/5/20,楚天激光集团股份有限公司,60,5.2,137.4,0,39.6,82.8,15
2015/5/21,楚天激光集团股份有限公司,1000,6.2,910,0,240,540,140
2015/5/21,楚天激光集团股份有限公司,100,5.2,102,0,38,55,9
2015/5/21,楚天激光集团股份有限公司,60,5.2,127.8,0,39,73.2,15.6
2015/5/22,楚天激光集团股份有限公司,1000,6.2,900,0,240,510,150
2015/5/22,楚天激光集团股份有限公司,100,5.2,109,0,38,58,13
2015/5/22,楚天激光集团股份有限公司,60,5.2,131.4,0,39,77.4,15
2015/5/23,楚天激光集团股份有限公司,1000,6.2,540,0,160,270,110
2015/5/23,楚天激光集团股份有限公司,100,5.2,94,0,34,55,5
2015/5/23,楚天激光集团股份有限公司,60,5.2,89.4,0,27,51.6,10.8
2015/5/24,楚天激光集团股份有限公司,1000,6.2,490,0,150,230,110
2015/5/24,楚天激光集团股份有限公司,100,5.2,88,0,34,50,4
2015/5/24,楚天激光集团股份有限公司,60,5.2,102.6,0,37.8,54.6,10.2
2015/5/25,楚天激光集团股份有限公司,1000,6.2,1370,0,290,950,130
2015/5/25,楚天激光集团股份有限公司,100,5.2,93,0,36,53,4
2015/5/25,楚天激光集团股份有限公司,60,5.2,177.6,0,54,104.4,19.2
2015/5/26,楚天激光集团股份有限公司,1000,6.2,1830,0,430,1220,170
2015/5/26,楚天激光集团股份有限公司,100,5.2,102,0,40,56,6
2015/5/26,楚天激光集团股份有限公司,60,5.2,211.2,0,57.6,114,39.6
2015/5/27,楚天激光集团股份有限公司,1000,6.2,1910,0,480,1280,170
2015/5/27,楚天激光集团股份有限公司,100,5.2,106,0,41,57,8
2015/5/27,楚天激光集团股份有限公司,60,5.2,213.6,0,57,117.6,39
2015/5/28,楚天激光集团股份有限公司,1000,6.2,1940,0,490,1290,150
2015/5/28,楚天激光集团股份有限公司,100,5.2,98,0,39,53,6
2015/5/28,楚天激光集团股份有限公司,60,5.2,211.2,0,58.8,112.8,39.6
2015/5/29,楚天激光集团股份有限公司,1000,6.2,1940,0,540,1230,170
2015/5/29,楚天激光集团股份有限公司,100,5.2,93,0,36,53,4
2015/5/29,楚天激光集团股份有限公司,60,5.2,216,0,60,115.2,40.8
2015/5/30,楚天激光集团股份有限公司,1000,6.2,600,0,190,280,130
2015/5/30,楚天激光集团股份有限公司,100,5.2,105,0,40,59,6
2015/5/30,楚天激光集团股份有限公司,60,5.2,160.2,0,46.8,77.4,36
2015/5/31,楚天激光集团股份有限公司,1000,6.2,1000,0,320,540,140
2015/5/31,楚天激光集团股份有限公司,100,5.2,74,0,27,43,4
2015/5/31,楚天激光集团股份有限公司,60,5.2,159.6,0,46.2,77.4,36
2015/6/1,楚天激光集团股份有限公司,1000,6.2,2590,0,680,1700,210
2015/6/1,楚天激光集团股份有限公司,100,5.2,59,0,16,40,3
2015/6/1,楚天激光集团股份有限公司,60,5.2,219,0,59.4,117.6,42
2015/6/2,楚天激光集团股份有限公司,1000,6.2,2560,0,610,1600,360
2015/6/2,楚天激光集团股份有限公司,100,5.2,75,0,33,39,3
2015/6/2,楚天激光集团股份有限公司,60,5.2,205.8,0,55.2,110.4,40.2
2015/6/3,楚天激光集团股份有限公司,1000,6.2,1880,0,460,1230,190
2015/6/3,楚天激光集团股份有限公司,100,5.2,62,0,24,34,4
2015/6/3,楚天激光集团股份有限公司,60,5.2,206.4,0,54.6,112.2,39.6
2015/6/4,楚天激光集团股份有限公司,1000,6.2,1770,0,430,1170,160
2015/6/4,楚天激光集团股份有限公司,100,5.2,77,0,27,43,7
2015/6/4,楚天激光集团股份有限公司,60,5.2,160.2,0,39,88.2,33
2015/6/5,楚天激光集团股份有限公司,1000,6.2,1700,0,420,1130,150
2015/6/5,楚天激光集团股份有限公司,100,5.2,91,0,30,43,18
2015/6/5,楚天激光集团股份有限公司,60,5.2,148.2,0,41.4,89.4,17.4
2015/6/6,楚天激光集团股份有限公司,1000,6.2,620,0,180,310,130
2015/6/6,楚天激光集团股份有限公司,100,5.2,75,0,27,42,6
2015/6/6,楚天激光集团股份有限公司,60,5.2,103.2,0,30.6,58.2,14.4
2015/6/7,楚天激光集团股份有限公司,1000,6.2,960,0,300,490,170
2015/6/7,楚天激光集团股份有限公司,100,5.2,75,0,21,39,15
2015/6/7,楚天激光集团股份有限公司,60,5.2,92.4,0,27.6,46.8,18
2015/6/8,楚天激光集团股份有限公司,1000,6.2,1660,0,410,1120,130
2015/6/8,楚天激光集团股份有限公司,100,5.2,74,0,32,39,3
2015/6/8,楚天激光集团股份有限公司,60,5.2,147.6,0,42,88.8,16.8
2015/6/9,楚天激光集团股份有限公司,1000,6.2,1810,0,460,1220,130
2015/6/9,楚天激光集团股份有限公司,100,5.2,70,0,30,37,3
2015/6/9,楚天激光集团股份有限公司,60,5.2,151.2,0,42.6,91.8,16.8
2015/6/10,楚天激光集团股份有限公司,1000,6.2,2000,0,590,1280,140
2015/6/10,楚天激光集团股份有限公司,100,5.2,71,0,29,37,5
2015/6/10,楚天激光集团股份有限公司,60,5.2,160.8,0,50.4,91.2,19.2
2015/6/11,楚天激光集团股份有限公司,1000,6.2,2310,0,570,1570,160
2015/6/11,楚天激光集团股份有限公司,100,5.2,73,0,29,38,6
2015/6/11,楚天激光集团股份有限公司,60,5.2,174.6,0,49.8,98.4,26.4
2015/6/12,楚天激光集团股份有限公司,1000,6.2,2610,0,800,1650,160
2015/6/12,楚天激光集团股份有限公司,100,5.2,88,0,37,46,5
2015/6/12,楚天激光集团股份有限公司,60,5.2,184.2,0,57,99.6,27.6
2015/6/13,楚天激光集团股份有限公司,1000,6.2,1560,0,360,1030,170
2015/6/13,楚天激光集团股份有限公司,100,5.2,65,0,22,39,4
2015/6/13,楚天激光集团股份有限公司,60,5.2,150,0,41.4,82.2,26.4
2015/6/14,楚天激光集团股份有限公司,1000,6.2,490,0,140,230,130
2015/6/14,楚天激光集团股份有限公司,100,5.2,58,0,20,35,3
2015/6/14,楚天激光集团股份有限公司,60,5.2,105.6,0,30,52.2,23.4
2015/6/15,楚天激光集团股份有限公司,1000,6.2,2570,0,630,1670,260
2015/6/15,楚天激光集团股份有限公司,100,5.2,76,0,32,40,4
2015/6/15,楚天激光集团股份有限公司,60,5.2,160.2,0,44.4,91.8,24
2015/6/16,楚天激光集团股份有限公司,1000,6.2,2540,0,590,1710,240
2015/6/16,楚天激光集团股份有限公司,100,5.2,66,0,21,41,4
2015/6/16,楚天激光集团股份有限公司,60,5.2,160.8,0,43.2,92.4,25.2
2015/6/17,楚天激光集团股份有限公司,1000,6.2,2080,0,510,1330,250
2015/6/17,楚天激光集团股份有限公司,100,5.2,73,0,28,38,7
2015/6/17,楚天激光集团股份有限公司,60,5.2,147.6,0,38.4,85.2,24
2015/6/18,楚天激光集团股份有限公司,1000,6.2,2110,0,480,1400,220
2015/6/18,楚天激光集团股份有限公司,100,5.2,68,0,25,40,3
2015/6/18,楚天激光集团股份有限公司,60,5.2,141,0,40.2,83.4,17.4
2015/6/19,楚天激光集团股份有限公司,1000,6.2,2430,0,610,1580,240
2015/6/19,楚天激光集团股份有限公司,100,5.2,211,0,86,120,5
2015/6/19,楚天激光集团股份有限公司,60,5.2,165.6,0,48.6,96,21
2015/6/20,楚天激光集团股份有限公司,1000,6.2,470,0,130,210,130
2015/6/20,楚天激光集团股份有限公司,100,5.2,9,0,2,5,2
2015/6/20,楚天激光集团股份有限公司,60,5.2,99,0,28.8,51,19.2
2015/6/21,楚天激光集团股份有限公司,1000,6.2,500,0,130,240,130
2015/6/21,楚天激光集团股份有限公司,100,5.2,57,0,18,37,2
2015/6/21,楚天激光集团股份有限公司,60,5.2,91.8,0,26.4,46.8,18.6
2015/6/22,楚天激光集团股份有限公司,1000,6.2,490,0,130,240,120
2015/6/22,楚天激光集团股份有限公司,100,5.2,54,0,15,38,1
2015/6/22,楚天激光集团股份有限公司,60,5.2,81.6,0,25.2,42,14.4
2015/6/23,楚天激光集团股份有限公司,1000,6.2,2570,0,620,1720,240
2015/6/23,楚天激光集团股份有限公司,100,5.2,61,0,21,37,3
2015/6/23,楚天激光集团股份有限公司,60,5.2,167.4,0,49.8,96,21.6
2015/6/24,楚天激光集团股份有限公司,1000,6.2,2890,0,770,1850,270
2015/6/24,楚天激光集团股份有限公司,100,5.2,184,0,126,53,5
2015/6/24,楚天激光集团股份有限公司,60,5.2,191.4,0,59.4,103.8,28.2
2015/6/25,楚天激光集团股份有限公司,1000,6.2,3180,0,770,2110,280
2015/6/25,楚天激光集团股份有限公司,100,5.2,302,0,100,197,5
2015/6/25,楚天激光集团股份有限公司,60,5.2,186.6,0,49.2,100.2,37.2
2015/6/26,楚天激光集团股份有限公司,1000,6.2,2980,0,740,1960,290
2015/6/26,楚天激光集团股份有限公司,100,5.2,329,0,111,213,5
2015/6/26,楚天激光集团股份有限公司,60,5.2,180.6,0,52.2,96,32.4
2015/6/27,楚天激光集团股份有限公司,1000,6.2,2540,0,560,1750,220
2015/6/27,楚天激光集团股份有限公司,100,5.2,101,0,22,64,15
2015/6/27,楚天激光集团股份有限公司,60,5.2,169.2,0,45,91.2,33
2015/6/28,楚天激光集团股份有限公司,1000,6.2,2170,0,470,1380,330
2015/6/28,楚天激光集团股份有限公司,100,5.2,65,0,22,37,6
2015/6/28,楚天激光集团股份有限公司,60,5.2,135,0,39.6,66,29.4
2015/6/29,楚天激光集团股份有限公司,1000,6.2,3200,0,760,2090,340
2015/6/29,楚天激光集团股份有限公司,100,5.2,193,0,65,113,15
2015/6/29,楚天激光集团股份有限公司,60,5.2,210.6,0,61.2,111.6,37.8
2015/6/30,楚天激光集团股份有限公司,1000,6.2,2710,0,640,1760,320
2015/6/30,楚天激光集团股份有限公司,100,5.2,67,0,22,42,3
2015/6/30,楚天激光集团股份有限公司,60,5.2,181.2,0,48,96,37.2
2015/7/1,楚天激光集团股份有限公司,1000,6.2,2940,0,680,1980,290
2015/7/1,楚天激光集团股份有限公司,100,5.2,66,0,22,36,8
2015/7/1,楚天激光集团股份有限公司,60,5.2,165,0,49.2,87.6,28.2
2015/7/2,楚天激光集团股份有限公司,1000,6.2,3860,0,1090,2330,430
2015/7/2,楚天激光集团股份有限公司,100,5.2,60,0,23,33,4
2015/7/2,楚天激光集团股份有限公司,60,5.2,178.8,0,51.6,95.4,31.8
2015/7/3,楚天激光集团股份有限公司,1000,6.2,3630,0,770,2110,760
2015/7/3,楚天激光集团股份有限公司,100,5.2,59,0,18,37,4
2015/7/3,楚天激光集团股份有限公司,60,5.2,181.8,0,51,100.8,30
2015/7/4,楚天激光集团股份有限公司,1000,6.2,1670,0,450,1050,160
2015/7/4,楚天激光集团股份有限公司,100,5.2,324,0,108,211,5
2015/7/4,楚天激光集团股份有限公司,60,5.2,126.6,0,31.8,67.2,27.6
2015/7/5,楚天激光集团股份有限公司,1000,6.2,570,0,170,250,150
2015/7/5,楚天激光集团股份有限公司,100,5.2,84,0,43,39,2
2015/7/5,楚天激光集团股份有限公司,60,5.2,98.4,0,29.4,48.6,20.4
2015/7/6,楚天激光集团股份有限公司,1000,6.2,2450,0,580,1630,240
2015/7/6,楚天激光集团股份有限公司,100,5.2,59,0,19,37,3
2015/7/6,楚天激光集团股份有限公司,60,5.2,157.8,0,44.4,90,23.4
2015/7/7,楚天激光集团股份有限公司,1000,6.2,2180,0,510,1460,210
2015/7/7,楚天激光集团股份有限公司,100,5.2,58,0,17,38,3
2015/7/7,楚天激光集团股份有限公司,60,5.2,146.4,0,42.6,85.2,18.6
2015/7/8,楚天激光集团股份有限公司,1000,6.2,2470,0,590,1640,240
2015/7/8,楚天激光集团股份有限公司,100,5.2,63,0,20,38,5
2015/7/8,楚天激光集团股份有限公司,60,5.2,148.2,0,43.8,84.6,19.8
2015/7/9,楚天激光集团股份有限公司,1000,6.2,2360,0,570,1540,250
2015/7/9,楚天激光集团股份有限公司,100,5.2,69,0,30,34,5
2015/7/9,楚天激光集团股份有限公司,60,5.2,150.6,0,43.8,85.8,21
2015/7/10,楚天激光集团股份有限公司,1000,6.2,2900,0,750,1880,270
2015/7/10,楚天激光集团股份有限公司,100,5.2,218,0,109,106,3
2015/7/10,楚天激光集团股份有限公司,60,5.2,157.8,0,43.8,93,21
2015/7/11,楚天激光集团股份有限公司,1000,6.2,2220,0,570,1510,150
2015/7/11,楚天激光集团股份有限公司,100,5.2,337,0,101,215,21
2015/7/11,楚天激光集团股份有限公司,60,5.2,144,0,40.2,83.4,20.4
2015/7/12,楚天激光集团股份有限公司,1000,6.2,1670,0,400,1050,210
2015/7/12,楚天激光集团股份有限公司,100,5.2,314,0,98,210,6
2015/7/12,楚天激光集团股份有限公司,60,5.2,142.2,0,40.8,75,26.4
2015/7/13,楚天激光集团股份有限公司,1000,6.2,3670,0,900,2490,290
2015/7/13,楚天激光集团股份有限公司,100,5.2,299,0,98,196,5
2015/7/13,楚天激光集团股份有限公司,60,5.2,213,0,63,111.6,38.4
2015/7/14,楚天激光集团股份有限公司,1000,6.2,3950,0,940,2660,350
2015/7/14,楚天激光集团股份有限公司,100,5.2,324,0,98,222,4
2015/7/14,楚天激光集团股份有限公司,60,5.2,217.8,0,62.4,113.4,42
2015/7/15,楚天激光集团股份有限公司,1000,6.2,3820,0,970,2480,360
2015/7/15,楚天激光集团股份有限公司,100,5.2,389,0,137,228,24
2015/7/15,楚天激光集团股份有限公司,60,5.2,223.2,0,66,118.8,38.4
2015/7/16,楚天激光集团股份有限公司,1000,6.2,2780,0,710,1800,270
2015/7/16,楚天激光集团股份有限公司,100,5.2,295,0,116,172,7
2015/7/16,楚天激光集团股份有限公司,60,5.2,163.8,0,45,90,28.8
2015/7/17,楚天激光集团股份有限公司,1000,6.2,2720,0,690,1770,270
2015/7/17,楚天激光集团股份有限公司,100,5.2,315,0,130,177,8
2015/7/17,楚天激光集团股份有限公司,60,5.2,150.6,0,43.8,86.4,20.4
2015/7/18,楚天激光集团股份有限公司,1000,6.2,2070,0,530,1380,140
2015/7/18,楚天激光集团股份有限公司,100,5.2,325,0,100,199,26
2015/7/18,楚天激光集团股份有限公司,60,5.2,105,0,30,61.2,13.8
2015/7/19,楚天激光集团股份有限公司,1000,6.2,730,0,230,390,130
2015/7/19,楚天激光集团股份有限公司,100,5.2,293,0,99,188,6
2015/7/19,楚天激光集团股份有限公司,60,5.2,91.8,0,30,45,16.8
2015/7/20,楚天激光集团股份有限公司,1000,6.2,3270,0,820,2170,270
2015/7/20,楚天激光集团股份有限公司,100,5.2,334,0,123,198,13
2015/7/20,楚天激光集团股份有限公司,60,5.2,172.2,0,49.8,98.4,24
2015/7/21,楚天激光集团股份有限公司,1000,6.2,3590,0,960,2300,340
2015/7/21,楚天激光集团股份有限公司,100,5.2,375,0,155,214,6
2015/7/21,楚天激光集团股份有限公司,60,5.2,177.6,0,54,96,27.6
2015/7/22,楚天激光集团股份有限公司,1000,6.2,3870,0,890,2690,270
2015/7/22,楚天激光集团股份有限公司,100,5.2,314,0,93,214,7
2015/7/22,楚天激光集团股份有限公司,60,5.2,181.8,0,50.4,100.2,31.2
2015/7/23,楚天激光集团股份有限公司,1000,6.2,3260,0,810,2180,280
2015/7/23,楚天激光集团股份有限公司,100,5.2,303,0,103,196,4
2015/7/23,楚天激光集团股份有限公司,60,5.2,167.4,0,45,92.4,30
2015/7/24,楚天激光集团股份有限公司,1000,6.2,3000,0,760,1980,260
2015/7/24,楚天激光集团股份有限公司,100,5.2,335,0,140,187,8
2015/7/24,楚天激光集团股份有限公司,60,5.2,148.8,0,41.4,84.6,22.8
2015/7/25,楚天激光集团股份有限公司,1000,6.2,2550,0,640,1680,230
2015/7/25,楚天激光集团股份有限公司,100,5.2,415,0,138,253,24
2015/7/25,楚天激光集团股份有限公司,60,5.2,132.6,0,37.8,75.6,19.2
2015/7/26,楚天激光集团股份有限公司,1000,6.2,2440,0,540,1620,280
2015/7/26,楚天激光集团股份有限公司,100,5.2,324,0,93,201,30
2015/7/26,楚天激光集团股份有限公司,60,5.2,111.6,0,32.4,55.2,24
2015/7/27,楚天激光集团股份有限公司,1000,6.2,3440,0,820,2340,280
2015/7/27,楚天激光集团股份有限公司,100,5.2,279,0,92,185,2
2015/7/27,楚天激光集团股份有限公司,60,5.2,186.6,0,54.6,102,30
2015/7/28,楚天激光集团股份有限公司,1000,6.2,3810,0,900,2440,480
2015/7/28,楚天激光集团股份有限公司,100,5.2,295,0,95,198,2
2015/7/28,楚天激光集团股份有限公司,60,5.2,192.6,0,55.8,100.8,36
2015/7/29,楚天激光集团股份有限公司,1000,6.2,3510,0,840,2370,290
2015/7/29,楚天激光集团股份有限公司,100,5.2,318,0,91,211,16
2015/7/29,楚天激光集团股份有限公司,60,5.2,201.6,0,61.2,103.8,36.6
2015/7/30,楚天激光集团股份有限公司,1000,6.2,3810,0,940,2570,300
2015/7/30,楚天激光集团股份有限公司,100,5.2,322,0,126,193,3
2015/7/30,楚天激光集团股份有限公司,60,5.2,195,0,57.6,99.6,37.8
2015/7/31,楚天激光集团股份有限公司,1000,6.2,3950,0,1010,2640,300
2015/7/31,楚天激光集团股份有限公司,100,5.2,446,0,188,254,4
2015/7/31,楚天激光集团股份有限公司,60,5.2,209.4,0,62.4,106.2,40.8
2015/8/1,楚天激光集团股份有限公司,1000,6.2,1980,0,550,1240,190
2015/8/1,楚天激光集团股份有限公司,100,5.2,344,0,125,202,17
2015/8/1,楚天激光集团股份有限公司,60,5.2,200.4,0,59.4,102.6,38.4
2015/8/2,楚天激光集团股份有限公司,1000,6.2,930,0,270,460,200
2015/8/2,楚天激光集团股份有限公司,100,5.2,313,0,109,199,5
2015/8/2,楚天激光集团股份有限公司,60,5.2,187.2,0,55.2,91.2,40.8
2015/8/3,楚天激光集团股份有限公司,1000,6.2,3970,0,1000,2690,290
2015/8/3,楚天激光集团股份有限公司,100,5.2,367,0,126,236,5
2015/8/3,楚天激光集团股份有限公司,60,5.2,262.2,0,88.8,128.4,45
2015/8/4,楚天激光集团股份有限公司,1000,6.2,4310,0,1040,2780,480
2015/8/4,楚天激光集团股份有限公司,100,5.2,328,0,106,217,5
2015/8/4,楚天激光集团股份有限公司,60,5.2,243,0,73.2,124.2,45.6
2015/8/5,楚天激光集团股份有限公司,1000,6.2,4290,0,1050,2810,430
2015/8/5,楚天激光集团股份有限公司,100,5.2,355,0,118,205,32
2015/8/5,楚天激光集团股份有限公司,60,5.2,226.8,0,68.4,110.4,48
2015/8/6,楚天激光集团股份有限公司,1000,6.2,4270,0,1040,2820,410
2015/8/6,楚天激光集团股份有限公司,100,5.2,295,0,108,182,5
2015/8/6,楚天激光集团股份有限公司,60,5.2,198,0,57,97.8,43.2
2015/8/7,楚天激光集团股份有限公司,1000,6.2,4270,0,1030,2850,390
2015/8/7,楚天激光集团股份有限公司,100,5.2,329,0,102,209,18
2015/8/7,楚天激光集团股份有限公司,60,5.2,201,0,57,103.2,40.8
2015/8/8,楚天激光集团股份有限公司,1000,6.2,1050,0,300,560,190
2015/8/8,楚天激光集团股份有限公司,100,5.2,347,0,129,199,19
2015/8/8,楚天激光集团股份有限公司,60,5.2,158.4,0,45,76.8,36.6
2015/8/9,楚天激光集团股份有限公司,1000,6.2,930,0,280,490,170
2015/8/9,楚天激光集团股份有限公司,100,5.2,248,0,88,156,4
2015/8/9,楚天激光集团股份有限公司,60,5.2,146.4,0,40.2,69.6,36.6
2015/8/10,楚天激光集团股份有限公司,1000,6.2,3950,0,920,2640,380
2015/8/10,楚天激光集团股份有限公司,100,5.2,235,0,81,151,3
2015/8/10,楚天激光集团股份有限公司,60,5.2,181.2,0,49.8,94.8,36.6
2015/8/11,楚天激光集团股份有限公司,1000,6.2,3730,0,890,2530,320
2015/8/11,楚天激光集团股份有限公司,100,5.2,274,0,91,180,3
2015/8/11,楚天激光集团股份有限公司,60,5.2,174.6,0,48,95.4,31.2
2015/8/12,楚天激光集团股份有限公司,1000,6.2,3880,0,940,2580,350
2015/8/12,楚天激光集团股份有限公司,100,5.2,319,0,106,189,24
2015/8/12,楚天激光集团股份有限公司,60,5.2,175.2,0,51,93,31.2
2015/8/13,楚天激光集团股份有限公司,1000,6.2,3810,0,950,2520,350
2015/8/13,楚天激光集团股份有限公司,100,5.2,232,0,92,138,2
2015/8/13,楚天激光集团股份有限公司,60,5.2,180,0,50.4,97.2,32.4
2015/8/14,楚天激光集团股份有限公司,1000,6.2,5430,0,1760,3290,380
2015/8/14,楚天激光集团股份有限公司,100,5.2,251,0,89,155,7
2015/8/14,楚天激光集团股份有限公司,60,5.2,190.2,0,55.8,99.6,34.8
2015/8/15,楚天激光集团股份有限公司,1000,6.2,3920,0,1360,2230,330
2015/8/15,楚天激光集团股份有限公司,100,5.2,165,0,54,78,33
2015/8/15,楚天激光集团股份有限公司,60,5.2,160.8,0,47.4,79.8,33.6
2015/8/16,楚天激光集团股份有限公司,1000,6.2,2810,0,980,1590,230
2015/8/16,楚天激光集团股份有限公司,100,5.2,260,0,111,147,2
2015/8/16,楚天激光集团股份有限公司,60,5.2,151.8,0,42.6,79.2,30
2015/8/17,楚天激光集团股份有限公司,1000,6.2,3960,0,970,2640,350
2015/8/17,楚天激光集团股份有限公司,100,5.2,285,0,100,180,5
2015/8/17,楚天激光集团股份有限公司,60,5.2,186.6,0,50.4,100.2,36
2015/8/18,楚天激光集团股份有限公司,1000,6.2,4100,0,1100,2660,350
2015/8/18,楚天激光集团股份有限公司,100,5.2,359,0,151,206,2
2015/8/18,楚天激光集团股份有限公司,60,5.2,183.6,0,52.8,98.4,32.4
2015/8/19,楚天激光集团股份有限公司,1000,6.2,3340,0,840,2120,380
2015/8/19,楚天激光集团股份有限公司,100,5.2,300,0,95,183,22
2015/8/19,楚天激光集团股份有限公司,60,5.2,178.2,0,45,96.6,36.6
2015/8/20,楚天激光集团股份有限公司,1000,6.2,2320,0,560,1550,210
2015/8/20,楚天激光集团股份有限公司,100,5.2,240,0,62,176,2
2015/8/20,楚天激光集团股份有限公司,60,5.2,170.4,0,46.8,96,27.6
2015/8/21,楚天激光集团股份有限公司,1000,6.2,3490,0,850,2360,270
2015/8/21,楚天激光集团股份有限公司,100,5.2,307,0,109,195,3
2015/8/21,楚天激光集团股份有限公司,60,5.2,178.2,0,51.6,96.6,30
2015/8/22,楚天激光集团股份有限公司,1000,6.2,2180,0,710,1270,200
2015/8/22,楚天激光集团股份有限公司,100,5.2,277,0,118,156,3
2015/8/22,楚天激光集团股份有限公司,60,5.2,135,0,42.6,66.6,25.8
2015/8/23,楚天激光集团股份有限公司,1000,6.2,920,0,310,470,150
2015/8/23,楚天激光集团股份有限公司,100,5.2,306,0,107,197,2
2015/8/23,楚天激光集团股份有限公司,60,5.2,151.8,0,46.8,77.4,27.6
2015/8/24,楚天激光集团股份有限公司,1000,6.2,3830,0,920,2600,300
2015/8/24,楚天激光集团股份有限公司,100,5.2,280,0,91,186,3
2015/8/24,楚天激光集团股份有限公司,60,5.2,201.6,0,58.2,107.4,36
2015/8/25,楚天激光集团股份有限公司,1000,6.2,3540,0,850,2390,300
2015/8/25,楚天激光集团股份有限公司,100,5.2,277,0,92,182,3
2015/8/25,楚天激光集团股份有限公司,60,5.2,182.4,0,49.8,96.6,36
2015/8/26,楚天激光集团股份有限公司,1000,6.2,3520,0,860,2360,300
2015/8/26,楚天激光集团股份有限公司,100,5.2,300,0,86,194,20
2015/8/26,楚天激光集团股份有限公司,60,5.2,183.6,0,49.8,99,34.8
2015/8/27,楚天激光集团股份有限公司,1000,6.2,3510,0,860,2380,270
2015/8/27,楚天激光集团股份有限公司,100,5.2,290,0,100,188,2
2015/8/27,楚天激光集团股份有限公司,60,5.2,181.8,0,49.8,100.2,31.8
2015/8/28,楚天激光集团股份有限公司,1000,6.2,3660,0,950,2420,290
2015/8/28,楚天激光集团股份有限公司,100,5.2,366,0,147,199,20
2015/8/28,楚天激光集团股份有限公司,60,5.2,193.2,0,57,100.8,35.4
2015/8/29,楚天激光集团股份有限公司,1000,6.2,2280,0,670,1450,160
2015/8/29,楚天激光集团股份有限公司,100,5.2,267,0,94,168,5
2015/8/29,楚天激光集团股份有限公司,60,5.2,132.6,0,39,63.6,30
2015/8/30,楚天激光集团股份有限公司,1000,6.2,730,0,200,360,170
2015/8/30,楚天激光集团股份有限公司,100,5.2,283,0,91,170,22
2015/8/30,楚天激光集团股份有限公司,60,5.2,76.2,0,25.2,38.4,12.6
2015/8/31,楚天激光集团股份有限公司,1000,6.2,3600,0,900,2450,250
2015/8/31,楚天激光集团股份有限公司,100,5.2,296,0,113,178,5
2015/8/31,楚天激光集团股份有限公司,60,5.2,148.8,0,42,88.8,18
2015/9/1,楚天激光集团股份有限公司,1000,6.2,3590,0,840,2440,310
2015/9/1,楚天激光集团股份有限公司,100,5.2,266,0,61,180,25
2015/9/1,楚天激光集团股份有限公司,60,5.2,169.8,0,48.6,94.8,26.4
2015/9/2,楚天激光集团股份有限公司,1000,6.2,3630,0,890,2430,320
2015/9/2,楚天激光集团股份有限公司,100,5.2,327,0,113,191,23
2015/9/2,楚天激光集团股份有限公司,60,5.2,174,0,48,96.6,29.4
2015/9/3,楚天激光集团股份有限公司,1000,6.2,640,0,150,290,200
2015/9/3,楚天激光集团股份有限公司,100,5.2,13,0,3,6,4
2015/9/3,楚天激光集团股份有限公司,60,5.2,117,0,34.2,59.4,23.4
2015/9/4,楚天激光集团股份有限公司,1000,6.2,570,0,140,270,160
2015/9/4,楚天激光集团股份有限公司,100,5.2,6,0,2,2,2
2015/9/4,楚天激光集团股份有限公司,60,5.2,117,0,33,59.4,24.6
2015/9/5,楚天激光集团股份有限公司,1000,6.2,750,0,230,360,140
2015/9/5,楚天激光集团股份有限公司,100,5.2,234,0,100,127,7
2015/9/5,楚天激光集团股份有限公司,60,5.2,110.4,0,32.4,52.8,25.2
2015/9/6,楚天激光集团股份有限公司,1000,6.2,3640,0,870,2500,290
2015/9/6,楚天激光集团股份有限公司,100,5.2,243,0,69,171,3
2015/9/6,楚天激光集团股份有限公司,60,5.2,168.6,0,44.4,94.8,29.4
2015/9/7,楚天激光集团股份有限公司,1000,6.2,3650,0,870,2420,350
2015/9/7,楚天激光集团股份有限公司,100,5.2,284,0,92,173,19
2015/9/7,楚天激光集团股份有限公司,60,5.2,173.4,0,46.2,97.2,30
2015/9/8,楚天激光集团股份有限公司,1000,6.2,2720,0,620,1730,380
2015/9/8,楚天激光集团股份有限公司,100,5.2,221,0,38,150,33
2015/9/8,楚天激光集团股份有限公司,60,5.2,171,0,44.4,97.2,29.4
2015/9/9,楚天激光集团股份有限公司,1000,6.2,2990,0,700,1980,300
2015/9/9,楚天激光集团股份有限公司,100,5.2,200,0,51,132,17
2015/9/9,楚天激光集团股份有限公司,60,5.2,171,0,46.8,95.4,28.8
2015/9/10,楚天激光集团股份有限公司,1000,6.2,2930,0,720,1910,300
2015/9/10,楚天激光集团股份有限公司,100,5.2,93,0,53,36,4
2015/9/10,楚天激光集团股份有限公司,60,5.2,177,0,51,96.6,29.4
2015/9/11,楚天激光集团股份有限公司,1000,6.2,2560,0,600,1610,350
2015/9/11,楚天激光集团股份有限公司,100,5.2,51,0,14,34,3
2015/9/11,楚天激光集团股份有限公司,60,5.2,186,0,51.6,105,29.4
2015/9/12,楚天激光集团股份有限公司,1000,6.2,580,0,150,280,140
2015/9/12,楚天激光集团股份有限公司,100,5.2,46,0,12,30,4
2015/9/12,楚天激光集团股份有限公司,60,5.2,118.8,0,34.2,60,24.6
2015/9/13,楚天激光集团股份有限公司,1000,6.2,470,0,130,220,130
2015/9/13,楚天激光集团股份有限公司,100,5.2,43,0,10,31,2
2015/9/13,楚天激光集团股份有限公司,60,5.2,111.6,0,33.6,53.4,24.6
2015/9/14,楚天激光集团股份有限公司,1000,6.2,2000,0,490,1310,200
2015/9/14,楚天激光集团股份有限公司,100,5.2,69,0,27,36,6
2015/9/14,楚天激光集团股份有限公司,60,5.2,174.6,0,49.8,96,28.8
2015/9/15,楚天激光集团股份有限公司,1000,6.2,1990,0,500,1270,220
2015/9/15,楚天激光集团股份有限公司,100,5.2,60,0,19,35,6
2015/9/15,楚天激光集团股份有限公司,60,5.2,181.8,0,49.2,100.2,32.4
2015/9/16,楚天激光集团股份有限公司,1000,6.2,2000,0,490,1300,210
2015/9/16,楚天激光集团股份有限公司,100,5.2,74,0,21,32,21
2015/9/16,楚天激光集团股份有限公司,60,5.2,173.4,0,48,94.2,31.2
2015/9/17,楚天激光集团股份有限公司,1000,6.2,1820,0,440,1220,160
2015/9/17,楚天激光集团股份有限公司,100,5.2,62,0,18,38,6
2015/9/17,楚天激光集团股份有限公司,60,5.2,175.8,0,47.4,99.6,28.8
2015/9/18,楚天激光集团股份有限公司,1000,6.2,1800,0,470,1180,160
2015/9/18,楚天激光集团股份有限公司,100,5.2,55,0,17,33,5
2015/9/18,楚天激光集团股份有限公司,60,5.2,184.2,0,51.6,103.2,29.4
2015/9/19,楚天激光集团股份有限公司,1000,6.2,1220,0,340,730,130
2015/9/19,楚天激光集团股份有限公司,100,5.2,46,0,13,30,3
2015/9/19,楚天激光集团股份有限公司,60,5.2,127.2,0,34.8,65.4,27
2015/9/20,楚天激光集团股份有限公司,1000,6.2,980,0,160,710,130
2015/9/20,楚天激光集团股份有限公司,100,5.2,39,0,9,28,2
2015/9/20,楚天激光集团股份有限公司,60,5.2,118.2,0,33,61.8,23.4
2015/9/21,楚天激光集团股份有限公司,1000,6.2,1930,0,490,1280,160
2015/9/21,楚天激光集团股份有限公司,100,5.2,61,0,25,33,3
2015/9/21,楚天激光集团股份有限公司,60,5.2,185.4,0,49.8,104.4,31.2
2015/9/22,楚天激光集团股份有限公司,1000,6.2,2150,0,530,1380,240
2015/9/22,楚天激光集团股份有限公司,100,5.2,65,0,21,38,6
2015/9/22,楚天激光集团股份有限公司,60,5.2,178.8,0,48,101.4,29.4
2015/9/23,楚天激光集团股份有限公司,1000,6.2,1980,0,490,1270,210
2015/9/23,楚天激光集团股份有限公司,100,5.2,75,0,22,33,20
2015/9/23,楚天激光集团股份有限公司,60,5.2,181.2,0,50.4,101.4,29.4
2015/9/24,楚天激光集团股份有限公司,1000,6.2,1800,0,460,1180,150
2015/9/24,楚天激光集团股份有限公司,100,5.2,51,0,14,33,4
2015/9/24,楚天激光集团股份有限公司,60,5.2,175.8,0,49.2,97.8,28.8
2015/9/25,楚天激光集团股份有限公司,1000,6.2,1310,0,420,750,150
2015/9/25,楚天激光集团股份有限公司,100,5.2,49,0,13,33,3
2015/9/25,楚天激光集团股份有限公司,60,5.2,162.6,0,46.2,87,29.4
2015/9/26,楚天激光集团股份有限公司,1000,6.2,400,0,110,190,100
2015/9/26,楚天激光集团股份有限公司,100,5.2,35,0,8,26,1
2015/9/26,楚天激光集团股份有限公司,60,5.2,76.8,0,24,39.6,13.2
2015/9/27,楚天激光集团股份有限公司,1000,6.2,370,0,100,170,100
2015/9/27,楚天激光集团股份有限公司,100,5.2,7,0,2,2,3
2015/9/27,楚天激光集团股份有限公司,60,5.2,76.2,0,23.4,40.2,12.6
2015/9/28,楚天激光集团股份有限公司,1000,6.2,1830,0,430,1270,130
2015/9/28,楚天激光集团股份有限公司,100,5.2,65,0,22,36,7
2015/9/28,楚天激光集团股份有限公司,60,5.2,145.2,0,39.6,88.2,17.4
2015/9/29,楚天激光集团股份有限公司,1000,6.2,1970,0,490,1340,140
2015/9/29,楚天激光集团股份有限公司,100,5.2,65,0,26,36,3
2015/9/29,楚天激光集团股份有限公司,60,5.2,146.4,0,42,87,17.4
2015/9/30,楚天激光集团股份有限公司,1000,6.2,850,0,220,500,140
2015/9/30,楚天激光集团股份有限公司,100,5.2,44,0,9,32,3
2015/9/30,楚天激光集团股份有限公司,60,5.2,154.2,0,42.6,93,18.6
2015/10/1,楚天激光集团股份有限公司,1000,6.2,370,0,90,160,110
2015/10/1,楚天激光集团股份有限公司,100,5.2,6,0,2,2,2
2015/10/1,楚天激光集团股份有限公司,60,5.2,100.8,0,29.4,51,20.4
2015/10/2,楚天激光集团股份有限公司,1000,6.2,390,0,100,180,110
2015/10/2,楚天激光集团股份有限公司,100,5.2,7,0,2,2,3
2015/10/2,楚天激光集团股份有限公司,60,5.2,99.6,0,28.8,54.6,16.2
2015/10/3,楚天激光集团股份有限公司,1000,6.2,340,0,90,150,100
2015/10/3,楚天激光集团股份有限公司,100,5.2,7,0,1,4,2
2015/10/3,楚天激光集团股份有限公司,60,5.2,89.4,0,27,46.2,16.2
2015/10/4,楚天激光集团股份有限公司,1000,6.2,360,0,110,160,100
2015/10/4,楚天激光集团股份有限公司,100,5.2,6,0,2,2,2
2015/10/4,楚天激光集团股份有限公司,60,5.2,102.6,0,31.8,54.6,16.2
2015/10/5,楚天激光集团股份有限公司,1000,6.2,390,0,120,170,90
2015/10/5,楚天激光集团股份有限公司,100,5.2,37,0,21,14,2
2015/10/5,楚天激光集团股份有限公司,60,5.2,115.2,0,33.6,63.6,18
2015/10/6,楚天激光集团股份有限公司,1000,6.2,410,0,100,200,110
2015/10/6,楚天激光集团股份有限公司,100,5.2,61,0,9,33,19
2015/10/6,楚天激光集团股份有限公司,60,5.2,101.4,0,30,54.6,16.8
2015/10/7,楚天激光集团股份有限公司,1000,6.2,420,0,120,210,90
2015/10/7,楚天激光集团股份有限公司,100,5.2,59,0,22,35,2
2015/10/7,楚天激光集团股份有限公司,60,5.2,103.8,0,33,57,13.8
2015/10/8,楚天激光集团股份有限公司,1000,6.2,890,0,250,530,100
2015/10/8,楚天激光集团股份有限公司,100,5.2,64,0,24,37,3
2015/10/8,楚天激光集团股份有限公司,60,5.2,161.4,0,46.8,96.6,18
2015/10/9,楚天激光集团股份有限公司,1000,6.2,820,0,220,480,130
2015/10/9,楚天激光集团股份有限公司,100,5.2,58,0,23,33,2
2015/10/9,楚天激光集团股份有限公司,60,5.2,157.2,0,45.6,93,18.6
2015/10/10,楚天激光集团股份有限公司,1000,6.2,760,0,180,460,110
2015/10/10,楚天激光集团股份有限公司,100,5.2,42,0,8,30,4
2015/10/10,楚天激光集团股份有限公司,60,5.2,133.8,0,36,80.4,17.4
2015/10/11,楚天激光集团股份有限公司,1000,6.2,420,0,110,230,90
2015/10/11,楚天激光集团股份有限公司,100,5.2,37,0,9,26,2
2015/10/11,楚天激光集团股份有限公司,60,5.2,84,0,26.4,46.2,11.4
2015/10/12,楚天激光集团股份有限公司,1000,6.2,830,0,230,490,110
2015/10/12,楚天激光集团股份有限公司,100,5.2,59,0,25,32,2
2015/10/12,楚天激光集团股份有限公司,60,5.2,130.2,0,39,76.8,14.4
2015/10/13,楚天激光集团股份有限公司,1000,6.2,860,0,230,510,120
2015/10/13,楚天激光集团股份有限公司,100,5.2,58,0,23,32,3
2015/10/13,楚天激光集团股份有限公司,60,5.2,121.8,0,33,73.2,15.6
2015/10/14,楚天激光集团股份有限公司,1000,6.2,840,0,220,500,120
2015/10/14,楚天激光集团股份有限公司,100,5.2,49,0,14,33,2
2015/10/14,楚天激光集团股份有限公司,60,5.2,126.6,0,34.8,76.2,15.6
2015/10/15,楚天激光集团股份有限公司,1000,6.2,910,0,230,560,110
2015/10/15,楚天激光集团股份有限公司,100,5.2,56,0,20,32,4
2015/10/15,楚天激光集团股份有限公司,60,5.2,126,0,35.4,75.6,15
2015/10/16,楚天激光集团股份有限公司,1000,6.2,850,0,240,500,120
2015/10/16,楚天激光集团股份有限公司,100,5.2,50,0,13,34,3
2015/10/16,楚天激光集团股份有限公司,60,5.2,124.8,0,36.6,72.6,15.6
2015/10/17,楚天激光集团股份有限公司,1000,6.2,420,0,110,210,100
2015/10/17,楚天激光集团股份有限公司,100,5.2,35,0,8,25,2
2015/10/17,楚天激光集团股份有限公司,60,5.2,69.6,0,21,37.8,10.8
2015/10/18,楚天激光集团股份有限公司,1000,6.2,390,0,110,190,90
2015/10/18,楚天激光集团股份有限公司,100,5.2,35,0,8,25,2
2015/10/18,楚天激光集团股份有限公司,60,5.2,68.4,0,21.6,36.6,10.2
2015/10/19,楚天激光集团股份有限公司,1000,6.2,830,0,210,510,110
2015/10/19,楚天激光集团股份有限公司,100,5.2,44,0,10,31,3
2015/10/19,楚天激光集团股份有限公司,60,5.2,121.2,0,33.6,72.6,15
2015/10/20,楚天激光集团股份有限公司,1000,6.2,810,0,220,480,110
2015/10/20,楚天激光集团股份有限公司,100,5.2,54,0,18,34,2
2015/10/20,楚天激光集团股份有限公司,60,5.2,120,0,33,72,15
2015/10/21,楚天激光集团股份有限公司,1000,6.2,890,0,220,520,150
2015/10/21,楚天激光集团股份有限公司,100,5.2,58,0,8,30,20
2015/10/21,楚天激光集团股份有限公司,60,5.2,133.2,0,36.6,77.4,19.2
2015/10/22,楚天激光集团股份有限公司,1000,6.2,830,0,220,490,120
2015/10/22,楚天激光集团股份有限公司,100,5.2,47,0,16,29,2
2015/10/22,楚天激光集团股份有限公司,60,5.2,124.8,0,34.2,75,15.6
2015/10/23,楚天激光集团股份有限公司,1000,6.2,840,0,240,490,110
2015/10/23,楚天激光集团股份有限公司,100,5.2,61,0,27,32,2
2015/10/23,楚天激光集团股份有限公司,60,5.2,130.8,0,37.8,76.8,16.2
2015/10/24,楚天激光集团股份有限公司,1000,6.2,450,0,110,220,120
2015/10/24,楚天激光集团股份有限公司,100,5.2,35,0,8,26,1
2015/10/24,楚天激光集团股份有限公司,60,5.2,79.8,0,24,42.6,13.2
2015/10/25,楚天激光集团股份有限公司,1000,6.2,380,0,110,180,100
2015/10/25,楚天激光集团股份有限公司,100,5.2,40,0,11,27,2
2015/10/25,楚天激光集团股份有限公司,60,5.2,63,0,20.4,32.4,10.2
2015/10/26,楚天激光集团股份有限公司,1000,6.2,840,0,210,520,110
2015/10/26,楚天激光集团股份有限公司,100,5.2,51,0,15,33,3
2015/10/26,楚天激光集团股份有限公司,60,5.2,125.4,0,34.8,75,15.6
2015/10/27,楚天激光集团股份有限公司,1000,6.2,800,0,210,480,100
2015/10/27,楚天激光集团股份有限公司,100,5.2,53,0,19,32,2
2015/10/27,楚天激光集团股份有限公司,60,5.2,121.8,0,32.4,74.4,15
2015/10/28,楚天激光集团股份有限公司,1000,6.2,920,0,260,550,110
2015/10/28,楚天激光集团股份有限公司,100,5.2,115,0,50,63,2
2015/10/28,楚天激光集团股份有限公司,60,5.2,120.6,0,32.4,73.2,15
2015/10/29,楚天激光集团股份有限公司,1000,6.2,980,0,250,600,120
2015/10/29,楚天激光集团股份有限公司,100,5.2,64,0,20,40,4
2015/10/29,楚天激光集团股份有限公司,60,5.2,130.2,0,35.4,78,16.8
2015/10/30,楚天激光集团股份有限公司,1000,6.2,920,0,240,570,130
2015/10/30,楚天激光集团股份有限公司,100,5.2,57,0,14,40,3
2015/10/30,楚天激光集团股份有限公司,60,5.2,122.4,0,33,74.4,15
2015/10/31,楚天激光集团股份有限公司,1000,6.2,440,0,130,220,80
2015/10/31,楚天激光集团股份有限公司,100,5.2,82,0,24,56,2
2015/10/31,楚天激光集团股份有限公司,60,5.2,71.4,0,23.4,37.2,10.8
2015/11/1,楚天激光集团股份有限公司,1000,6.2,410,0,120,190,100
2015/11/1,楚天激光集团股份有限公司,100,5.2,81,0,20,41,20
2015/11/1,楚天激光集团股份有限公司,60,5.2,70.8,0,22.8,37.8,10.2
2015/11/2,楚天激光集团股份有限公司,1000,6.2,890,0,240,530,120
2015/11/2,楚天激光集团股份有限公司,100,5.2,84,0,35,46,3
2015/11/2,楚天激光集团股份有限公司,60,5.2,132.6,0,38.4,79.2,15
2015/11/3,楚天激光集团股份有限公司,1000,6.2,820,0,200,490,120
2015/11/3,楚天激光集团股份有限公司,100,5.2,42,0,9,30,3
2015/11/3,楚天激光集团股份有限公司,60,5.2,128.4,0,33.6,74.4,20.4
2015/11/4,楚天激光集团股份有限公司,1000,6.2,850,0,210,530,110
2015/11/4,楚天激光集团股份有限公司,100,5.2,58,0,11,44,3
2015/11/4,楚天激光集团股份有限公司,60,5.2,120.6,0,31.8,73.8,15
2015/11/5,楚天激光集团股份有限公司,1000,6.2,890,0,240,540,120
2015/11/5,楚天激光集团股份有限公司,100,5.2,85,0,29,54,2
2015/11/5,楚天激光集团股份有限公司,60,5.2,123.6,0,34.2,75,14.4
2015/11/6,楚天激光集团股份有限公司,1000,6.2,910,0,240,550,120
2015/11/6,楚天激光集团股份有限公司,100,5.2,85,0,32,50,3
2015/11/6,楚天激光集团股份有限公司,60,5.2,122.4,0,34.8,72,15.6
2015/11/7,楚天激光集团股份有限公司,1000,6.2,400,0,110,200,90
2015/11/7,楚天激光集团股份有限公司,100,5.2,34,0,8,24,2
2015/11/7,楚天激光集团股份有限公司,60,5.2,69,0,20.4,39,9.6
2015/11/8,楚天激光集团股份有限公司,1000,6.2,390,0,110,190,90
2015/11/8,楚天激光集团股份有限公司,100,5.2,68,0,25,41,2
2015/11/8,楚天激光集团股份有限公司,60,5.2,62.4,0,21,31.2,10.2
2015/11/9,楚天激光集团股份有限公司,1000,6.2,880,0,230,540,110
2015/11/9,楚天激光集团股份有限公司,100,5.2,98,0,32,63,3
2015/11/9,楚天激光集团股份有限公司,60,5.2,127.8,0,33.6,79.2,15
2015/11/10,楚天激光集团股份有限公司,1000,6.2,1100,0,290,690,120
2015/11/10,楚天激光集团股份有限公司,100,5.2,110,0,49,58,3
2015/11/10,楚天激光集团股份有限公司,60,5.2,125.4,0,35.4,75,15
2015/11/11,楚天激光集团股份有限公司,1000,6.2,1170,0,310,740,130
2015/11/11,楚天激光集团股份有限公司,100,5.2,81,0,37,41,3
2015/11/11,楚天激光集团股份有限公司,60,5.2,125.4,0,36.6,73.2,15.6
2015/11/12,楚天激光集团股份有限公司,1000,6.2,1350,0,380,850,110
2015/11/12,楚天激光集团股份有限公司,100,5.2,142,0,64,75,3
2015/11/12,楚天激光集团股份有限公司,60,5.2,121.8,0,34.2,73.2,14.4
2015/11/13,楚天激光集团股份有限公司,1000,6.2,1230,0,310,790,130
2015/11/13,楚天激光集团股份有限公司,100,5.2,104,0,25,76,3
2015/11/13,楚天激光集团股份有限公司,60,5.2,121.8,0,33.6,72.6,15.6
2015/11/14,楚天激光集团股份有限公司,1000,6.2,510,0,130,270,110
2015/11/14,楚天激光集团股份有限公司,100,5.2,69,0,22,41,6
2015/11/14,楚天激光集团股份有限公司,60,5.2,82.2,0,23.4,48.6,10.2
2015/11/15,楚天激光集团股份有限公司,1000,6.2,350,0,100,170,80
2015/11/15,楚天激光集团股份有限公司,100,5.2,53,0,11,39,3
2015/11/15,楚天激光集团股份有限公司,60,5.2,59.4,0,19.8,29.4,10.2
2015/11/16,楚天激光集团股份有限公司,1000,6.2,1250,0,320,830,110
2015/11/16,楚天激光集团股份有限公司,100,5.2,69,0,12,54,3
2015/11/16,楚天激光集团股份有限公司,60,5.2,127.8,0,34.8,78,15
2015/11/17,楚天激光集团股份有限公司,1000,6.2,1290,0,330,820,130
2015/11/17,楚天激光集团股份有限公司,100,5.2,101,0,36,62,3
2015/11/17,楚天激光集团股份有限公司,60,5.2,124.2,0,34.8,73.8,15.6
2015/11/18,楚天激光集团股份有限公司,1000,6.2,1320,0,330,850,140
2015/11/18,楚天激光集团股份有限公司,100,5.2,129,0,43,80,6
2015/11/18,楚天激光集团股份有限公司,60,5.2,120,0,33.6,71.4,15
2015/11/19,楚天激光集团股份有限公司,1000,6.2,1350,0,350,880,120
2015/11/19,楚天激光集团股份有限公司,100,5.2,120,0,53,64,3
2015/11/19,楚天激光集团股份有限公司,60,5.2,126.6,0,36,76.2,14.4
2015/11/20,楚天激光集团股份有限公司,1000,6.2,1160,0,290,740,120
2015/11/20,楚天激光集团股份有限公司,100,5.2,77,0,19,55,3
2015/11/20,楚天激光集团股份有限公司,60,5.2,124.8,0,34.8,75.6,14.4
2015/11/21,楚天激光集团股份有限公司,1000,6.2,450,0,120,240,100
2015/11/21,楚天激光集团股份有限公司,100,5.2,38,0,6,30,2
2015/11/21,楚天激光集团股份有限公司,60,5.2,74.4,0,22.2,42.6,9.6
2015/11/22,楚天激光集团股份有限公司,1000,6.2,410,0,110,200,100
2015/11/22,楚天激光集团股份有限公司,100,5.2,77,0,22,53,2
2015/11/22,楚天激光集团股份有限公司,60,5.2,61.8,0,21,30.6,10.2
2015/11/23,楚天激光集团股份有限公司,1000,6.2,1330,0,330,870,130
2015/11/23,楚天激光集团股份有限公司,100,5.2,82,0,15,65,2
2015/11/23,楚天激光集团股份有限公司,60,5.2,127.2,0,36.6,75.6,15
2015/11/24,楚天激光集团股份有限公司,1000,6.2,1470,0,380,960,130
2015/11/24,楚天激光集团股份有限公司,100,5.2,89,0,33,53,3
2015/11/24,楚天激光集团股份有限公司,60,5.2,124.8,0,35.4,74.4,15
2015/11/25,楚天激光集团股份有限公司,1000,6.2,1690,0,430,1060,200
2015/11/25,楚天激光集团股份有限公司,100,5.2,307,0,86,205,16
2015/11/25,楚天激光集团股份有限公司,60,5.2,130.8,0,35.4,77.4,18
2015/11/26,楚天激光集团股份有限公司,1000,6.2,1550,0,390,980,180
2015/11/26,楚天激光集团股份有限公司,100,5.2,299,0,78,202,19
2015/11/26,楚天激光集团股份有限公司,60,5.2,122.4,0,34.8,72.6,15
2015/11/27,楚天激光集团股份有限公司,1000,6.2,1510,0,350,1000,160
2015/11/27,楚天激光集团股份有限公司,100,5.2,279,0,57,220,2
2015/11/27,楚天激光集团股份有限公司,60,5.2,120.6,0,33.6,71.4,15.6
2015/11/28,楚天激光集团股份有限公司,1000,6.2,460,0,120,250,90
2015/11/28,楚天激光集团股份有限公司,100,5.2,52,0,8,42,2
2015/11/28,楚天激光集团股份有限公司,60,5.2,70.8,0,22.8,37.2,10.8
2015/11/29,楚天激光集团股份有限公司,1000,6.2,450,0,110,230,110
2015/11/29,楚天激光集团股份有限公司,100,5.2,78,0,16,61,1
2015/11/29,楚天激光集团股份有限公司,60,5.2,69.6,0,21.6,37.2,10.8
2015/11/30,楚天激光集团股份有限公司,1000,6.2,1640,0,400,1100,140
2015/11/30,楚天激光集团股份有限公司,100,5.2,305,0,73,230,2
2015/11/30,楚天激光集团股份有限公司,60,5.2,127.2,0,35.4,76.2,15.6
2015/12/1,楚天激光集团股份有限公司,1000,6.2,1640,0,470,1010,160
2015/12/1,楚天激光集团股份有限公司,100,5.2,291,0,123,161,7
2015/12/1,楚天激光集团股份有限公司,60,5.2,125.4,0,33,77.4,15
2015/12/2,楚天激光集团股份有限公司,1000,6.2,1560,0,390,1020,160
2015/12/2,楚天激光集团股份有限公司,100,5.2,386,0,101,266,19
2015/12/2,楚天激光集团股份有限公司,60,5.2,118.8,0,31.8,72.6,14.4
2015/12/3,楚天激光集团股份有限公司,1000,6.2,1480,0,370,930,180
2015/12/3,楚天激光集团股份有限公司,100,5.2,290,0,72,194,24
2015/12/3,楚天激光集团股份有限公司,60,5.2,125.4,0,34.2,75.6,15.6
2015/12/4,楚天激光集团股份有限公司,1000,6.2,1530,0,370,990,160
2015/12/4,楚天激光集团股份有限公司,100,5.2,212,0,46,162,4
2015/12/4,楚天激光集团股份有限公司,60,5.2,122.4,0,32.4,75.6,14.4
2015/12/5,楚天激光集团股份有限公司,1000,6.2,520,0,130,290,100
2015/12/5,楚天激光集团股份有限公司,100,5.2,48,0,8,38,2
2015/12/5,楚天激光集团股份有限公司,60,5.2,66,0,20.4,36,9.6
2015/12/6,楚天激光集团股份有限公司,1000,6.2,580,0,150,340,90
2015/12/6,楚天激光集团股份有限公司,100,5.2,225,0,52,171,2
2015/12/6,楚天激光集团股份有限公司,60,5.2,30.6,0,9.6,13.2,7.8
2015/12/7,楚天激光集团股份有限公司,1000,6.2,1530,0,400,990,140
2015/12/7,楚天激光集团股份有限公司,100,5.2,251,0,67,179,5
2015/12/7,楚天激光集团股份有限公司,60,5.2,119.4,0,33.6,73.8,12
2015/12/8,楚天激光集团股份有限公司,1000,6.2,1550,0,390,970,190
2015/12/8,楚天激光集团股份有限公司,100,5.2,281,0,79,185,17
2015/12/8,楚天激光集团股份有限公司,60,5.2,119.4,0,30,73.8,15.6
2015/12/9,楚天激光集团股份有限公司,1000,6.2,1570,0,420,1000,150
2015/12/9,楚天激光集团股份有限公司,100,5.2,242,0,79,161,2
2015/12/9,楚天激光集团股份有限公司,60,5.2,125.4,0,36,75,14.4
2015/12/10,楚天激光集团股份有限公司,1000,6.2,1610,0,440,1030,150
2015/12/10,楚天激光集团股份有限公司,100,5.2,342,0,117,223,2
2015/12/10,楚天激光集团股份有限公司,60,5.2,117,0,32.4,70.2,14.4
2015/12/11,楚天激光集团股份有限公司,1000,6.2,1450,0,360,920,160
2015/12/11,楚天激光集团股份有限公司,100,5.2,190,0,44,143,3
2015/12/11,楚天激光集团股份有限公司,60,5.2,123.6,0,34.8,75,13.8
2015/12/12,楚天激光集团股份有限公司,1000,6.2,580,0,140,330,110
2015/12/12,楚天激光集团股份有限公司,100,5.2,168,0,36,129,3
2015/12/12,楚天激光集团股份有限公司,60,5.2,69.6,0,22.2,37.2,10.2
2015/12/13,楚天激光集团股份有限公司,1000,6.2,510,0,140,270,100
2015/12/13,楚天激光集团股份有限公司,100,5.2,115,0,31,82,2
2015/12/13,楚天激光集团股份有限公司,60,5.2,64.2,0,21,33,10.2
2015/12/14,楚天激光集团股份有限公司,1000,6.2,1600,0,410,1060,130
2015/12/14,楚天激光集团股份有限公司,100,5.2,300,0,81,216,3
2015/12/14,楚天激光集团股份有限公司,60,5.2,127.8,0,34.8,78,15
2015/12/15,楚天激光集团股份有限公司,1000,6.2,1410,0,350,890,170
2015/12/15,楚天激光集团股份有限公司,100,5.2,148,0,32,114,2
2015/12/15,楚天激光集团股份有限公司,60,5.2,127.8,0,37.2,76.8,13.8
2015/12/16,楚天激光集团股份有限公司,1000,6.2,1570,0,390,1000,190
2015/12/16,楚天激光集团股份有限公司,100,5.2,353,0,92,241,20
2015/12/16,楚天激光集团股份有限公司,60,5.2,125.4,0,33.6,75.6,16.2
2015/12/17,楚天激光集团股份有限公司,1000,6.2,1520,0,430,940,140
2015/12/17,楚天激光集团股份有限公司,100,5.2,252,0,82,167,3
2015/12/17,楚天激光集团股份有限公司,60,5.2,128.4,0,38.4,73.8,16.2
2015/12/18,楚天激光集团股份有限公司,1000,6.2,1460,0,380,930,150
2015/12/18,楚天激光集团股份有限公司,100,5.2,121,0,37,81,3
2015/12/18,楚天激光集团股份有限公司,60,5.2,122.4,0,34.8,72.6,15
2015/12/19,楚天激光集团股份有限公司,1000,6.2,920,0,240,570,110
2015/12/19,楚天激光集团股份有限公司,100,5.2,204,0,53,149,2
2015/12/19,楚天激光集团股份有限公司,60,5.2,84,0,22.8,50.4,10.8
2015/12/20,楚天激光集团股份有限公司,1000,6.2,720,0,200,410,110
2015/12/20,楚天激光集团股份有限公司,100,5.2,75,0,23,50,2
2015/12/20,楚天激光集团股份有限公司,60,5.2,75.6,0,22.8,42.6,10.2
2015/12/21,楚天激光集团股份有限公司,1000,6.2,1710,0,470,1100,140
2015/12/21,楚天激光集团股份有限公司,100,5.2,327,0,104,218,5
2015/12/21,楚天激光集团股份有限公司,60,5.2,129.6,0,37.8,78,13.8
2015/12/22,楚天激光集团股份有限公司,1000,6.2,1700,0,470,1070,160
2015/12/22,楚天激光集团股份有限公司,100,5.2,340,0,81,239,20
2015/12/22,楚天激光集团股份有限公司,60,5.2,123.6,0,34.2,75,14.4
2015/12/23,楚天激光集团股份有限公司,1000,6.2,1750,0,500,1080,180
2015/12/23,楚天激光集团股份有限公司,100,5.2,303,0,85,214,4
2015/12/23,楚天激光集团股份有限公司,60,5.2,125.4,0,34.8,76.2,14.4
2015/12/24,楚天激光集团股份有限公司,1000,6.2,1550,0,380,980,180
2015/12/24,楚天激光集团股份有限公司,100,5.2,170,0,39,128,3
2015/12/24,楚天激光集团股份有限公司,60,5.2,122.4,0,34.8,73.2,14.4
2015/12/25,楚天激光集团股份有限公司,1000,6.2,1340,0,340,850,150
2015/12/25,楚天激光集团股份有限公司,100,5.2,175,0,46,126,3
2015/12/25,楚天激光集团股份有限公司,60,5.2,125.4,0,34.8,76.2,14.4
2015/12/26,楚天激光集团股份有限公司,1000,6.2,960,0,270,560,130
2015/12/26,楚天激光集团股份有限公司,100,5.2,192,0,49,140,3
2015/12/26,楚天激光集团股份有限公司,60,5.2,93,0,30.6,49.8,12.6
2015/12/27,楚天激光集团股份有限公司,1000,6.2,850,0,210,440,190
2015/12/27,楚天激光集团股份有限公司,100,5.2,77,0,31,43,3
2015/12/27,楚天激光集团股份有限公司,60,5.2,85.8,0,25.8,44.4,15.6
2015/12/28,楚天激光集团股份有限公司,1000,6.2,1520,0,380,1000,150
2015/12/28,楚天激光集团股份有限公司,100,5.2,224,0,42,178,4
2015/12/28,楚天激光集团股份有限公司,60,5.2,125.4,0,33,78.6,13.8
2015/12/29,楚天激光集团股份有限公司,1000,6.2,1560,0,390,1010,160
2015/12/29,楚天激光集团股份有限公司,100,5.2,282,0,78,202,2
2015/12/29,楚天激光集团股份有限公司,60,5.2,130.2,0,37.8,78,14.4
2015/12/30,楚天激光集团股份有限公司,1000,6.2,1560,0,410,1010,150
2015/12/30,楚天激光集团股份有限公司,100,5.2,309,0,78,219,12
2015/12/30,楚天激光集团股份有限公司,60,5.2,130.8,0,36.6,78.6,15.6
2015/12/31,楚天激光集团股份有限公司,1000,6.2,1420,0,370,850,190
2015/12/31,楚天激光集团股份有限公司,100,5.2,260,0,95,163,2
2015/12/31,楚天激光集团股份有限公司,60,5.2,124.8,0,35.4,75,14.4
2016/1/1,楚天激光集团股份有限公司,1000,6.2,450,0,130,210,110
2016/1/1,楚天激光集团股份有限公司,100,5.2,5,0,1,2,2
2016/1/1,楚天激光集团股份有限公司,60,5.2,67.2,0,21,36,10.2
2016/1/2,楚天激光集团股份有限公司,1000,6.2,390,0,110,180,100
2016/1/2,楚天激光集团股份有限公司,100,5.2,4,0,1,2,1
2016/1/2,楚天激光集团股份有限公司,60,5.2,65.4,0,21,34.8,9.6
2016/1/3,楚天激光集团股份有限公司,1000,6.2,380,0,100,180,100
2016/1/3,楚天激光集团股份有限公司,100,5.2,6,0,2,2,2
2016/1/3,楚天激光集团股份有限公司,60,5.2,64.2,0,21,33.6,9.6
2016/1/4,楚天激光集团股份有限公司,1000,6.2,1430,0,340,940,150
2016/1/4,楚天激光集团股份有限公司,100,5.2,196,0,39,154,3
2016/1/4,楚天激光集团股份有限公司,60,5.2,123,0,33.6,75.6,13.8
2016/1/5,楚天激光集团股份有限公司,1000,6.2,1640,0,410,1070,160
2016/1/5,楚天激光集团股份有限公司,100,5.2,291,0,74,215,2
2016/1/5,楚天激光集团股份有限公司,60,5.2,120,0,31.2,74.4,14.4
2016/1/6,楚天激光集团股份有限公司,1000,6.2,1630,0,420,1040,170
2016/1/6,楚天激光集团股份有限公司,100,5.2,243,0,62,177,4
2016/1/6,楚天激光集团股份有限公司,60,5.2,127.8,0,37.2,76.2,14.4
2016/1/7,楚天激光集团股份有限公司,1000,6.2,1730,0,430,1130,170
2016/1/7,楚天激光集团股份有限公司,100,5.2,338,0,86,249,3
2016/1/7,楚天激光集团股份有限公司,60,5.2,123,0,33,75.6,14.4
2016/1/8,楚天激光集团股份有限公司,1000,6.2,1590,0,420,1000,180
2016/1/8,楚天激光集团股份有限公司,100,5.2,284,0,84,195,5
2016/1/8,楚天激光集团股份有限公司,60,5.2,120,0,34.2,70.8,15
2016/1/9,楚天激光集团股份有限公司,1000,6.2,730,0,180,400,140
2016/1/9,楚天激光集团股份有限公司,100,5.2,223,0,44,176,3
2016/1/9,楚天激光集团股份有限公司,60,5.2,69,0,22.2,36,10.8
2016/1/10,楚天激光集团股份有限公司,1000,6.2,520,0,140,280,110
2016/1/10,楚天激光集团股份有限公司,100,5.2,62,0,16,44,2
2016/1/10,楚天激光集团股份有限公司,60,5.2,69,0,22.2,36.6,10.2
2016/1/11,楚天激光集团股份有限公司,1000,6.2,1750,0,450,1130,160
2016/1/11,楚天激光集团股份有限公司,100,5.2,214,0,49,162,3
2016/1/11,楚天激光集团股份有限公司,60,5.2,125.4,0,33.6,77.4,14.4
2016/1/12,楚天激光集团股份有限公司,1000,6.2,1860,0,470,1180,210
2016/1/12,楚天激光集团股份有限公司,100,5.2,301,0,83,216,2
2016/1/12,楚天激光集团股份有限公司,60,5.2,121.2,0,32.4,75,13.8
2016/1/13,楚天激光集团股份有限公司,1000,6.2,1730,0,430,1110,190
2016/1/13,楚天激光集团股份有限公司,100,5.2,316,0,71,241,4
2016/1/13,楚天激光集团股份有限公司,60,5.2,124.8,0,33,76.8,15
2016/1/14,楚天激光集团股份有限公司,1000,6.2,1520,0,360,980,180
2016/1/14,楚天激光集团股份有限公司,100,5.2,194,0,36,155,3
2016/1/14,楚天激光集团股份有限公司,60,5.2,127.8,0,35.4,78,14.4
2016/1/15,楚天激光集团股份有限公司,1000,6.2,1520,0,380,1000,150
2016/1/15,楚天激光集团股份有限公司,100,5.2,240,0,66,172,2
2016/1/15,楚天激光集团股份有限公司,60,5.2,133.8,0,36.6,79.2,18
2016/1/16,楚天激光集团股份有限公司,1000,6.2,660,0,170,360,110
2016/1/16,楚天激光集团股份有限公司,100,5.2,185,0,44,139,2
2016/1/16,楚天激光集团股份有限公司,60,5.2,75.6,0,24,41.4,10.2
2016/1/17,楚天激光集团股份有限公司,1000,6.2,780,0,210,450,130
2016/1/17,楚天激光集团股份有限公司,100,5.2,58,0,12,44,2
2016/1/17,楚天激光集团股份有限公司,60,5.2,78,0,25.2,43.2,9.6
2016/1/18,楚天激光集团股份有限公司,1000,6.2,1750,0,510,1110,130
2016/1/18,楚天激光集团股份有限公司,100,5.2,266,0,65,199,2
2016/1/18,楚天激光集团股份有限公司,60,5.2,124.2,0,34.8,77.4,12
2016/1/19,楚天激光集团股份有限公司,1000,6.2,1760,0,370,1040,340
2016/1/19,楚天激光集团股份有限公司,100,5.2,269,0,44,215,10
2016/1/19,楚天激光集团股份有限公司,60,5.2,122.4,0,33,73.8,15.6
2016/1/20,楚天激光集团股份有限公司,1000,6.2,1710,0,430,1100,190
2016/1/20,楚天激光集团股份有限公司,100,5.2,333,0,79,250,4
2016/1/20,楚天激光集团股份有限公司,60,5.2,118.8,0,31.2,73.8,13.8
2016/1/21,楚天激光集团股份有限公司,1000,6.2,1670,0,400,1100,170
2016/1/21,楚天激光集团股份有限公司,100,5.2,324,0,73,248,3
2016/1/21,楚天激光集团股份有限公司,60,5.2,124.8,0,34.8,75.6,14.4
2016/1/22,楚天激光集团股份有限公司,1000,6.2,1730,0,410,1140,170
2016/1/22,楚天激光集团股份有限公司,100,5.2,281,0,59,219,3
2016/1/22,楚天激光集团股份有限公司,60,5.2,135.6,0,37.8,79.8,18
2016/1/23,楚天激光集团股份有限公司,1000,6.2,860,0,210,520,140
2016/1/23,楚天激光集团股份有限公司,100,5.2,473,0,100,330,43
2016/1/23,楚天激光集团股份有限公司,60,5.2,71.4,0,21.6,35.4,14.4
2016/1/24,楚天激光集团股份有限公司,1000,6.2,440,0,120,210,110
2016/1/24,楚天激光集团股份有限公司,100,5.2,69,0,14,50,5
2016/1/24,楚天激光集团股份有限公司,60,5.2,58.2,0,19.2,30,9
2016/1/25,楚天激光集团股份有限公司,1000,6.2,1670,0,410,1080,180
2016/1/25,楚天激光集团股份有限公司,100,5.2,250,0,71,176,3
2016/1/25,楚天激光集团股份有限公司,60,5.2,119.4,0,32.4,72.6,14.4
2016/1/26,楚天激光集团股份有限公司,1000,6.2,1840,0,480,1210,150
2016/1/26,楚天激光集团股份有限公司,100,5.2,313,0,92,218,3
2016/1/26,楚天激光集团股份有限公司,60,5.2,117.6,0,31.8,71.4,14.4
2016/1/27,楚天激光集团股份有限公司,1000,6.2,1330,0,370,750,210
2016/1/27,楚天激光集团股份有限公司,100,5.2,76,0,11,50,15
2016/1/27,楚天激光集团股份有限公司,60,5.2,100.8,0,31.8,53.4,15.6
2016/1/28,楚天激光集团股份有限公司,1000,6.2,1810,0,430,1150,230
2016/1/28,楚天激光集团股份有限公司,100,5.2,377,0,94,270,13
2016/1/28,楚天激光集团股份有限公司,60,5.2,118.2,0,32.4,72,13.8
2016/1/29,楚天激光集团股份有限公司,1000,6.2,1490,0,340,960,190
2016/1/29,楚天激光集团股份有限公司,100,5.2,69,0,7,49,13
2016/1/29,楚天激光集团股份有限公司,60,5.2,126,0,33.6,78,14.4
2016/1/30,楚天激光集团股份有限公司,1000,6.2,800,0,190,460,150
2016/1/30,楚天激光集团股份有限公司,100,5.2,211,0,43,155,13
2016/1/30,楚天激光集团股份有限公司,60,5.2,60,0,12.6,37.2,10.2
2016/1/31,楚天激光集团股份有限公司,1000,6.2,710,0,170,430,110
2016/1/31,楚天激光集团股份有限公司,100,5.2,232,0,35,186,11
2016/1/31,楚天激光集团股份有限公司,60,5.2,78.6,0,22.8,46.8,9
2016/2/1,楚天激光集团股份有限公司,1000,6.2,1670,0,440,1080,150
2016/2/1,楚天激光集团股份有限公司,100,5.2,240,0,47,191,2
2016/2/1,楚天激光集团股份有限公司,60,5.2,124.2,0,31.8,76.2,16.2
2016/2/2,楚天激光集团股份有限公司,1000,6.2,1630,0,370,950,310
2016/2/2,楚天激光集团股份有限公司,100,5.2,253,0,78,173,2
2016/2/2,楚天激光集团股份有限公司,60,5.2,110.4,0,30,65.4,15
2016/2/3,楚天激光集团股份有限公司,1000,6.2,1180,0,280,760,150
2016/2/3,楚天激光集团股份有限公司,100,5.2,202,0,42,158,2
2016/2/3,楚天激光集团股份有限公司,60,5.2,107.4,0,29.4,62.4,15.6
2016/2/4,楚天激光集团股份有限公司,1000,6.2,1140,0,280,700,150
2016/2/4,楚天激光集团股份有限公司,100,5.2,281,0,77,203,1
2016/2/4,楚天激光集团股份有限公司,60,5.2,100.2,0,29.4,57,13.8
2016/2/5,楚天激光集团股份有限公司,1000,6.2,290,0,80,130,80
2016/2/5,楚天激光集团股份有限公司,100,5.2,19,0,10,7,2
2016/2/5,楚天激光集团股份有限公司,60,5.2,70.2,0,22.2,37.2,10.8
2016/2/6,楚天激光集团股份有限公司,1000,6.2,250,0,70,110,70
2016/2/6,楚天激光集团股份有限公司,100,5.2,4,0,1,1,2
2016/2/6,楚天激光集团股份有限公司,60,5.2,66,0,19.8,35.4,10.8
2016/2/7,楚天激光集团股份有限公司,1000,6.2,230,0,70,100,70
2016/2/7,楚天激光集团股份有限公司,100,5.2,5,0,0,3,2
2016/2/7,楚天激光集团股份有限公司,60,5.2,66,0,21,34.2,10.8
2016/2/8,楚天激光集团股份有限公司,1000,6.2,240,0,60,110,70
2016/2/8,楚天激光集团股份有限公司,100,5.2,4,0,1,2,1
2016/2/8,楚天激光集团股份有限公司,60,5.2,67.8,0,21.6,35.4,10.8
2016/2/9,楚天激光集团股份有限公司,1000,6.2,230,0,60,100,70
2016/2/9,楚天激光集团股份有限公司,100,5.2,4,0,1,2,1
2016/2/9,楚天激光集团股份有限公司,60,5.2,66.6,0,21,34.2,11.4
2016/2/10,楚天激光集团股份有限公司,1000,6.2,240,0,60,100,60
2016/2/10,楚天激光集团股份有限公司,100,5.2,4,0,1,2,1
2016/2/10,楚天激光集团股份有限公司,60,5.2,66.6,0,20.4,35.4,10.8
2016/2/11,楚天激光集团股份有限公司,1000,6.2,230,0,70,100,70
2016/2/11,楚天激光集团股份有限公司,100,5.2,4,0,1,2,1
2016/2/11,楚天激光集团股份有限公司,60,5.2,66.6,0,21.6,34.2,10.8
2016/2/12,楚天激光集团股份有限公司,1000,6.2,220,0,50,100,60
2016/2/12,楚天激光集团股份有限公司,100,5.2,4,0,1,2,1
2016/2/12,楚天激光集团股份有限公司,60,5.2,66.6,0,21.6,34.8,10.2
2016/2/13,楚天激光集团股份有限公司,1000,6.2,230,0,70,100,70
2016/2/13,楚天激光集团股份有限公司,100,5.2,4,0,1,2,1
2016/2/13,楚天激光集团股份有限公司,60,5.2,66.6,0,20.4,34.8,11.4
2016/2/14,楚天激光集团股份有限公司,1000,6.2,270,0,70,130,80
2016/2/14,楚天激光集团股份有限公司,100,5.2,4,0,1,2,1
2016/2/14,楚天激光集团股份有限公司,60,5.2,68.4,0,21,36,11.4
2016/2/15,楚天激光集团股份有限公司,1000,6.2,980,0,250,630,90
2016/2/15,楚天激光集团股份有限公司,100,5.2,185,0,56,128,1
2016/2/15,楚天激光集团股份有限公司,60,5.2,102,0,26.4,59.4,16.2
2016/2/16,楚天激光集团股份有限公司,1000,6.2,1260,0,300,810,150
2016/2/16,楚天激光集团股份有限公司,100,5.2,234,0,55,177,2
2016/2/16,楚天激光集团股份有限公司,60,5.2,117.6,0,31.2,71.4,15
2016/2/17,楚天激光集团股份有限公司,1000,6.2,1080,0,260,670,150
2016/2/17,楚天激光集团股份有限公司,100,5.2,250,0,72,176,2
2016/2/17,楚天激光集团股份有限公司,60,5.2,104.4,0,30,60,14.4
2016/2/18,楚天激光集团股份有限公司,1000,6.2,1110,0,280,740,100
2016/2/18,楚天激光集团股份有限公司,100,5.2,197,0,45,150,2
2016/2/18,楚天激光集团股份有限公司,60,5.2,108.6,0,29.4,66.6,12.6
2016/2/19,楚天激光集团股份有限公司,1000,6.2,1280,0,340,800,140
2016/2/19,楚天激光集团股份有限公司,100,5.2,244,0,86,157,1
2016/2/19,楚天激光集团股份有限公司,60,5.2,115.8,0,29.4,72,14.4
2016/2/20,楚天激光集团股份有限公司,1000,6.2,500,0,120,270,90
2016/2/20,楚天激光集团股份有限公司,100,5.2,176,0,43,131,2
2016/2/20,楚天激光集团股份有限公司,60,5.2,66.6,0,21,35.4,10.2
2016/2/21,楚天激光集团股份有限公司,1000,6.2,370,0,100,190,100
2016/2/21,楚天激光集团股份有限公司,100,5.2,62,0,15,45,2
2016/2/21,楚天激光集团股份有限公司,60,5.2,62.4,0,19.2,33.6,9.6
2016/2/22,楚天激光集团股份有限公司,1000,6.2,1250,0,310,800,140
2016/2/22,楚天激光集团股份有限公司,100,5.2,146,0,36,108,2
2016/2/22,楚天激光集团股份有限公司,60,5.2,115.2,0,28.8,71.4,15
2016/2/23,楚天激光集团股份有限公司,1000,6.2,1370,0,320,880,150
2016/2/23,楚天激光集团股份有限公司,100,5.2,214,0,46,166,2
2016/2/23,楚天激光集团股份有限公司,60,5.2,120,0,32.4,72.6,15
2016/2/24,楚天激光集团股份有限公司,1000,6.2,1300,0,350,850,120
2016/2/24,楚天激光集团股份有限公司,100,5.2,238,0,74,162,2
2016/2/24,楚天激光集团股份有限公司,60,5.2,117.6,0,30.6,72.6,14.4
2016/2/25,楚天激光集团股份有限公司,1000,6.2,1170,0,290,730,150
2016/2/25,楚天激光集团股份有限公司,100,5.2,104,0,7,97,0
2016/2/25,楚天激光集团股份有限公司,60,5.2,61.2,0,13.8,47.4,0
2016/2/26,楚天激光集团股份有限公司,1000,6.2,1200,0,320,710,170
2016/2/26,楚天激光集团股份有限公司,100,5.2,274,0,83,174,17
2016/2/26,楚天激光集团股份有限公司,60,5.2,117,0,32.4,70.2,14.4
2016/2/27,楚天激光集团股份有限公司,1000,6.2,560,0,150,310,90
2016/2/27,楚天激光集团股份有限公司,100,5.2,156,0,40,114,2
2016/2/27,楚天激光集团股份有限公司,60,5.2,88.2,0,25.8,52.2,10.2
2016/2/28,楚天激光集团股份有限公司,1000,6.2,390,0,100,220,80
2016/2/28,楚天激光集团股份有限公司,100,5.2,48,0,10,36,2
2016/2/28,楚天激光集团股份有限公司,60,5.2,80.4,0,22.8,48,9.6
2016/2/29,楚天激光集团股份有限公司,1000,6.2,860,0,210,510,130
2016/2/29,楚天激光集团股份有限公司,100,5.2,179,0,34,129,16
2016/2/29,楚天激光集团股份有限公司,60,5.2,110.4,0,30,66.6,13.8
2016/3/1,楚天激光集团股份有限公司,1000,6.2,1020,0,280,600,130
2016/3/1,楚天激光集团股份有限公司,100,5.2,256,0,85,156,15
2016/3/1,楚天激光集团股份有限公司,60,5.2,118.2,0,33,70.2,15
2016/3/2,楚天激光集团股份有限公司,1000,6.2,870,0,230,530,120
2016/3/2,楚天激光集团股份有限公司,100,5.2,93,0,31,59,3
2016/3/2,楚天激光集团股份有限公司,60,5.2,114.6,0,29.4,70.8,14.4
2016/3/3,楚天激光集团股份有限公司,1000,6.2,960,0,280,590,100
2016/3/3,楚天激光集团股份有限公司,100,5.2,127,0,49,74,4
2016/3/3,楚天激光集团股份有限公司,60,5.2,117.6,0,34.8,69.6,13.2
2016/3/4,楚天激光集团股份有限公司,1000,6.2,770,0,180,470,120
2016/3/4,楚天激光集团股份有限公司,100,5.2,67,0,12,39,16
2016/3/4,楚天激光集团股份有限公司,60,5.2,120,0,31.2,71.4,17.4
2016/3/5,楚天激光集团股份有限公司,1000,6.2,360,0,80,180,80
2016/3/5,楚天激光集团股份有限公司,100,5.2,63,0,13,49,1
2016/3/5,楚天激光集团股份有限公司,60,5.2,66,0,20.4,36,9.6
2016/3/6,楚天激光集团股份有限公司,1000,6.2,300,0,90,150,70
2016/3/6,楚天激光集团股份有限公司,100,5.2,45,0,14,29,2
2016/3/6,楚天激光集团股份有限公司,60,5.2,63.6,0,19.2,34.8,9.6
2016/3/7,楚天激光集团股份有限公司,1000,6.2,840,0,250,500,90
2016/3/7,楚天激光集团股份有限公司,100,5.2,64,0,22,39,3
2016/3/7,楚天激光集团股份有限公司,60,5.2,123,0,37.8,70.8,14.4
2016/3/8,楚天激光集团股份有限公司,1000,6.2,1080,0,290,690,110
2016/3/8,楚天激光集团股份有限公司,100,5.2,58,0,14,40,4
2016/3/8,楚天激光集团股份有限公司,60,5.2,113.4,0,30.6,67.2,15.6
2016/3/9,楚天激光集团股份有限公司,1000,6.2,950,0,250,570,120
2016/3/9,楚天激光集团股份有限公司,100,5.2,62,0,15,43,4
2016/3/9,楚天激光集团股份有限公司,60,5.2,109.8,0,30,65.4,14.4
2016/3/10,楚天激光集团股份有限公司,1000,6.2,1230,0,340,770,120
2016/3/10,楚天激光集团股份有限公司,100,5.2,89,0,45,41,3
2016/3/10,楚天激光集团股份有限公司,60,5.2,111.6,0,31.2,66,14.4
2016/3/11,楚天激光集团股份有限公司,1000,6.2,1140,0,320,690,120
2016/3/11,楚天激光集团股份有限公司,100,5.2,133,0,53,65,15
2016/3/11,楚天激光集团股份有限公司,60,5.2,119.4,0,34.2,71.4,13.8
2016/3/12,楚天激光集团股份有限公司,1000,6.2,450,0,120,240,100
2016/3/12,楚天激光集团股份有限公司,100,5.2,39,0,5,32,2
2016/3/12,楚天激光集团股份有限公司,60,5.2,73.2,0,24,39,10.2
2016/3/13,楚天激光集团股份有限公司,1000,6.2,330,0,80,160,90
2016/3/13,楚天激光集团股份有限公司,100,5.2,27,0,3,23,1
2016/3/13,楚天激光集团股份有限公司,60,5.2,63,0,20.4,33,9.6
2016/3/14,楚天激光集团股份有限公司,1000,6.2,800,0,210,490,100
2016/3/14,楚天激光集团股份有限公司,100,5.2,54,0,6,45,3
2016/3/14,楚天激光集团股份有限公司,60,5.2,116.4,0,31.2,71.4,13.8
2016/3/15,楚天激光集团股份有限公司,1000,6.2,850,0,230,520,100
2016/3/15,楚天激光集团股份有限公司,100,5.2,74,0,35,35,4
2016/3/15,楚天激光集团股份有限公司,60,5.2,107.4,0,29.4,64.8,13.2
2016/3/16,楚天激光集团股份有限公司,1000,6.2,820,0,220,510,100
2016/3/16,楚天激光集团股份有限公司,100,5.2,105,0,32,69,4
2016/3/16,楚天激光集团股份有限公司,60,5.2,110.4,0,30.6,66,13.8
2016/3/17,楚天激光集团股份有限公司,1000,6.2,900,0,230,550,110
2016/3/17,楚天激光集团股份有限公司,100,5.2,111,0,35,67,9
2016/3/17,楚天激光集团股份有限公司,60,5.2,105.6,0,30,62.4,13.2
2016/3/18,楚天激光集团股份有限公司,1000,6.2,790,0,210,480,100
2016/3/18,楚天激光集团股份有限公司,100,5.2,47,0,11,32,4
2016/3/18,楚天激光集团股份有限公司,60,5.2,108,0,30.6,63.6,13.8
2016/3/19,楚天激光集团股份有限公司,1000,6.2,320,0,90,170,70
2016/3/19,楚天激光集团股份有限公司,100,5.2,38,0,10,26,2
2016/3/19,楚天激光集团股份有限公司,60,5.2,67.2,0,19.8,37.8,9.6
2016/3/20,楚天激光集团股份有限公司,1000,6.2,310,0,80,150,70
2016/3/20,楚天激光集团股份有限公司,100,5.2,44,0,15,27,2
2016/3/20,楚天激光集团股份有限公司,60,5.2,64.2,0,19.8,35.4,9
2016/3/21,楚天激光集团股份有限公司,1000,6.2,790,0,200,480,110
2016/3/21,楚天激光集团股份有限公司,100,5.2,74,0,19,40,15
2016/3/21,楚天激光集团股份有限公司,60,5.2,116.4,0,32.4,70.2,13.8
2016/3/22,楚天激光集团股份有限公司,1000,6.2,740,0,200,420,120
2016/3/22,楚天激光集团股份有限公司,100,5.2,94,0,35,44,15
2016/3/22,楚天激光集团股份有限公司,60,5.2,116.4,0,33,69,14.4
2016/3/23,楚天激光集团股份有限公司,1000,6.2,850,0,260,500,90
2016/3/23,楚天激光集团股份有限公司,100,5.2,107,0,53,50,4
2016/3/23,楚天激光集团股份有限公司,60,5.2,118.2,0,34.2,70.2,13.8
2016/3/24,楚天激光集团股份有限公司,1000,6.2,700,0,200,400,90
2016/3/24,楚天激光集团股份有限公司,100,5.2,93,0,40,50,3
2016/3/24,楚天激光集团股份有限公司,60,5.2,107.4,0,30.6,63,13.8
2016/3/25,楚天激光集团股份有限公司,1000,6.2,750,0,200,440,120
2016/3/25,楚天激光集团股份有限公司,100,5.2,91,0,33,43,15
2016/3/25,楚天激光集团股份有限公司,60,5.2,121.8,0,33,74.4,14.4
2016/3/26,楚天激光集团股份有限公司,1000,6.2,470,0,120,260,90
2016/3/26,楚天激光集团股份有限公司,100,5.2,64,0,17,45,2
2016/3/26,楚天激光集团股份有限公司,60,5.2,90.6,0,26.4,52.2,12
2016/3/27,楚天激光集团股份有限公司,1000,6.2,340,0,100,170,60
2016/3/27,楚天激光集团股份有限公司,100,5.2,30,0,7,21,2
2016/3/27,楚天激光集团股份有限公司,60,5.2,96,0,28.8,55.8,11.4
2016/3/28,楚天激光集团股份有限公司,1000,6.2,620,0,160,370,100
2016/3/28,楚天激光集团股份有限公司,100,5.2,59,0,19,37,3
2016/3/28,楚天激光集团股份有限公司,60,5.2,114,0,31.2,69.6,13.2
2016/3/29,楚天激光集团股份有限公司,1000,6.2,730,0,190,440,100
2016/3/29,楚天激光集团股份有限公司,100,5.2,96,0,36,57,3
2016/3/29,楚天激光集团股份有限公司,60,5.2,99.6,0,28.2,58.8,12.6
2016/3/30,楚天激光集团股份有限公司,1000,6.2,770,0,210,460,90
2016/3/30,楚天激光集团股份有限公司,100,5.2,88,0,35,51,2
2016/3/30,楚天激光集团股份有限公司,60,5.2,105.6,0,31.2,61.8,12.6
2016/3/31,楚天激光集团股份有限公司,1000,6.2,750,0,250,420,80
2016/3/31,楚天激光集团股份有限公司,100,5.2,88,0,38,47,3
2016/3/31,楚天激光集团股份有限公司,60,5.2,130.8,0,45.6,73.2,12
2016/4/1,楚天激光集团股份有限公司,1000,6.2,500,0,140,270,100
2016/4/1,楚天激光集团股份有限公司,100,5.2,62,0,13,35,14
2016/4/1,楚天激光集团股份有限公司,60,5.2,110.4,0,32.4,66,12
2016/4/2,楚天激光集团股份有限公司,1000,6.2,210,0,60,110,50
2016/4/2,楚天激光集团股份有限公司,100,5.2,12,0,3,8,1
2016/4/2,楚天激光集团股份有限公司,60,5.2,69,0,21,39,9
2016/4/3,楚天激光集团股份有限公司,1000,6.2,190,0,50,80,60
2016/4/3,楚天激光集团股份有限公司,100,5.2,4,0,1,2,1
2016/4/3,楚天激光集团股份有限公司,60,5.2,58.2,0,18,31.2,9
2016/4/4,楚天激光集团股份有限公司,1000,6.2,180,0,50,80,50
2016/4/4,楚天激光集团股份有限公司,100,5.2,4,0,1,2,1
2016/4/4,楚天激光集团股份有限公司,60,5.2,59.4,0,18.6,31.8,9
2016/4/5,楚天激光集团股份有限公司,1000,6.2,500,0,140,290,50
2016/4/5,楚天激光集团股份有限公司,100,5.2,23,0,6,16,1
2016/4/5,楚天激光集团股份有限公司,60,5.2,114,0,34.2,68.4,11.4
2016/4/6,楚天激光集团股份有限公司,1000,6.2,420,0,110,250,70
2016/4/6,楚天激光集团股份有限公司,100,5.2,5,0,2,1,2
2016/4/6,楚天激光集团股份有限公司,60,5.2,88.8,0,24.6,52.2,12
2016/4/7,楚天激光集团股份有限公司,1000,6.2,360,0,90,190,70
2016/4/7,楚天激光集团股份有限公司,100,5.2,6,0,2,2,2
2016/4/7,楚天激光集团股份有限公司,60,5.2,85.8,0,25.8,49.2,10.8
2016/4/8,楚天激光集团股份有限公司,1000,6.2,300,0,90,170,50
2016/4/8,楚天激光集团股份有限公司,100,5.2,7,0,1,5,1
2016/4/8,楚天激光集团股份有限公司,60,5.2,69,0,21,39.6,8.4
2016/4/9,楚天激光集团股份有限公司,1000,6.2,210,0,60,90,70
2016/4/9,楚天激光集团股份有限公司,100,5.2,5,0,1,3,1
2016/4/9,楚天激光集团股份有限公司,60,5.2,57,0,19.2,31.2,6.6
2016/4/10,楚天激光集团股份有限公司,1000,6.2,220,0,60,100,40
2016/4/10,楚天激光集团股份有限公司,100,5.2,52,0,19,31,2
2016/4/10,楚天激光集团股份有限公司,60,5.2,60,0,19.2,33.6,7.2
2016/4/11,楚天激光集团股份有限公司,1000,6.2,300,0,80,180,50
2016/4/11,楚天激光集团股份有限公司,100,5.2,5,0,2,1,2
2016/4/11,楚天激光集团股份有限公司,60,5.2,74.4,0,21.6,43.2,9.6
2016/4/12,楚天激光集团股份有限公司,1000,6.2,280,0,80,160,40
2016/4/12,楚天激光集团股份有限公司,100,5.2,0,0,0,0,0
2016/4/12,楚天激光集团股份有限公司,60,5.2,89.4,0,30,51.6,7.8
2016/4/13,楚天激光集团股份有限公司,1000,6.2,300,0,90,170,50
2016/4/13,楚天激光集团股份有限公司,100,5.2,18,0,7,11,0
2016/4/13,楚天激光集团股份有限公司,60,5.2,87.6,0,25.2,49.2,13.2
2016/4/14,楚天激光集团股份有限公司,1000,6.2,350,0,80,190,60
2016/4/14,楚天激光集团股份有限公司,100,5.2,3,0,0,0,3
2016/4/14,楚天激光集团股份有限公司,60,5.2,106.2,0,28.8,64.8,12.6
2016/4/15,楚天激光集团股份有限公司,1000,6.2,340,0,100,190,60
2016/4/15,楚天激光集团股份有限公司,100,5.2,0,0,0,0,0
2016/4/15,楚天激光集团股份有限公司,60,5.2,111,0,31.8,68.4,10.8
2016/4/16,楚天激光集团股份有限公司,1000,6.2,250,0,70,120,50
2016/4/16,楚天激光集团股份有限公司,100,5.2,0,0,0,0,0
2016/4/16,楚天激光集团股份有限公司,60,5.2,103.8,0,29.4,62.4,12
2016/4/17,楚天激光集团股份有限公司,1000,6.2,210,0,60,110,50
2016/4/17,楚天激光集团股份有限公司,100,5.2,0,0,0,0,0
2016/4/17,楚天激光集团股份有限公司,60,5.2,91.8,0,25.8,55.2,10.8
2016/4/18,楚天激光集团股份有限公司,1000,6.2,320,0,80,190,50
2016/4/18,楚天激光集团股份有限公司,100,5.2,0,0,0,0,0
2016/4/18,楚天激光集团股份有限公司,60,5.2,97.2,0,27,58.2,12
2016/4/19,楚天激光集团股份有限公司,1000,6.2,310,0,80,170,50
2016/4/19,楚天激光集团股份有限公司,100,5.2,0,0,0,0,0
2016/4/19,楚天激光集团股份有限公司,60,5.2,96,0,25.8,58.2,12
2016/4/20,楚天激光集团股份有限公司,1000,6.2,300,0,90,170,50
2016/4/20,楚天激光集团股份有限公司,100,5.2,0,0,0,0,0
2016/4/20,楚天激光集团股份有限公司,60,5.2,82.8,0,23.4,50.4,9
2016/4/21,楚天激光集团股份有限公司,1000,6.2,290,0,70,170,40
2016/4/21,楚天激光集团股份有限公司,100,5.2,0,0,0,0,0
2016/4/21,楚天激光集团股份有限公司,60,5.2,99,0,27.6,60.6,10.8
2016/4/22,楚天激光集团股份有限公司,1000,6.2,360,0,120,200,60
2016/4/22,楚天激光集团股份有限公司,100,5.2,0,0,0,0,0
2016/4/22,楚天激光集团股份有限公司,60,5.2,101.4,0,28.8,60,12.6
2016/4/23,楚天激光集团股份有限公司,1000,6.2,240,0,60,130,40
2016/4/23,楚天激光集团股份有限公司,100,5.2,0,0,0,0,0
2016/4/23,楚天激光集团股份有限公司,60,5.2,94.8,0,27,56.4,11.4
2016/4/24,楚天激光集团股份有限公司,1000,6.2,220,0,60,110,50
2016/4/24,楚天激光集团股份有限公司,100,5.2,0,0,0,0,0
2016/4/24,楚天激光集团股份有限公司,60,5.2,90,0,25.2,53.4,11.4
2016/4/25,楚天激光集团股份有限公司,1000,6.2,300,0,80,170,50
2016/4/25,楚天激光集团股份有限公司,100,5.2,0,0,0,0,0
2016/4/25,楚天激光集团股份有限公司,60,5.2,85.8,0,24,48.6,13.2
2016/4/26,楚天激光集团股份有限公司,1000,6.2,280,0,70,160,50
2016/4/26,楚天激光集团股份有限公司,100,5.2,0,0,0,0,0
2016/4/26,楚天激光集团股份有限公司,60,5.2,71.4,0,22.2,42,7.2
2016/4/27,楚天激光集团股份有限公司,1000,6.2,310,0,80,180,50
2016/4/27,楚天激光集团股份有限公司,100,5.2,0,0,0,0,0
2016/4/27,楚天激光集团股份有限公司,60,5.2,91.8,0,25.8,57,9
2016/4/28,楚天激光集团股份有限公司,1000,6.2,310,0,80,190,50
2016/4/28,楚天激光集团股份有限公司,100,5.2,0,0,0,0,0
2016/4/28,楚天激光集团股份有限公司,60,5.2,91.8,0,25.8,55.2,10.8
2016/4/29,楚天激光集团股份有限公司,1000,6.2,250,0,70,130,40
2016/4/29,楚天激光集团股份有限公司,100,5.2,0,0,0,0,0
2016/4/29,楚天激光集团股份有限公司,60,5.2,69.6,0,21.6,40.2,7.8
2016/4/30,楚天激光集团股份有限公司,1000,6.2,180,0,50,80,40
2016/4/30,楚天激光集团股份有限公司,100,5.2,0,0,0,0,0
2016/4/30,楚天激光集团股份有限公司,60,5.2,88.2,0,28.8,48.6,10.8
2016/5/1,楚天激光集团股份有限公司,1000,6.2,200,0,60,110,50
2016/5/1,楚天激光集团股份有限公司,100,5.2,0,0,0,0,0
2016/5/1,楚天激光集团股份有限公司,60,5.2,104.4,0,27,61.2,16.2
2016/5/2,楚天激光集团股份有限公司,1000,6.2,230,0,60,120,50
2016/5/2,楚天激光集团股份有限公司,100,5.2,0,0,0,0,0
2016/5/2,楚天激光集团股份有限公司,60,5.2,111,0,29.4,64.2,17.4
2016/5/3,楚天激光集团股份有限公司,1000,6.2,300,0,80,170,40
2016/5/3,楚天激光集团股份有限公司,100,5.2,0,0,0,0,0
2016/5/3,楚天激光集团股份有限公司,60,5.2,100.2,0,28.2,58.8,13.2
2016/5/4,楚天激光集团股份有限公司,1000,6.2,340,0,90,190,60
2016/5/4,楚天激光集团股份有限公司,100,5.2,0,0,0,0,0
2016/5/4,楚天激光集团股份有限公司,60,5.2,110.4,0,28.8,63.6,18
2016/5/5,楚天激光集团股份有限公司,1000,6.2,320,0,70,160,80
2016/5/5,楚天激光集团股份有限公司,100,5.2,0,0,0,0,0
2016/5/5,楚天激光集团股份有限公司,60,5.2,109.8,0,24.6,45.6,39.6
2016/5/6,楚天激光集团股份有限公司,1000,6.2,290,0,90,160,50
2016/5/6,楚天激光集团股份有限公司,100,5.2,0,0,0,0,0
2016/5/6,楚天激光集团股份有限公司,60,5.2,88.8,0,27,49.8,12
2016/5/7,楚天激光集团股份有限公司,1000,6.2,200,0,50,100,50
2016/5/7,楚天激光集团股份有限公司,100,5.2,0,0,0,0,0
2016/5/7,楚天激光集团股份有限公司,60,5.2,69.6,0,19.2,37.2,13.2
2016/5/8,楚天激光集团股份有限公司,1000,6.2,190,0,60,90,50
2016/5/8,楚天激光集团股份有限公司,100,5.2,0,0,0,0,0
2016/5/8,楚天激光集团股份有限公司,60,5.2,65.4,0,17.4,37.2,10.8
2016/5/9,楚天激光集团股份有限公司,1000,6.2,290,0,70,170,50
2016/5/9,楚天激光集团股份有限公司,100,5.2,0,0,0,0,0
2016/5/9,楚天激光集团股份有限公司,60,5.2,75.6,0,21.6,44.4,9.6
2016/5/10,楚天激光集团股份有限公司,1000,6.2,280,0,80,160,40
2016/5/10,楚天激光集团股份有限公司,100,5.2,0,0,0,0,0
2016/5/10,楚天激光集团股份有限公司,60,5.2,76.2,0,23.4,43.2,9.6
2016/5/11,楚天激光集团股份有限公司,1000,6.2,290,0,80,150,50
2016/5/11,楚天激光集团股份有限公司,100,5.2,0,0,0,0,0
2016/5/11,楚天激光集团股份有限公司,60,5.2,83.4,0,26.4,45,12
2016/5/12,楚天激光集团股份有限公司,1000,6.2,280,0,80,160,50
2016/5/12,楚天激光集团股份有限公司,100,5.2,0,0,0,0,0
2016/5/12,楚天激光集团股份有限公司,60,5.2,72,0,22.2,41.4,8.4
2016/5/13,楚天激光集团股份有限公司,1000,6.2,280,0,70,150,40
2016/5/13,楚天激光集团股份有限公司,100,5.2,0,0,0,0,0
2016/5/13,楚天激光集团股份有限公司,60,5.2,73.2,0,22.8,43.8,6.6
2016/5/14,楚天激光集团股份有限公司,1000,6.2,190,0,60,100,40
2016/5/14,楚天激光集团股份有限公司,100,5.2,0,0,0,0,0
2016/5/14,楚天激光集团股份有限公司,60,5.2,55.8,0,18,31.8,6
2016/5/15,楚天激光集团股份有限公司,1000,6.2,160,0,50,80,40
2016/5/15,楚天激光集团股份有限公司,100,5.2,0,0,0,0,0
2016/5/15,楚天激光集团股份有限公司,60,5.2,51,0,16.8,28.2,6
2016/5/16,楚天激光集团股份有限公司,1000,6.2,280,0,90,140,40
2016/5/16,楚天激光集团股份有限公司,100,5.2,0,0,0,0,0
2016/5/16,楚天激光集团股份有限公司,60,5.2,70.2,0,22.8,40.8,6.6
2016/5/17,楚天激光集团股份有限公司,1000,6.2,190,0,60,100,30
2016/5/17,楚天激光集团股份有限公司,100,5.2,0,0,0,0,0
2016/5/17,楚天激光集团股份有限公司,60,5.2,60,0,21,32.4,6.6
2016/5/18,楚天激光集团股份有限公司,1000,6.2,150,0,50,70,30
2016/5/18,楚天激光集团股份有限公司,100,5.2,0,0,0,0,0
2016/5/18,楚天激光集团股份有限公司,60,5.2,61.2,0,19.8,35.4,6
2016/5/19,楚天激光集团股份有限公司,1000,6.2,140,0,40,70,30
2016/5/19,楚天激光集团股份有限公司,100,5.2,0,0,0,0,0
2016/5/19,楚天激光集团股份有限公司,60,5.2,49.8,0,16.8,27,6
2016/5/20,楚天激光集团股份有限公司,1000,6.2,120,0,40,60,30
2016/5/20,楚天激光集团股份有限公司,100,5.2,0,0,0,0,0
2016/5/20,楚天激光集团股份有限公司,60,5.2,52.2,0,17.4,29.4,5.4
2016/5/21,楚天激光集团股份有限公司,1000,6.2,100,0,30,40,20
2016/5/21,楚天激光集团股份有限公司,100,5.2,0,0,0,0,0
2016/5/21,楚天激光集团股份有限公司,60,5.2,36,0,11.4,19.8,4.8
2016/5/22,楚天激光集团股份有限公司,1000,6.2,90,0,20,40,20
2016/5/22,楚天激光集团股份有限公司,100,5.2,0,0,0,0,0
2016/5/22,楚天激光集团股份有限公司,60,5.2,31.2,0,10.2,18,3
2016/5/23,楚天激光集团股份有限公司,1000,6.2,100,0,40,50,30
2016/5/23,楚天激光集团股份有限公司,100,5.2,0,0,0,0,0
2016/5/23,楚天激光集团股份有限公司,60,5.2,39.6,0,13.8,21.6,4.2
2016/5/24,楚天激光集团股份有限公司,1000,6.2,100,0,30,40,20
2016/5/24,楚天激光集团股份有限公司,100,5.2,0,0,0,0,0
2016/5/24,楚天激光集团股份有限公司,60,5.2,39.6,0,16.2,20.4,3
2016/5/25,楚天激光集团股份有限公司,1000,6.2,100,0,30,50,20
2016/5/25,楚天激光集团股份有限公司,100,5.2,0,0,0,0,0
2016/5/25,楚天激光集团股份有限公司,60,5.2,37.8,0,12.6,21,4.2
2016/5/26,楚天激光集团股份有限公司,1000,6.2,90,0,30,40,30
2016/5/26,楚天激光集团股份有限公司,100,5.2,0,0,0,0,0
2016/5/26,楚天激光集团股份有限公司,60,5.2,37.2,0,12.6,19.8,4.8
2016/5/27,楚天激光集团股份有限公司,1000,6.2,110,0,20,50,20
2016/5/27,楚天激光集团股份有限公司,100,5.2,0,0,0,0,0
2016/5/27,楚天激光集团股份有限公司,60,5.2,45.6,0,13.2,26.4,6
2016/5/28,楚天激光集团股份有限公司,1000,6.2,100,0,30,50,30
2016/5/28,楚天激光集团股份有限公司,100,5.2,0,0,0,0,0
2016/5/28,楚天激光集团股份有限公司,60,5.2,40.8,0,12,22.8,6
2016/5/29,楚天激光集团股份有限公司,1000,6.2,110,0,30,50,30
2016/5/29,楚天激光集团股份有限公司,100,5.2,0,0,0,0,0
2016/5/29,楚天激光集团股份有限公司,60,5.2,36,0,11.4,19.2,5.4
2016/5/30,楚天激光集团股份有限公司,1000,6.2,90,0,30,50,20
2016/5/30,楚天激光集团股份有限公司,100,5.2,0,0,0,0,0
2016/5/30,楚天激光集团股份有限公司,60,5.2,34.2,0,9.6,19.8,4.8
2016/5/31,楚天激光集团股份有限公司,1000,6.2,110,0,30,50,30
2016/5/31,楚天激光集团股份有限公司,100,5.2,0,0,0,0,0
2016/5/31,楚天激光集团股份有限公司,60,5.2,32.4,0,11.4,18,3
2016/6/1,楚天激光集团股份有限公司,1000,6.2,110,0,30,60,20
2016/6/1,楚天激光集团股份有限公司,100,5.2,0,0,0,0,0
2016/6/1,楚天激光集团股份有限公司,60,5.2,58.2,0,15,40.2,3
2016/6/2,楚天激光集团股份有限公司,1000,6.2,90,0,20,40,20
2016/6/2,楚天激光集团股份有限公司,100,5.2,0,0,0,0,0
2016/6/2,楚天激光集团股份有限公司,60,5.2,31.8,0,10.8,19.2,1.8
2016/6/3,楚天激光集团股份有限公司,1000,6.2,100,0,30,50,20
2016/6/3,楚天激光集团股份有限公司,100,5.2,0,0,0,0,0
2016/6/3,楚天激光集团股份有限公司,60,5.2,39,0,13.2,22.8,3
2016/6/4,楚天激光集团股份有限公司,1000,6.2,90,0,30,40,30
2016/6/4,楚天激光集团股份有限公司,100,5.2,0,0,0,0,0
2016/6/4,楚天激光集团股份有限公司,60,5.2,39,0,13.8,21.6,3.6
2016/6/5,楚天激光集团股份有限公司,1000,6.2,110,0,30,50,20
2016/6/5,楚天激光集团股份有限公司,100,5.2,0,0,0,0,0
2016/6/5,楚天激光集团股份有限公司,60,5.2,46.8,0,16.2,26.4,4.2
2016/6/6,楚天激光集团股份有限公司,1000,6.2,100,0,30,50,20
2016/6/6,楚天激光集团股份有限公司,100,5.2,0,0,0,0,0
2016/6/6,楚天激光集团股份有限公司,60,5.2,43.8,0,15,24.6,4.2
2016/6/7,楚天激光集团股份有限公司,1000,6.2,100,0,30,50,30
2016/6/7,楚天激光集团股份有限公司,100,5.2,0,0,0,0,0
2016/6/7,楚天激光集团股份有限公司,60,5.2,42,0,14.4,24.6,3
2016/6/8,楚天激光集团股份有限公司,1000,6.2,100,0,30,40,20
2016/6/8,楚天激光集团股份有限公司,100,5.2,0,0,0,0,0
2016/6/8,楚天激光集团股份有限公司,60,5.2,46.2,0,16.2,25.8,4.2
2016/6/9,楚天激光集团股份有限公司,1000,6.2,110,0,30,60,30
2016/6/9,楚天激光集团股份有限公司,100,5.2,0,0,0,0,0
2016/6/9,楚天激光集团股份有限公司,60,5.2,49.2,0,16.8,27.6,4.8
2016/6/10,楚天激光集团股份有限公司,1000,6.2,90,0,20,40,20
2016/6/10,楚天激光集团股份有限公司,100,5.2,0,0,0,0,0
2016/6/10,楚天激光集团股份有限公司,60,5.2,45,0,15,25.8,4.2
2016/6/11,楚天激光集团股份有限公司,1000,6.2,100,0,30,50,20
2016/6/11,楚天激光集团股份有限公司,100,5.2,0,0,0,0,0
2016/6/11,楚天激光集团股份有限公司,60,5.2,47.4,0,16.2,26.4,4.8
2016/6/12,楚天激光集团股份有限公司,1000,6.2,110,0,40,50,30
2016/6/12,楚天激光集团股份有限公司,100,5.2,0,0,0,0,0
2016/6/12,楚天激光集团股份有限公司,60,5.2,48.6,0,17.4,25.8,5.4
2016/6/13,楚天激光集团股份有限公司,1000,6.2,120,0,30,60,20
2016/6/13,楚天激光集团股份有限公司,100,5.2,0,0,0,0,0
2016/6/13,楚天激光集团股份有限公司,60,5.2,49.8,0,16.8,27.6,5.4
2016/6/14,楚天激光集团股份有限公司,1000,6.2,120,0,40,50,30
2016/6/14,楚天激光集团股份有限公司,100,5.2,0,0,0,0,0
2016/6/14,楚天激光集团股份有限公司,60,5.2,55.8,0,19.2,31.2,5.4
2016/6/15,楚天激光集团股份有限公司,1000,6.2,130,0,40,60,20
2016/6/15,楚天激光集团股份有限公司,100,5.2,0,0,0,0,0
2016/6/15,楚天激光集团股份有限公司,60,5.2,54.6,0,17.4,32.4,4.8
2016/6/16,楚天激光集团股份有限公司,1000,6.2,110,0,40,60,30
2016/6/16,楚天激光集团股份有限公司,100,5.2,0,0,0,0,0
2016/6/16,楚天激光集团股份有限公司,60,5.2,48,0,16.2,26.4,5.4
2016/6/17,楚天激光集团股份有限公司,1000,6.2,160,0,50,70,30
2016/6/17,楚天激光集团股份有限公司,100,5.2,0,0,0,0,0
2016/6/17,楚天激光集团股份有限公司,60,5.2,64.2,0,23.4,36,4.8
2016/6/18,楚天激光集团股份有限公司,1000,6.2,150,0,50,70,30
2016/6/18,楚天激光集团股份有限公司,100,5.2,0,0,0,0,0
2016/6/18,楚天激光集团股份有限公司,60,5.2,66.6,0,22.8,37.8,6
2016/6/19,楚天激光集团股份有限公司,1000,6.2,170,0,40,90,40
2016/6/19,楚天激光集团股份有限公司,100,5.2,0,0,0,0,0
2016/6/19,楚天激光集团股份有限公司,60,5.2,73.2,0,19.2,46.2,7.8
2016/6/20,楚天激光集团股份有限公司,1000,6.2,170,0,60,80,30
2016/6/20,楚天激光集团股份有限公司,100,5.2,0,0,0,0,0
2016/6/20,楚天激光集团股份有限公司,60,5.2,63,0,20.4,35.4,7.2
2016/6/21,楚天激光集团股份有限公司,1000,6.2,280,0,90,140,50
2016/6/21,楚天激光集团股份有限公司,100,5.2,0,0,0,0,0
2016/6/21,楚天激光集团股份有限公司,60,5.2,81.6,0,28.2,42,11.4
2016/6/22,楚天激光集团股份有限公司,1000,6.2,350,0,110,180,60
2016/6/22,楚天激光集团股份有限公司,100,5.2,0,0,0,0,0
2016/6/22,楚天激光集团股份有限公司,60,5.2,125.4,0,38.4,67.2,19.8
2016/6/23,楚天激光集团股份有限公司,1000,6.2,320,0,70,170,70
2016/6/23,楚天激光集团股份有限公司,100,5.2,0,0,0,0,0
2016/6/23,楚天激光集团股份有限公司,60,5.2,92.4,0,20.4,52.2,19.8
2016/6/24,楚天激光集团股份有限公司,1000,6.2,450,0,130,280,50
2016/6/24,楚天激光集团股份有限公司,100,5.2,0,0,0,0,0
2016/6/24,楚天激光集团股份有限公司,60,5.2,108.6,0,33.6,63.6,11.4
2016/6/25,楚天激光集团股份有限公司,1000,6.2,510,0,130,300,80
2016/6/25,楚天激光集团股份有限公司,100,5.2,0,0,0,0,0
2016/6/25,楚天激光集团股份有限公司,60,5.2,112.2,0,33.6,60,18.6
2016/6/26,楚天激光集团股份有限公司,1000,6.2,330,0,110,140,80
2016/6/26,楚天激光集团股份有限公司,100,5.2,0,0,0,0,0
2016/6/26,楚天激光集团股份有限公司,60,5.2,147,0,40.8,78,28.2
2016/6/27,楚天激光集团股份有限公司,1000,6.2,340,0,100,190,60
2016/6/27,楚天激光集团股份有限公司,100,5.2,0,0,0,0,0
2016/6/27,楚天激光集团股份有限公司,60,5.2,137.4,0,39.6,67.8,30
2016/6/28,楚天激光集团股份有限公司,1000,6.2,400,0,130,200,60
2016/6/28,楚天激光集团股份有限公司,100,5.2,0,0,0,0,0
2016/6/28,楚天激光集团股份有限公司,60,5.2,140.4,0,39.6,70.8,30
2016/6/29,楚天激光集团股份有限公司,1000,6.2,380,0,120,190,70
2016/6/29,楚天激光集团股份有限公司,100,5.2,0,0,0,0,0
2016/6/29,楚天激光集团股份有限公司,60,5.2,141.6,0,39.6,73.2,28.8
2016/6/30,楚天激光集团股份有限公司,1000,6.2,460,0,140,220,100
2016/6/30,楚天激光集团股份有限公司,100,5.2,0,0,0,0,0
2016/6/30,楚天激光集团股份有限公司,60,5.2,142.8,0,40.8,73.2,28.8
2016/7/1,楚天激光集团股份有限公司,1000,6.2,380,0,160,160,60
2016/7/1,楚天激光集团股份有限公司,100,5.2,0,0,0,0,0
2016/7/1,楚天激光集团股份有限公司,60,5.2,123.6,0,37.2,61.2,25.2
2016/7/2,楚天激光集团股份有限公司,1000,6.2,450,0,120,240,90
2016/7/2,楚天激光集团股份有限公司,100,5.2,0,0,0,0,0
2016/7/2,楚天激光集团股份有限公司,60,5.2,121.2,0,36.6,58.8,25.8
2016/7/3,楚天激光集团股份有限公司,1000,6.2,550,0,170,280,90
2016/7/3,楚天激光集团股份有限公司,100,5.2,0,0,0,0,0
2016/7/3,楚天激光集团股份有限公司,60,5.2,133.8,0,41.4,67.8,24.6
2016/7/4,楚天激光集团股份有限公司,1000,6.2,560,0,160,290,120
2016/7/4,楚天激光集团股份有限公司,100,5.2,0,0,0,0,0
2016/7/4,楚天激光集团股份有限公司,60,5.2,146.4,0,42,75.6,28.8
2016/7/5,楚天激光集团股份有限公司,1000,6.2,570,0,160,300,110
2016/7/5,楚天激光集团股份有限公司,100,5.2,0,0,0,0,0
2016/7/5,楚天激光集团股份有限公司,60,5.2,141,0,43.2,72,25.8
2016/7/6,楚天激光集团股份有限公司,1000,6.2,520,0,140,280,100
2016/7/6,楚天激光集团股份有限公司,100,5.2,0,0,0,0,0
2016/7/6,楚天激光集团股份有限公司,60,5.2,120.6,0,34.2,60,26.4
2016/7/7,楚天激光集团股份有限公司,1000,6.2,470,0,120,240,100
2016/7/7,楚天激光集团股份有限公司,100,5.2,0,0,0,0,0
2016/7/7,楚天激光集团股份有限公司,60,5.2,121.2,0,40.2,59.4,21.6
2016/7/8,楚天激光集团股份有限公司,1000,6.2,510,0,150,240,130
2016/7/8,楚天激光集团股份有限公司,100,5.2,0,0,0,0,0
2016/7/8,楚天激光集团股份有限公司,60,5.2,191.4,0,58.2,100.8,31.8
2016/7/9,楚天激光集团股份有限公司,1000,6.2,370,0,110,180,90
2016/7/9,楚天激光集团股份有限公司,100,5.2,0,0,0,0,0
2016/7/9,楚天激光集团股份有限公司,60,5.2,204.6,0,58.2,103.8,43.2
2016/7/10,楚天激光集团股份有限公司,1000,6.2,560,0,180,280,90
2016/7/10,楚天激光集团股份有限公司,100,5.2,0,0,0,0,0
2016/7/10,楚天激光集团股份有限公司,60,5.2,209.4,0,54.6,98.4,56.4
2016/7/11,楚天激光集团股份有限公司,1000,6.2,370,0,110,170,90
2016/7/11,楚天激光集团股份有限公司,100,5.2,0,0,0,0,0
2016/7/11,楚天激光集团股份有限公司,60,5.2,202.8,0,57.6,99.6,45.6
2016/7/12,楚天激光集团股份有限公司,1000,6.2,570,0,150,310,110
2016/7/12,楚天激光集团股份有限公司,100,5.2,0,0,0,0,0
2016/7/12,楚天激光集团股份有限公司,60,5.2,222.6,0,64.2,108,50.4
2016/7/13,楚天激光集团股份有限公司,1000,6.2,500,0,140,230,130
2016/7/13,楚天激光集团股份有限公司,100,5.2,0,0,0,0,0
2016/7/13,楚天激光集团股份有限公司,60,5.2,238.8,0,69.6,115.2,54
2016/7/14,楚天激光集团股份有限公司,1000,6.2,670,0,180,330,160
2016/7/14,楚天激光集团股份有限公司,100,5.2,0,0,0,0,0
2016/7/14,楚天激光集团股份有限公司,60,5.2,230.4,0,64.8,114,51.6
2016/7/15,楚天激光集团股份有限公司,1000,6.2,420,0,120,190,110
2016/7/15,楚天激光集团股份有限公司,100,5.2,0,0,0,0,0
2016/7/15,楚天激光集团股份有限公司,60,5.2,211.8,0,58.8,97.8,55.2
2016/7/16,楚天激光集团股份有限公司,1000,6.2,360,0,110,170,90
2016/7/16,楚天激光集团股份有限公司,100,5.2,0,0,0,0,0
2016/7/16,楚天激光集团股份有限公司,60,5.2,178.8,0,58.2,87.6,33
2016/7/17,楚天激光集团股份有限公司,1000,6.2,580,0,180,320,70
2016/7/17,楚天激光集团股份有限公司,100,5.2,0,0,0,0,0
2016/7/17,楚天激光集团股份有限公司,60,5.2,178.8,0,55.8,93.6,29.4
2016/7/18,楚天激光集团股份有限公司,1000,6.2,590,0,180,290,120
2016/7/18,楚天激光集团股份有限公司,100,5.2,0,0,0,0,0
2016/7/18,楚天激光集团股份有限公司,60,5.2,184.2,0,57.6,90.6,36
2016/7/19,楚天激光集团股份有限公司,1000,6.2,360,0,120,160,80
2016/7/19,楚天激光集团股份有限公司,100,5.2,0,0,0,0,0
2016/7/19,楚天激光集团股份有限公司,60,5.2,178.2,0,55.2,89.4,33.6
2016/7/20,楚天激光集团股份有限公司,1000,6.2,520,0,180,230,110
2016/7/20,楚天激光集团股份有限公司,100,5.2,0,0,0,0,0
2016/7/20,楚天激光集团股份有限公司,60,5.2,135.6,0,40.2,62.4,33
2016/7/21,楚天激光集团股份有限公司,1000,6.2,720,0,260,350,110
2016/7/21,楚天激光集团股份有限公司,100,5.2,0,0,0,0,0
2016/7/21,楚天激光集团股份有限公司,60,5.2,165.6,0,57.6,85.2,22.8
2016/7/22,楚天激光集团股份有限公司,1000,6.2,480,0,120,250,110
2016/7/22,楚天激光集团股份有限公司,100,5.2,0,0,0,0,0
2016/7/22,楚天激光集团股份有限公司,60,5.2,113.4,0,21,42.6,49.8
2016/7/23,楚天激光集团股份有限公司,1000,6.2,440,0,140,200,90
2016/7/23,楚天激光集团股份有限公司,100,5.2,0,0,0,0,0
2016/7/23,楚天激光集团股份有限公司,60,5.2,196.2,0,66.6,106.2,23.4
2016/7/24,楚天激光集团股份有限公司,1000,6.2,480,0,150,210,130
2016/7/24,楚天激光集团股份有限公司,100,5.2,0,0,0,0,0
2016/7/24,楚天激光集团股份有限公司,60,5.2,215.4,0,63,100.2,52.2
2016/7/25,楚天激光集团股份有限公司,1000,6.2,520,0,150,220,150
2016/7/25,楚天激光集团股份有限公司,100,5.2,0,0,0,0,0
2016/7/25,楚天激光集团股份有限公司,60,5.2,220.8,0,64.2,100.2,56.4
2016/7/26,楚天激光集团股份有限公司,1000,6.2,550,0,160,250,150
2016/7/26,楚天激光集团股份有限公司,100,5.2,0,0,0,0,0
2016/7/26,楚天激光集团股份有限公司,60,5.2,225,0,63.6,100.2,61.2
2016/7/27,楚天激光集团股份有限公司,1000,6.2,590,0,170,250,160
2016/7/27,楚天激光集团股份有限公司,100,5.2,0,0,0,0,0
2016/7/27,楚天激光集团股份有限公司,60,5.2,261,0,73.2,120,67.8
2016/7/28,楚天激光集团股份有限公司,1000,6.2,590,0,170,260,170
2016/7/28,楚天激光集团股份有限公司,100,5.2,0,0,0,0,0
2016/7/28,楚天激光集团股份有限公司,60,5.2,267.6,0,75,116.4,76.2
2016/7/29,楚天激光集团股份有限公司,1000,6.2,610,0,170,270,170
2016/7/29,楚天激光集团股份有限公司,100,5.2,0,0,0,0,0
2016/7/29,楚天激光集团股份有限公司,60,5.2,257.4,0,75.6,112.2,69.6
2016/7/30,楚天激光集团股份有限公司,1000,6.2,690,0,190,330,170
2016/7/30,楚天激光集团股份有限公司,100,5.2,0,0,0,0,0
2016/7/30,楚天激光集团股份有限公司,60,5.2,252.6,0,67.2,111,74.4
2016/7/31,楚天激光集团股份有限公司,1000,6.2,730,0,190,350,180
2016/7/31,楚天激光集团股份有限公司,100,5.2,0,0,0,0,0
2016/7/31,楚天激光集团股份有限公司,60,5.2,261.6,0,70.2,118.8,72.6
2016/8/1,楚天激光集团股份有限公司,1000,6.2,590,0,160,250,190
2016/8/1,楚天激光集团股份有限公司,100,5.2,0,0,0,0,0
2016/8/1,楚天激光集团股份有限公司,60,5.2,249,0,69,114.6,65.4
2016/8/2,楚天激光集团股份有限公司,1000,6.2,520,0,140,230,150
2016/8/2,楚天激光集团股份有限公司,100,5.2,0,0,0,0,0
2016/8/2,楚天激光集团股份有限公司,60,5.2,246.6,0,67.8,111,67.8
2016/8/3,楚天激光集团股份有限公司,1000,6.2,470,0,130,210,120
2016/8/3,楚天激光集团股份有限公司,100,5.2,0,0,0,0,0
2016/8/3,楚天激光集团股份有限公司,60,5.2,220.2,0,65.4,98.4,56.4
2016/8/4,楚天激光集团股份有限公司,1000,6.2,470,0,140,210,120
2016/8/4,楚天激光集团股份有限公司,100,5.2,0,0,0,0,0
2016/8/4,楚天激光集团股份有限公司,60,5.2,232.8,0,64.8,109.8,58.2
2016/8/5,楚天激光集团股份有限公司,1000,6.2,470,0,130,230,110
2016/8/5,楚天激光集团股份有限公司,100,5.2,0,0,0,0,0
2016/8/5,楚天激光集团股份有限公司,60,5.2,229.8,0,64.8,114,51
2016/8/6,楚天激光集团股份有限公司,1000,6.2,450,0,150,210,90
2016/8/6,楚天激光集团股份有限公司,100,5.2,0,0,0,0,0
2016/8/6,楚天激光集团股份有限公司,60,5.2,233.4,0,74.4,109.8,49.2
2016/8/7,楚天激光集团股份有限公司,1000,6.2,470,0,150,230,90
2016/8/7,楚天激光集团股份有限公司,100,5.2,0,0,0,0,0
2016/8/7,楚天激光集团股份有限公司,60,5.2,233.4,0,66.6,114.6,52.2
2016/8/8,楚天激光集团股份有限公司,1000,6.2,510,0,120,270,110
2016/8/8,楚天激光集团股份有限公司,100,5.2,0,0,0,0,0
2016/8/8,楚天激光集团股份有限公司,60,5.2,217.2,0,56.4,110.4,50.4
2016/8/9,楚天激光集团股份有限公司,1000,6.2,550,0,160,290,110
2016/8/9,楚天激光集团股份有限公司,100,5.2,0,0,0,0,0
2016/8/9,楚天激光集团股份有限公司,60,5.2,256.2,0,79.8,125.4,51
2016/8/10,楚天激光集团股份有限公司,1000,6.2,600,0,170,300,130
2016/8/10,楚天激光集团股份有限公司,100,5.2,0,0,0,0,0
2016/8/10,楚天激光集团股份有限公司,60,5.2,256.8,0,70.2,124.8,61.8
2016/8/11,楚天激光集团股份有限公司,1000,6.2,600,0,150,320,130
2016/8/11,楚天激光集团股份有限公司,100,5.2,0,0,0,0,0
2016/8/11,楚天激光集团股份有限公司,60,5.2,256.8,0,68.4,121.2,67.2
2016/8/12,楚天激光集团股份有限公司,1000,6.2,580,0,150,270,160
2016/8/12,楚天激光集团股份有限公司,100,5.2,0,0,0,0,0
2016/8/12,楚天激光集团股份有限公司,60,5.2,261,0,74.4,118.8,67.8
2016/8/13,楚天激光集团股份有限公司,1000,6.2,650,0,180,340,140
2016/8/13,楚天激光集团股份有限公司,100,5.2,0,0,0,0,0
2016/8/13,楚天激光集团股份有限公司,60,5.2,274.2,0,75,126.6,72.6
2016/8/14,楚天激光集团股份有限公司,1000,6.2,660,0,190,330,130
2016/8/14,楚天激光集团股份有限公司,100,5.2,0,0,0,0,0
2016/8/14,楚天激光集团股份有限公司,60,5.2,269.4,0,73.2,126,70.2
2016/8/15,楚天激光集团股份有限公司,1000,6.2,620,0,150,310,160
2016/8/15,楚天激光集团股份有限公司,100,5.2,0,0,0,0,0
2016/8/15,楚天激光集团股份有限公司,60,5.2,267,0,72,125.4,69.6
2016/8/16,楚天激光集团股份有限公司,1000,6.2,520,0,140,240,140
2016/8/16,楚天激光集团股份有限公司,100,5.2,0,0,0,0,0
2016/8/16,楚天激光集团股份有限公司,60,5.2,241.2,0,65.4,116.4,59.4
2016/8/17,楚天激光集团股份有限公司,1000,6.2,510,0,140,240,130
2016/8/17,楚天激光集团股份有限公司,100,5.2,0,0,0,0,0
2016/8/17,楚天激光集团股份有限公司,60,5.2,247.8,0,73.2,117,57.6
2016/8/18,楚天激光集团股份有限公司,1000,6.2,510,0,140,240,130
2016/8/18,楚天激光集团股份有限公司,100,5.2,0,0,0,0,0
2016/8/18,楚天激光集团股份有限公司,60,5.2,243.6,0,66.6,113.4,63.6
2016/8/19,楚天激光集团股份有限公司,1000,6.2,620,0,190,300,130
2016/8/19,楚天激光集团股份有限公司,100,5.2,0,0,0,0,0
2016/8/19,楚天激光集团股份有限公司,60,5.2,223.2,0,67.8,96.6,58.8
2016/8/20,楚天激光集团股份有限公司,1000,6.2,560,0,150,260,150
2016/8/20,楚天激光集团股份有限公司,100,5.2,0,0,0,0,0
2016/8/20,楚天激光集团股份有限公司,60,5.2,203.4,0,57.6,86.4,59.4
2016/8/21,楚天激光集团股份有限公司,1000,6.2,530,0,160,260,110
2016/8/21,楚天激光集团股份有限公司,100,5.2,0,0,0,0,0
2016/8/21,楚天激光集团股份有限公司,60,5.2,177.6,0,48.6,82.2,46.8
2016/8/22,楚天激光集团股份有限公司,1000,6.2,490,0,140,250,110
2016/8/22,楚天激光集团股份有限公司,100,5.2,0,0,0,0,0
2016/8/22,楚天激光集团股份有限公司,60,5.2,170.4,0,54,79.8,36.6
2016/8/23,楚天激光集团股份有限公司,1000,6.2,440,0,120,200,120
2016/8/23,楚天激光集团股份有限公司,100,5.2,0,0,0,0,0
2016/8/23,楚天激光集团股份有限公司,60,5.2,142.8,0,40.8,60,42
2016/8/24,楚天激光集团股份有限公司,1000,6.2,500,0,140,230,120
2016/8/24,楚天激光集团股份有限公司,100,5.2,0,0,0,0,0
2016/8/24,楚天激光集团股份有限公司,60,5.2,206.4,0,60.6,91.2,54.6
2016/8/25,楚天激光集团股份有限公司,1000,6.2,530,0,150,250,140
2016/8/25,楚天激光集团股份有限公司,100,5.2,0,0,0,0,0
2016/8/25,楚天激光集团股份有限公司,60,5.2,231,0,63,105,63
2016/8/26,楚天激光集团股份有限公司,1000,6.2,420,0,110,210,100
2016/8/26,楚天激光集团股份有限公司,100,5.2,0,0,0,0,0
2016/8/26,楚天激光集团股份有限公司,60,5.2,171.6,0,41.4,79.2,51
2016/8/27,楚天激光集团股份有限公司,1000,6.2,330,0,90,160,80
2016/8/27,楚天激光集团股份有限公司,100,5.2,0,0,0,0,0
2016/8/27,楚天激光集团股份有限公司,60,5.2,139.8,0,36.6,66.6,36.6
2016/8/28,楚天激光集团股份有限公司,1000,6.2,390,0,110,200,70
2016/8/28,楚天激光集团股份有限公司,100,5.2,0,0,0,0,0
2016/8/28,楚天激光集团股份有限公司,60,5.2,113.4,0,31.2,60.6,21.6
2016/8/29,楚天激光集团股份有限公司,1000,6.2,320,0,90,160,70
2016/8/29,楚天激光集团股份有限公司,100,5.2,0,0,0,0,0
2016/8/29,楚天激光集团股份有限公司,60,5.2,100.8,0,29.4,48,23.4
2016/8/30,楚天激光集团股份有限公司,1000,6.2,280,0,100,130,50
2016/8/30,楚天激光集团股份有限公司,100,5.2,0,0,0,0,0
2016/8/30,楚天激光集团股份有限公司,60,5.2,94.2,0,30.6,49.2,14.4
2016/8/31,楚天激光集团股份有限公司,1000,6.2,260,0,80,130,40
2016/8/31,楚天激光集团股份有限公司,100,5.2,0,0,0,0,0
2016/8/31,楚天激光集团股份有限公司,60,5.2,111,0,32.4,60,18.6
2016/9/1,楚天激光集团股份有限公司,1000,6.2,310,0,110,160,50
2016/9/1,楚天激光集团股份有限公司,100,5.2,0,0,0,0,0
2016/9/1,楚天激光集团股份有限公司,60,5.2,102,0,31.2,53.4,17.4
2016/9/2,楚天激光集团股份有限公司,1000,6.2,320,0,100,180,50
2016/9/2,楚天激光集团股份有限公司,100,5.2,0,0,0,0,0
2016/9/2,楚天激光集团股份有限公司,60,5.2,98.4,0,30,52.8,15.6
2016/9/3,楚天激光集团股份有限公司,1000,6.2,370,0,120,180,70
2016/9/3,楚天激光集团股份有限公司,100,5.2,0,0,0,0,0
2016/9/3,楚天激光集团股份有限公司,60,5.2,96,0,31.2,49.2,15.6
2016/9/4,楚天激光集团股份有限公司,1000,6.2,330,0,110,150,60
2016/9/4,楚天激光集团股份有限公司,100,5.2,0,0,0,0,0
2016/9/4,楚天激光集团股份有限公司,60,5.2,80.4,0,27,43.2,10.2
2016/9/5,楚天激光集团股份有限公司,1000,6.2,300,0,100,150,50
2016/9/5,楚天激光集团股份有限公司,100,5.2,0,0,0,0,0
2016/9/5,楚天激光集团股份有限公司,60,5.2,88.2,0,27,49.2,12
2016/9/6,楚天激光集团股份有限公司,1000,6.2,290,0,80,140,70
2016/9/6,楚天激光集团股份有限公司,100,5.2,0,0,0,0,0
2016/9/6,楚天激光集团股份有限公司,60,5.2,84,0,26.4,45.6,12
2016/9/7,楚天激光集团股份有限公司,1000,6.2,300,0,100,140,50
2016/9/7,楚天激光集团股份有限公司,100,5.2,0,0,0,0,0
2016/9/7,楚天激光集团股份有限公司,60,5.2,81,0,25.8,43.8,11.4
2016/9/8,楚天激光集团股份有限公司,1000,6.2,380,0,120,220,50
2016/9/8,楚天激光集团股份有限公司,100,5.2,0,0,0,0,0
2016/9/8,楚天激光集团股份有限公司,60,5.2,78.6,0,25.2,43.2,10.2
2016/9/9,楚天激光集团股份有限公司,1000,6.2,380,0,110,200,70
2016/9/9,楚天激光集团股份有限公司,100,5.2,0,0,0,0,0
2016/9/9,楚天激光集团股份有限公司,60,5.2,47.4,0,14.4,24.6,8.4
2016/9/10,楚天激光集团股份有限公司,1000,6.2,370,0,120,190,50
2016/9/10,楚天激光集团股份有限公司,100,5.2,0,0,0,0,0
2016/9/10,楚天激光集团股份有限公司,60,5.2,47.4,0,18,24,5.4
2016/9/11,楚天激光集团股份有限公司,1000,6.2,380,0,120,200,60
2016/9/11,楚天激光集团股份有限公司,100,5.2,0,0,0,0,0
2016/9/11,楚天激光集团股份有限公司,60,5.2,70.8,0,23.4,37.8,9.6
2016/9/12,楚天激光集团股份有限公司,1000,6.2,340,0,120,170,60
2016/9/12,楚天激光集团股份有限公司,100,5.2,0,0,0,0,0
2016/9/12,楚天激光集团股份有限公司,60,5.2,67.2,0,21.6,34.2,11.4
2016/9/13,楚天激光集团股份有限公司,1000,6.2,340,0,90,160,80
2016/9/13,楚天激光集团股份有限公司,100,5.2,0,0,0,0,0
2016/9/13,楚天激光集团股份有限公司,60,5.2,84.6,0,25.8,47.4,11.4
2016/9/14,楚天激光集团股份有限公司,1000,6.2,280,0,90,150,50
2016/9/14,楚天激光集团股份有限公司,100,5.2,0,0,0,0,0
2016/9/14,楚天激光集团股份有限公司,60,5.2,76.8,0,23.4,42,11.4
2016/9/15,楚天激光集团股份有限公司,1000,6.2,310,0,80,170,60
2016/9/15,楚天激光集团股份有限公司,100,5.2,0,0,0,0,0
2016/9/15,楚天激光集团股份有限公司,60,5.2,64.2,0,18.6,36,9.6
2016/9/16,楚天激光集团股份有限公司,1000,6.2,320,0,110,150,60
2016/9/16,楚天激光集团股份有限公司,100,5.2,0,0,0,0,0
2016/9/16,楚天激光集团股份有限公司,60,5.2,73.2,0,22.8,40.2,10.2
2016/9/17,楚天激光集团股份有限公司,1000,6.2,310,0,100,170,50
2016/9/17,楚天激光集团股份有限公司,100,5.2,0,0,0,0,0
2016/9/17,楚天激光集团股份有限公司,60,5.2,78,0,24,43.2,10.8
2016/9/18,楚天激光集团股份有限公司,1000,6.2,280,0,90,130,50
2016/9/18,楚天激光集团股份有限公司,100,5.2,0,0,0,0,0
2016/9/18,楚天激光集团股份有限公司,60,5.2,79.8,0,24.6,43.8,11.4
2016/9/19,楚天激光集团股份有限公司,1000,6.2,320,0,100,170,50
2016/9/19,楚天激光集团股份有限公司,100,5.2,0,0,0,0,0
2016/9/19,楚天激光集团股份有限公司,60,5.2,75,0,21.6,42,11.4
2016/9/20,楚天激光集团股份有限公司,1000,6.2,300,0,110,160,40
2016/9/20,楚天激光集团股份有限公司,100,5.2,0,0,0,0,0
2016/9/20,楚天激光集团股份有限公司,60,5.2,81,0,23.4,45.6,12
2016/9/21,楚天激光集团股份有限公司,1000,6.2,310,0,90,160,50
2016/9/21,楚天激光集团股份有限公司,100,5.2,0,0,0,0,0
2016/9/21,楚天激光集团股份有限公司,60,5.2,82.8,0,25.2,45.6,12
2016/9/22,楚天激光集团股份有限公司,1000,6.2,280,0,100,150,40
2016/9/22,楚天激光集团股份有限公司,100,5.2,0,0,0,0,0
2016/9/22,楚天激光集团股份有限公司,60,5.2,83.4,0,25.8,45.6,12
2016/9/23,楚天激光集团股份有限公司,1000,6.2,270,0,80,140,40
2016/9/23,楚天激光集团股份有限公司,100,5.2,0,0,0,0,0
2016/9/23,楚天激光集团股份有限公司,60,5.2,67.8,0,23.4,35.4,9
2016/9/24,楚天激光集团股份有限公司,1000,6.2,260,0,100,140,30
2016/9/24,楚天激光集团股份有限公司,100,5.2,0,0,0,0,0
2016/9/24,楚天激光集团股份有限公司,60,5.2,74.4,0,24,41.4,9
2016/9/25,楚天激光集团股份有限公司,1000,6.2,270,0,90,130,50
2016/9/25,楚天激光集团股份有限公司,100,5.2,0,0,0,0,0
2016/9/25,楚天激光集团股份有限公司,60,5.2,80.4,0,24.6,43.8,12
2016/9/26,楚天激光集团股份有限公司,1000,6.2,270,0,80,140,40
2016/9/26,楚天激光集团股份有限公司,100,5.2,0,0,0,0,0
2016/9/26,楚天激光集团股份有限公司,60,5.2,76.8,0,24.6,40.8,11.4
2016/9/27,楚天激光集团股份有限公司,1000,6.2,290,0,100,150,40
2016/9/27,楚天激光集团股份有限公司,100,5.2,0,0,0,0,0
2016/9/27,楚天激光集团股份有限公司,60,5.2,82.2,0,25.2,45.6,11.4
2016/9/28,楚天激光集团股份有限公司,1000,6.2,300,0,110,140,50
2016/9/28,楚天激光集团股份有限公司,100,5.2,0,0,0,0,0
2016/9/28,楚天激光集团股份有限公司,60,5.2,81,0,24,45,12
2016/9/29,楚天激光集团股份有限公司,1000,6.2,370,0,110,200,60
2016/9/29,楚天激光集团股份有限公司,100,5.2,0,0,0,0,0
2016/9/29,楚天激光集团股份有限公司,60,5.2,76.8,0,24,41.4,11.4
2016/9/30,楚天激光集团股份有限公司,1000,6.2,370,0,100,190,70
2016/9/30,楚天激光集团股份有限公司,100,5.2,0,0,0,0,0
2016/9/30,楚天激光集团股份有限公司,60,5.2,70.2,0,21.6,39,9.6
2016/10/1,楚天激光集团股份有限公司,1000,6.2,230,0,80,110,50
2016/10/1,楚天激光集团股份有限公司,100,5.2,0,0,0,0,0
2016/10/1,楚天激光集团股份有限公司,60,5.2,60,0,18.6,33,8.4
2016/10/2,楚天激光集团股份有限公司,1000,6.2,300,0,70,180,50
2016/10/2,楚天激光集团股份有限公司,100,5.2,0,0,0,0,0
2016/10/2,楚天激光集团股份有限公司,60,5.2,63.6,0,19.2,36.6,7.8
2016/10/3,楚天激光集团股份有限公司,1000,6.2,340,0,80,190,70
2016/10/3,楚天激光集团股份有限公司,100,5.2,0,0,0,0,0
2016/10/3,楚天激光集团股份有限公司,60,5.2,72.6,0,24,40.2,8.4
2016/10/4,楚天激光集团股份有限公司,1000,6.2,380,0,120,210,60
2016/10/4,楚天激光集团股份有限公司,100,5.2,0,0,0,0,0
2016/10/4,楚天激光集团股份有限公司,60,5.2,75.6,0,23.4,42.6,9.6
2016/10/5,楚天激光集团股份有限公司,1000,6.2,420,0,100,240,70
2016/10/5,楚天激光集团股份有限公司,100,5.2,0,0,0,0,0
2016/10/5,楚天激光集团股份有限公司,60,5.2,72.6,0,23.4,40.2,9
2016/10/6,楚天激光集团股份有限公司,1000,6.2,320,0,100,180,40
2016/10/6,楚天激光集团股份有限公司,100,5.2,0,0,0,0,0
2016/10/6,楚天激光集团股份有限公司,60,5.2,70.8,0,22.8,39.6,8.4
2016/10/7,楚天激光集团股份有限公司,1000,6.2,350,0,120,180,50
2016/10/7,楚天激光集团股份有限公司,100,5.2,0,0,0,0,0
2016/10/7,楚天激光集团股份有限公司,60,5.2,72,0,21.6,41.4,9
2016/10/8,楚天激光集团股份有限公司,1000,6.2,390,0,150,180,70
2016/10/8,楚天激光集团股份有限公司,100,5.2,0,0,0,0,0
2016/10/8,楚天激光集团股份有限公司,60,5.2,76.8,0,24,42,10.8
2016/10/9,楚天激光集团股份有限公司,1000,6.2,410,0,130,190,80
2016/10/9,楚天激光集团股份有限公司,100,5.2,0,0,0,0,0
2016/10/9,楚天激光集团股份有限公司,60,5.2,81,0,27,42.6,11.4
2016/10/10,楚天激光集团股份有限公司,1000,6.2,400,0,150,180,80
2016/10/10,楚天激光集团股份有限公司,100,5.2,0,0,0,0,0
2016/10/10,楚天激光集团股份有限公司,60,5.2,82.8,0,25.8,44.4,12.6
2016/10/11,楚天激光集团股份有限公司,1000,6.2,440,0,140,210,80
2016/10/11,楚天激光集团股份有限公司,100,5.2,0,0,0,0,0
2016/10/11,楚天激光集团股份有限公司,60,5.2,81.6,0,24.6,45,12
2016/10/12,楚天激光集团股份有限公司,1000,6.2,440,0,130,220,90
2016/10/12,楚天激光集团股份有限公司,100,5.2,0,0,0,0,0
2016/10/12,楚天激光集团股份有限公司,60,5.2,72,0,21,42,9
2016/10/13,楚天激光集团股份有限公司,1000,6.2,410,0,120,210,70
2016/10/13,楚天激光集团股份有限公司,100,5.2,0,0,0,0,0
2016/10/13,楚天激光集团股份有限公司,60,5.2,67.8,0,20.4,39,8.4
2016/10/14,楚天激光集团股份有限公司,1000,6.2,420,0,140,210,90
2016/10/14,楚天激光集团股份有限公司,100,5.2,0,0,0,0,0
2016/10/14,楚天激光集团股份有限公司,60,5.2,54.6,0,21,27,6.6
2016/10/15,楚天激光集团股份有限公司,1000,6.2,490,0,180,230,70
2016/10/15,楚天激光集团股份有限公司,100,5.2,0,0,0,0,0
2016/10/15,楚天激光集团股份有限公司,60,5.2,54.6,0,16.2,28.8,9.6
2016/10/16,楚天激光集团股份有限公司,1000,6.2,390,0,120,200,70
2016/10/16,楚天激光集团股份有限公司,100,5.2,0,0,0,0,0
2016/10/16,楚天激光集团股份有限公司,60,5.2,43.2,0,15,23.4,4.8
2016/10/17,楚天激光集团股份有限公司,1000,6.2,420,0,140,210,70
2016/10/17,楚天激光集团股份有限公司,100,5.2,0,0,0,0,0
2016/10/17,楚天激光集团股份有限公司,60,5.2,52.2,0,17.4,29.4,5.4
2016/10/18,楚天激光集团股份有限公司,1000,6.2,390,0,140,210,50
2016/10/18,楚天激光集团股份有限公司,100,5.2,0,0,0,0,0
2016/10/18,楚天激光集团股份有限公司,60,5.2,55.2,0,17.4,33,4.8
2016/10/19,楚天激光集团股份有限公司,1000,6.2,440,0,140,230,60
2016/10/19,楚天激光集团股份有限公司,100,5.2,0,0,0,0,0
2016/10/19,楚天激光集团股份有限公司,60,5.2,64.8,0,18.6,40.8,5.4
2016/10/20,楚天激光集团股份有限公司,1000,6.2,380,0,120,180,80
2016/10/20,楚天激光集团股份有限公司,100,5.2,0,0,0,0,0
2016/10/20,楚天激光集团股份有限公司,60,5.2,66.6,0,19.8,42.6,4.2
2016/10/21,楚天激光集团股份有限公司,1000,6.2,420,0,140,200,80
2016/10/21,楚天激光集团股份有限公司,100,5.2,0,0,0,0,0
2016/10/21,楚天激光集团股份有限公司,60,5.2,72.6,0,21.6,46.8,4.2
2016/10/22,楚天激光集团股份有限公司,1000,6.2,400,0,130,210,70
2016/10/22,楚天激光集团股份有限公司,100,5.2,0,0,0,0,0
2016/10/22,楚天激光集团股份有限公司,60,5.2,51,0,18,28.8,4.2
2016/10/23,楚天激光集团股份有限公司,1000,6.2,440,0,140,220,80
2016/10/23,楚天激光集团股份有限公司,100,5.2,0,0,0,0,0
2016/10/23,楚天激光集团股份有限公司,60,5.2,51,0,15,28.2,7.8
2016/10/24,楚天激光集团股份有限公司,1000,6.2,460,0,140,240,70
2016/10/24,楚天激光集团股份有限公司,100,5.2,0,0,0,0,0
2016/10/24,楚天激光集团股份有限公司,60,5.2,49.8,0,17.4,29.4,3
2016/10/25,楚天激光集团股份有限公司,1000,6.2,390,0,120,210,60
2016/10/25,楚天激光集团股份有限公司,100,5.2,0,0,0,0,0
2016/10/25,楚天激光集团股份有限公司,60,5.2,49.2,0,16.8,27.6,4.8
2016/10/26,楚天激光集团股份有限公司,1000,6.2,500,0,160,260,80
2016/10/26,楚天激光集团股份有限公司,100,5.2,0,0,0,0,0
2016/10/26,楚天激光集团股份有限公司,60,5.2,50.4,0,16.8,27,6.6
2016/10/27,楚天激光集团股份有限公司,1000,6.2,480,0,140,250,90
2016/10/27,楚天激光集团股份有限公司,100,5.2,0,0,0,0,0
2016/10/27,楚天激光集团股份有限公司,60,5.2,48,0,14.4,27,6.6
2016/10/28,楚天激光集团股份有限公司,1000,6.2,470,0,120,270,80
2016/10/28,楚天激光集团股份有限公司,100,5.2,0,0,0,0,0
2016/10/28,楚天激光集团股份有限公司,60,5.2,45.6,0,15,27,3.6
2016/10/29,楚天激光集团股份有限公司,1000,6.2,600,0,160,350,90
2016/10/29,楚天激光集团股份有限公司,100,5.2,0,0,0,0,0
2016/10/29,楚天激光集团股份有限公司,60,5.2,55.8,0,18.6,31.8,5.4
2016/10/30,楚天激光集团股份有限公司,1000,6.2,490,0,120,280,90
2016/10/30,楚天激光集团股份有限公司,100,5.2,0,0,0,0,0
2016/10/30,楚天激光集团股份有限公司,60,5.2,64.2,0,19.8,36.6,7.8
2016/10/31,楚天激光集团股份有限公司,1000,6.2,490,0,130,260,100
2016/10/31,楚天激光集团股份有限公司,100,5.2,0,0,0,0,0
2016/10/31,楚天激光集团股份有限公司,60,5.2,64.8,0,18,37.8,9
2016/11/1,楚天激光集团股份有限公司,1000,6.2,480,0,140,250,90
2016/11/1,楚天激光集团股份有限公司,100,5.2,0,0,0,0,0
2016/11/1,楚天激光集团股份有限公司,60,5.2,67.8,0,19.8,42.6,5.4
2016/11/2,楚天激光集团股份有限公司,1000,6.2,440,0,120,220,100
2016/11/2,楚天激光集团股份有限公司,100,5.2,0,0,0,0,0
2016/11/2,楚天激光集团股份有限公司,60,5.2,59.4,0,16.2,36,7.2
2016/11/3,楚天激光集团股份有限公司,1000,6.2,400,0,120,260,10
2016/11/3,楚天激光集团股份有限公司,100,5.2,0,0,0,0,0
2016/11/3,楚天激光集团股份有限公司,60,5.2,58.2,0,18,38.4,1.8
2016/11/4,楚天激光集团股份有限公司,1000,6.2,440,0,120,240,100
2016/11/4,楚天激光集团股份有限公司,100,5.2,0,0,0,0,0
2016/11/4,楚天激光集团股份有限公司,60,5.2,66,0,22.2,39,4.8
2016/11/5,楚天激光集团股份有限公司,1000,6.2,440,0,130,220,80
2016/11/5,楚天激光集团股份有限公司,100,5.2,0,0,0,0,0
2016/11/5,楚天激光集团股份有限公司,60,5.2,63.6,0,18,37.2,8.4
2016/11/6,楚天激光集团股份有限公司,1000,6.2,470,0,140,270,70
2016/11/6,楚天激光集团股份有限公司,100,5.2,0,0,0,0,0
2016/11/6,楚天激光集团股份有限公司,60,5.2,72.6,0,23.4,40.2,9
2016/11/7,楚天激光集团股份有限公司,1000,6.2,430,0,110,240,70
2016/11/7,楚天激光集团股份有限公司,100,5.2,0,0,0,0,0
2016/11/7,楚天激光集团股份有限公司,60,5.2,68.4,0,18,37.2,13.2
2016/11/8,楚天激光集团股份有限公司,1000,6.2,520,0,160,290,70
2016/11/8,楚天激光集团股份有限公司,100,5.2,0,0,0,0,0
2016/11/8,楚天激光集团股份有限公司,60,5.2,48.6,0,16.2,30,2.4
2016/11/9,楚天激光集团股份有限公司,1000,6.2,320,0,100,150,80
2016/11/9,楚天激光集团股份有限公司,100,5.2,0,0,0,0,0
2016/11/9,楚天激光集团股份有限公司,60,5.2,49.8,0,17.4,25.8,6.6
2016/11/10,楚天激光集团股份有限公司,1000,6.2,360,0,100,190,60
2016/11/10,楚天激光集团股份有限公司,100,5.2,0,0,0,0,0
2016/11/10,楚天激光集团股份有限公司,60,5.2,54.6,0,18,31.2,5.4
2016/11/11,楚天激光集团股份有限公司,1000,6.2,360,0,110,180,80
2016/11/11,楚天激光集团股份有限公司,100,5.2,0,0,0,0,0
2016/11/11,楚天激光集团股份有限公司,60,5.2,66,0,16.8,39,10.2
2016/11/12,楚天激光集团股份有限公司,1000,6.2,350,0,100,170,60
2016/11/12,楚天激光集团股份有限公司,100,5.2,0,0,0,0,0
2016/11/12,楚天激光集团股份有限公司,60,5.2,76.2,0,23.4,47.4,5.4
2016/11/13,楚天激光集团股份有限公司,1000,6.2,370,0,100,210,70
2016/11/13,楚天激光集团股份有限公司,100,5.2,0,0,0,0,0
2016/11/13,楚天激光集团股份有限公司,60,5.2,75.6,0,17.4,47.4,10.8
2016/11/14,楚天激光集团股份有限公司,1000,6.2,430,0,130,240,70
2016/11/14,楚天激光集团股份有限公司,100,5.2,0,0,0,0,0
2016/11/14,楚天激光集团股份有限公司,60,5.2,72,0,21,46.2,4.8
2016/11/15,楚天激光集团股份有限公司,1000,6.2,370,0,100,210,50
2016/11/15,楚天激光集团股份有限公司,100,5.2,0,0,0,0,0
2016/11/15,楚天激光集团股份有限公司,60,5.2,67.8,0,19.2,45,3.6
2016/11/16,楚天激光集团股份有限公司,1000,6.2,410,0,110,220,70
2016/11/16,楚天激光集团股份有限公司,100,5.2,0,0,0,0,0
2016/11/16,楚天激光集团股份有限公司,60,5.2,72,0,22.8,44.4,4.8
2016/11/17,楚天激光集团股份有限公司,1000,6.2,390,0,90,220,90
2016/11/17,楚天激光集团股份有限公司,100,5.2,0,0,0,0,0
2016/11/17,楚天激光集团股份有限公司,60,5.2,99,0,28.8,61.2,9
2016/11/18,楚天激光集团股份有限公司,1000,6.2,410,0,120,220,70
2016/11/18,楚天激光集团股份有限公司,100,5.2,0,0,0,0,0
2016/11/18,楚天激光集团股份有限公司,60,5.2,130.8,0,47.4,75,8.4
2016/11/19,楚天激光集团股份有限公司,1000,6.2,360,0,110,210,40
2016/11/19,楚天激光集团股份有限公司,100,5.2,0,0,0,0,0
2016/11/19,楚天激光集团股份有限公司,60,5.2,123,0,37.2,77.4,8.4
2016/11/20,楚天激光集团股份有限公司,1000,6.2,380,0,120,210,60
2016/11/20,楚天激光集团股份有限公司,100,5.2,0,0,0,0,0
2016/11/20,楚天激光集团股份有限公司,60,5.2,132,0,45.6,72,14.4
2016/11/21,楚天激光集团股份有限公司,1000,6.2,400,0,110,230,50
2016/11/21,楚天激光集团股份有限公司,100,5.2,0,0,0,0,0
2016/11/21,楚天激光集团股份有限公司,60,5.2,104.4,0,30,68.4,6
2016/11/22,楚天激光集团股份有限公司,1000,6.2,360,0,110,200,50
2016/11/22,楚天激光集团股份有限公司,100,5.2,0,0,0,0,0
2016/11/22,楚天激光集团股份有限公司,60,5.2,118.2,0,41.4,70.8,6
2016/11/23,楚天激光集团股份有限公司,1000,6.2,370,0,100,200,70
2016/11/23,楚天激光集团股份有限公司,100,5.2,0,0,0,0,0
2016/11/23,楚天激光集团股份有限公司,60,5.2,118.8,0,39.6,73.2,6
2016/11/24,楚天激光集团股份有限公司,1000,6.2,360,0,90,200,60
2016/11/24,楚天激光集团股份有限公司,100,5.2,0,0,0,0,0
2016/11/24,楚天激光集团股份有限公司,60,5.2,121.8,0,36.6,72,13.2
2016/11/25,楚天激光集团股份有限公司,1000,6.2,380,0,120,210,60
2016/11/25,楚天激光集团股份有限公司,100,5.2,0,0,0,0,0
2016/11/25,楚天激光集团股份有限公司,60,5.2,102.6,0,33.6,58.8,10.2
2016/11/26,楚天激光集团股份有限公司,1000,6.2,340,0,110,180,60
2016/11/26,楚天激光集团股份有限公司,100,5.2,0,0,0,0,0
2016/11/26,楚天激光集团股份有限公司,60,5.2,82.8,0,25.2,45,12.6
2016/11/27,楚天激光集团股份有限公司,1000,6.2,340,0,100,180,60
2016/11/27,楚天激光集团股份有限公司,100,5.2,0,0,0,0,0
2016/11/27,楚天激光集团股份有限公司,60,5.2,90.6,0,30.6,47.4,12.6
2016/11/28,楚天激光集团股份有限公司,1000,6.2,340,0,100,180,60
2016/11/28,楚天激光集团股份有限公司,100,5.2,0,0,0,0,0
2016/11/28,楚天激光集团股份有限公司,60,5.2,85.8,0,30.6,46.8,8.4
2016/11/29,楚天激光集团股份有限公司,1000,6.2,350,0,100,190,60
2016/11/29,楚天激光集团股份有限公司,100,5.2,0,0,0,0,0
2016/11/29,楚天激光集团股份有限公司,60,5.2,83.4,0,27.6,45.6,10.2
